bin_size_m,route_bin_id,route_start_m,route_end_m,route_center_m,sample_count,dwell_seconds,eligible,locked_role,target_route_fraction,selection_basis
10,0,0.000000,9.651306,4.825653,64,32.103000,True,binning_sensitivity_only,,geometry_sample_count_and_dwell_only
10,1,10.542096,19.973947,15.258021,22,10.646000,True,binning_sensitivity_only,,geometry_sample_count_and_dwell_only
10,2,21.017409,29.955525,25.486467,21,10.193000,True,binning_sensitivity_only,,geometry_sample_count_and_dwell_only
10,3,30.846314,39.170837,35.008575,22,10.691000,True,binning_sensitivity_only,,geometry_sample_count_and_dwell_only
10,4,40.115986,49.408954,44.762470,21,10.294000,True,binning_sensitivity_only,,geometry_sample_count_and_dwell_only
10,5,50.375275,59.229036,54.802156,20,9.609000,True,binning_sensitivity_only,,geometry_sample_count_and_dwell_only
10,6,60.129898,69.343600,64.736749,22,10.709000,True,binning_sensitivity_only,,geometry_sample_count_and_dwell_only
10,7,70.244462,79.626464,74.935463,25,12.342000,True,binning_sensitivity_only,,geometry_sample_count_and_dwell_only
10,8,80.517255,89.844700,85.180978,23,11.349000,True,binning_sensitivity_only,,geometry_sample_count_and_dwell_only
10,9,90.765704,99.829016,95.297360,22,10.741000,True,binning_sensitivity_only,,geometry_sample_count_and_dwell_only
10,10,100.872481,109.200729,105.036605,19,9.168000,False,binning_sensitivity_only,,geometry_sample_count_and_dwell_only
10,11,110.091521,119.472602,114.782061,24,11.718000,True,binning_sensitivity_only,,geometry_sample_count_and_dwell_only
10,12,120.331833,129.622400,124.977117,21,10.224000,True,binning_sensitivity_only,,geometry_sample_count_and_dwell_only
10,13,130.567555,139.718102,135.142828,22,10.678000,True,binning_sensitivity_only,,geometry_sample_count_and_dwell_only
10,14,140.684427,149.169039,144.926733,20,9.736000,True,binning_sensitivity_only,,geometry_sample_count_and_dwell_only
10,15,150.114194,159.391289,154.752741,21,10.223000,True,binning_sensitivity_only,,geometry_sample_count_and_dwell_only
10,16,160.312295,169.621935,164.967115,24,11.787000,True,binning_sensitivity_only,,geometry_sample_count_and_dwell_only
10,17,170.481167,178.889686,174.685427,21,10.189000,True,binning_sensitivity_only,,geometry_sample_count_and_dwell_only
10,18,180.179291,189.692518,184.935905,24,11.699000,True,binning_sensitivity_only,,geometry_sample_count_and_dwell_only
10,19,190.581003,199.093022,194.837012,19,9.180000,False,binning_sensitivity_only,,geometry_sample_count_and_dwell_only
10,20,200.073068,209.464237,204.768653,24,11.685000,True,binning_sensitivity_only,,geometry_sample_count_and_dwell_only
10,21,210.385240,219.584324,214.984782,22,10.744000,True,binning_sensitivity_only,,geometry_sample_count_and_dwell_only
10,22,220.357630,229.667940,225.012785,23,11.239000,True,binning_sensitivity_only,,geometry_sample_count_and_dwell_only
10,23,230.558731,239.572865,235.065798,22,10.718000,True,binning_sensitivity_only,,geometry_sample_count_and_dwell_only
10,24,240.432093,248.616079,244.524086,29,14.306000,True,binning_sensitivity_only,,geometry_sample_count_and_dwell_only
15,0,0.000000,14.174150,7.087075,74,37.182000,True,not_selected,,geometry_sample_count_and_dwell_only
15,1,15.217613,29.955525,22.586569,33,16.269000,True,not_selected,,geometry_sample_count_and_dwell_only
15,2,30.846314,44.781865,37.814090,34,16.864000,True,not_selected,,geometry_sample_count_and_dwell_only
15,3,45.641092,59.229036,52.435064,29,14.252000,True,spatial_validation_1,0.200000,geometry_sample_count_and_dwell_only
15,4,60.129898,73.976031,67.052965,33,16.339000,True,not_selected,,geometry_sample_count_and_dwell_only
15,5,75.011034,89.844700,82.427867,37,18.578000,True,spatial_validation_2,0.350000,geometry_sample_count_and_dwell_only
15,6,90.765704,104.734361,97.750032,31,15.374000,True,not_selected,,geometry_sample_count_and_dwell_only
15,7,105.625153,119.472602,112.548877,34,16.752000,True,not_selected,,geometry_sample_count_and_dwell_only
15,8,120.331833,134.312002,127.321918,31,15.318000,True,calibration,0.500000,geometry_sample_count_and_dwell_only
15,9,135.202795,149.169039,142.185917,32,15.815000,True,not_selected,,geometry_sample_count_and_dwell_only
15,10,150.114194,164.747111,157.430652,33,16.388000,True,spatial_validation_3,0.650000,geometry_sample_count_and_dwell_only
15,11,165.637904,178.889686,172.263795,33,16.286000,True,not_selected,,geometry_sample_count_and_dwell_only
15,12,180.179291,194.460089,187.319690,34,16.763000,True,not_selected,,geometry_sample_count_and_dwell_only
15,13,195.408849,209.464237,202.436543,33,16.299000,True,spatial_validation_4,0.800000,geometry_sample_count_and_dwell_only
15,14,210.385240,224.727678,217.556459,33,16.344000,True,not_selected,,geometry_sample_count_and_dwell_only
15,15,225.490874,239.572865,232.531869,34,16.868000,True,not_selected,,geometry_sample_count_and_dwell_only
15,16,240.432093,248.616079,244.524086,29,14.306000,True,not_selected,,geometry_sample_count_and_dwell_only
20,0,0.000000,19.973947,9.986974,86,43.251000,True,binning_sensitivity_only,,geometry_sample_count_and_dwell_only
20,1,21.017409,39.170837,30.094123,43,21.409000,True,binning_sensitivity_only,,geometry_sample_count_and_dwell_only
20,2,40.115986,59.229036,49.672511,41,20.428000,True,binning_sensitivity_only,,geometry_sample_count_and_dwell_only
20,3,60.129898,79.626464,69.878181,47,23.560000,True,binning_sensitivity_only,,geometry_sample_count_and_dwell_only
20,4,80.517255,99.829016,90.173135,45,22.613000,True,binning_sensitivity_only,,geometry_sample_count_and_dwell_only
20,5,100.872481,119.472602,110.172542,43,21.386000,True,binning_sensitivity_only,,geometry_sample_count_and_dwell_only
20,6,120.331833,139.718102,130.024967,43,21.405000,True,binning_sensitivity_only,,geometry_sample_count_and_dwell_only
20,7,140.684427,159.391289,150.037858,41,20.459000,True,binning_sensitivity_only,,geometry_sample_count_and_dwell_only
20,8,160.312295,178.889686,169.600991,45,22.477000,True,binning_sensitivity_only,,geometry_sample_count_and_dwell_only
20,9,180.179291,199.093022,189.636157,43,21.379000,True,binning_sensitivity_only,,geometry_sample_count_and_dwell_only
20,10,200.073068,219.584324,209.828696,46,22.929000,True,binning_sensitivity_only,,geometry_sample_count_and_dwell_only
20,11,220.357630,239.572865,229.965248,45,22.457000,True,binning_sensitivity_only,,geometry_sample_count_and_dwell_only
20,12,240.432093,248.616079,244.524086,29,14.306000,True,binning_sensitivity_only,,geometry_sample_count_and_dwell_only
