real_rf_state_id,dwell_runs,total_seconds,duration_seconds_mean,duration_seconds_p50,duration_seconds_p90,duration_seconds_max
rsrp=-100|rsrq=-11|snr=4,6,12,2,2,2,2
rsrp=-101|rsrq=-11|snr=2,6,12,2,2,2,2
rsrp=-101|rsrq=-14|snr=-2,6,12,2,2,2,2
rsrp=-97|rsrq=-16|snr=7,5,12,2.4,2,3.2,4
rsrp=-101|rsrq=-16|snr=5,4,11,2.75,2,4.1,5
rsrp=-98|rsrq=-16|snr=6,5,11,2.2,2,2.6,3
rsrp=-100|rsrq=-10|snr=7,6,10,1.66666666667,2,2,2
rsrp=-100|rsrq=-11|snr=3,6,10,1.66666666667,2,2,2
rsrp=-100|rsrq=-12|snr=4,5,10,2,2,2,2
rsrp=-100|rsrq=-13|snr=3,5,10,2,2,2,2
rsrp=-101|rsrq=-11|snr=5,5,10,2,2,2,2
rsrp=-101|rsrq=-12|snr=2,5,10,2,2,2,2
rsrp=-80|rsrq=-10|snr=0,3,10,3.33333333333,2,5.2,6
rsrp=-81|rsrq=-10|snr=3,5,10,2,2,2,2
rsrp=-92|rsrq=-13|snr=2,5,10,2,2,2,2
rsrp=-97|rsrq=-16|snr=5,5,10,2,2,2,2
rsrp=-98|rsrq=-12|snr=2,6,10,1.66666666667,2,2,2
rsrp=-99|rsrq=-12|snr=4,4,10,2.5,2,3.4,4
rsrp=-104|rsrq=-16|snr=0,4,9,2.25,2,2.7,3
rsrp=-100|rsrq=-10|snr=3,5,8,1.6,2,2,2
rsrp=-100|rsrq=-11|snr=1,4,8,2,2,2,2
rsrp=-100|rsrq=-11|snr=5,6,8,1.33333333333,1,2,2
rsrp=-100|rsrq=-11|snr=7,4,8,2,2,2,2
rsrp=-100|rsrq=-14|snr=7,4,8,2,2,2,2
rsrp=-101|rsrq=-11|snr=3,5,8,1.6,2,2,2
rsrp=-101|rsrq=-12|snr=-1,4,8,2,2,2,2
rsrp=-101|rsrq=-12|snr=1,4,8,2,2,2,2
rsrp=-101|rsrq=-13|snr=-2,4,8,2,2,2,2
rsrp=-101|rsrq=-14|snr=0,6,8,1.33333333333,1,2,2
rsrp=-104|rsrq=-14|snr=-2,5,8,1.6,2,2,2
rsrp=-104|rsrq=-18|snr=0,4,8,2,2,2,2
rsrp=-80|rsrq=-10|snr=2,4,8,2,2,2,2
rsrp=-81|rsrq=-10|snr=4,4,8,2,1.5,3.4,4
rsrp=-90|rsrq=-11|snr=3,4,8,2,2,2,2
rsrp=-90|rsrq=-12|snr=0,4,8,2,2,2,2
rsrp=-90|rsrq=-13|snr=1,4,8,2,2,2,2
rsrp=-91|rsrq=-14|snr=-1,4,8,2,2,2,2
rsrp=-98|rsrq=-14|snr=4,5,8,1.6,2,2,2
rsrp=-98|rsrq=-15|snr=2,3,8,2.66666666667,2,3.6,4
rsrp=-99|rsrq=-10|snr=3,4,8,2,2,2,2
rsrp=-99|rsrq=-11|snr=1,4,8,2,2,2,2
rsrp=-99|rsrq=-13|snr=-2,4,8,2,2,2,2
rsrp=-99|rsrq=-13|snr=7,5,8,1.6,2,2,2
rsrp=-99|rsrq=-15|snr=3,4,8,2,2,2,2
rsrp=-99|rsrq=-9|snr=8,3,8,2.66666666667,2,3.6,4
rsrp=-103|rsrq=-15|snr=0,3,7,2.33333333333,2,2.8,3
rsrp=-96|rsrq=-15|snr=5,3,7,2.33333333333,2,2.8,3
rsrp=-98|rsrq=-17|snr=3,3,7,2.33333333333,2,2.8,3
rsrp=-99|rsrq=-16|snr=6,3,7,2.33333333333,2,2.8,3
rsrp=-100|rsrq=-10|snr=0,3,6,2,2,2,2
rsrp=-100|rsrq=-10|snr=1,3,6,2,2,2,2
rsrp=-100|rsrq=-10|snr=2,4,6,1.5,1.5,2,2
rsrp=-100|rsrq=-10|snr=4,3,6,2,2,2,2
rsrp=-100|rsrq=-12|snr=0,3,6,2,2,2,2
rsrp=-100|rsrq=-12|snr=2,3,6,2,2,2,2
rsrp=-100|rsrq=-12|snr=5,3,6,2,2,2,2
rsrp=-100|rsrq=-13|snr=4,3,6,2,2,2,2
rsrp=-100|rsrq=-14|snr=3,4,6,1.5,1.5,2,2
rsrp=-100|rsrq=-14|snr=4,3,6,2,2,2,2
rsrp=-100|rsrq=-15|snr=2,3,6,2,2,2,2
rsrp=-101|rsrq=-10|snr=6,3,6,2,2,2,2
rsrp=-101|rsrq=-11|snr=6,3,6,2,2,2,2
rsrp=-101|rsrq=-12|snr=3,3,6,2,2,2,2
rsrp=-101|rsrq=-13|snr=-3,3,6,2,2,2,2
rsrp=-101|rsrq=-13|snr=1,3,6,2,2,2,2
rsrp=-101|rsrq=-14|snr=1,3,6,2,2,2,2
rsrp=-101|rsrq=-15|snr=0,4,6,1.5,1.5,2,2
rsrp=-101|rsrq=-15|snr=1,3,6,2,2,2,2
rsrp=-101|rsrq=-15|snr=3,4,6,1.5,1.5,2,2
rsrp=-101|rsrq=-15|snr=5,3,6,2,2,2,2
rsrp=-101|rsrq=-16|snr=-1,3,6,2,2,2,2
rsrp=-102|rsrq=-12|snr=7,3,6,2,2,2,2
rsrp=-103|rsrq=-13|snr=-1,3,6,2,2,2,2
rsrp=-103|rsrq=-17|snr=0,3,6,2,2,2,2
rsrp=-103|rsrq=-17|snr=1,3,6,2,2,2,2
rsrp=-104|rsrq=-17|snr=1,3,6,2,2,2,2
rsrp=-105|rsrq=-18|snr=1,3,6,2,2,2,2
rsrp=-80|rsrq=-10|snr=3,3,6,2,2,2,2
rsrp=-80|rsrq=-11|snr=0,3,6,2,2,2,2
rsrp=-80|rsrq=-11|snr=1,3,6,2,2,2,2
rsrp=-81|rsrq=-10|snr=2,3,6,2,2,2,2
rsrp=-81|rsrq=-11|snr=2,3,6,2,2,2,2
rsrp=-90|rsrq=-12|snr=-1,3,6,2,2,2,2
rsrp=-90|rsrq=-12|snr=2,3,6,2,2,2,2
rsrp=-90|rsrq=-14|snr=-8,3,6,2,2,2,2
rsrp=-90|rsrq=-15|snr=-1,4,6,1.5,1.5,2,2
rsrp=-91|rsrq=-12|snr=1,3,6,2,2,2,2
rsrp=-91|rsrq=-13|snr=0,3,6,2,2,2,2
rsrp=-91|rsrq=-13|snr=1,3,6,2,2,2,2
rsrp=-92|rsrq=-13|snr=1,3,6,2,2,2,2
rsrp=-92|rsrq=-14|snr=-6,3,6,2,2,2,2
rsrp=-93|rsrq=-14|snr=0,3,6,2,2,2,2
rsrp=-93|rsrq=-16|snr=-3,3,6,2,2,2,2
rsrp=-96|rsrq=-15|snr=4,3,6,2,2,2,2
rsrp=-96|rsrq=-16|snr=5,2,6,3,3,3.8,4
rsrp=-97|rsrq=-12|snr=4,3,6,2,2,2,2
rsrp=-97|rsrq=-14|snr=-1,3,6,2,2,2,2
rsrp=-97|rsrq=-14|snr=6,3,6,2,2,2,2
rsrp=-98|rsrq=-11|snr=-1,3,6,2,2,2,2
rsrp=-98|rsrq=-11|snr=8,3,6,2,2,2,2
rsrp=-98|rsrq=-12|snr=3,3,6,2,2,2,2
rsrp=-98|rsrq=-12|snr=5,3,6,2,2,2,2
rsrp=-98|rsrq=-12|snr=9,3,6,2,2,2,2
rsrp=-98|rsrq=-13|snr=-1,3,6,2,2,2.8,3
rsrp=-98|rsrq=-14|snr=3,3,6,2,2,2,2
rsrp=-98|rsrq=-14|snr=7,4,6,1.5,1.5,2,2
rsrp=-98|rsrq=-15|snr=5,3,6,2,2,2,2
rsrp=-98|rsrq=-16|snr=2,3,6,2,2,2,2
rsrp=-99|rsrq=-10|snr=8,4,6,1.5,1.5,2,2
rsrp=-99|rsrq=-11|snr=2,3,6,2,2,2,2
rsrp=-99|rsrq=-11|snr=3,3,6,2,2,2,2
rsrp=-99|rsrq=-11|snr=4,3,6,2,2,2,2
rsrp=-99|rsrq=-11|snr=5,3,6,2,2,2,2
rsrp=-99|rsrq=-12|snr=3,3,6,2,2,2,2
rsrp=-99|rsrq=-13|snr=0,3,6,2,2,2,2
rsrp=-99|rsrq=-13|snr=1,3,6,2,2,2,2
rsrp=-99|rsrq=-13|snr=2,3,6,2,2,2,2
rsrp=-99|rsrq=-14|snr=-1,3,6,2,2,2,2
rsrp=-99|rsrq=-15|snr=5,3,6,2,2,2,2
rsrp=-100|rsrq=-14|snr=6,2,5,2.5,2.5,2.9,3
rsrp=-102|rsrq=-14|snr=0,4,5,1.25,1,1.7,2
rsrp=-102|rsrq=-17|snr=1,3,5,1.66666666667,1,2.6,3
rsrp=-104|rsrq=-14|snr=-4,2,5,2.5,2.5,2.9,3
rsrp=-89|rsrq=-11|snr=1,4,5,1.25,1,1.7,2
rsrp=-97|rsrq=-16|snr=4,2,5,2.5,2.5,2.9,3
rsrp=-98|rsrq=-15|snr=6,2,5,2.5,2.5,2.9,3
rsrp=-98|rsrq=-17|snr=4,2,5,2.5,2.5,2.9,3
rsrp=-99|rsrq=-10|snr=2,3,5,1.66666666667,2,2,2
rsrp=-100|rsrq=-10|snr=-1,2,4,2,2,2,2
rsrp=-100|rsrq=-10|snr=8,2,4,2,2,2,2
rsrp=-100|rsrq=-11|snr=-1,2,4,2,2,2,2
rsrp=-100|rsrq=-11|snr=-2,2,4,2,2,2,2
rsrp=-100|rsrq=-11|snr=10,2,4,2,2,2,2
rsrp=-100|rsrq=-11|snr=2,2,4,2,2,2,2
rsrp=-100|rsrq=-11|snr=6,2,4,2,2,2,2
rsrp=-100|rsrq=-12|snr=-2,2,4,2,2,2,2
rsrp=-100|rsrq=-12|snr=6,2,4,2,2,2,2
rsrp=-100|rsrq=-12|snr=7,2,4,2,2,2,2
rsrp=-100|rsrq=-13|snr=-1,2,4,2,2,2,2
rsrp=-100|rsrq=-13|snr=2,4,4,1,1,1,1
rsrp=-100|rsrq=-14|snr=-1,2,4,2,2,2,2
rsrp=-100|rsrq=-14|snr=-3,2,4,2,2,2,2
rsrp=-100|rsrq=-14|snr=0,2,4,2,2,2,2
rsrp=-100|rsrq=-14|snr=1,2,4,2,2,2,2
rsrp=-100|rsrq=-14|snr=8,2,4,2,2,2,2
rsrp=-100|rsrq=-15|snr=-1,2,4,2,2,2,2
rsrp=-100|rsrq=-15|snr=-2,2,4,2,2,2,2
rsrp=-100|rsrq=-15|snr=1,2,4,2,2,2,2
rsrp=-100|rsrq=-15|snr=3,2,4,2,2,2,2
rsrp=-100|rsrq=-15|snr=6,2,4,2,2,2,2
rsrp=-100|rsrq=-16|snr=0,2,4,2,2,2,2
rsrp=-100|rsrq=-16|snr=5,3,4,1.33333333333,1,1.8,2
rsrp=-100|rsrq=-16|snr=7,2,4,2,2,2.8,3
rsrp=-100|rsrq=-17|snr=1,1,4,4,4,4,4
rsrp=-100|rsrq=-17|snr=2,2,4,2,2,2,2
rsrp=-101|rsrq=-10|snr=4,2,4,2,2,2,2
rsrp=-101|rsrq=-11|snr=-1,2,4,2,2,2,2
rsrp=-101|rsrq=-11|snr=0,2,4,2,2,2,2
rsrp=-101|rsrq=-11|snr=1,2,4,2,2,2,2
rsrp=-101|rsrq=-12|snr=-3,2,4,2,2,2,2
rsrp=-101|rsrq=-12|snr=4,2,4,2,2,2,2
rsrp=-101|rsrq=-12|snr=6,2,4,2,2,2,2
rsrp=-101|rsrq=-13|snr=-4,2,4,2,2,2,2
rsrp=-101|rsrq=-13|snr=2,2,4,2,2,2,2
rsrp=-101|rsrq=-13|snr=3,2,4,2,2,2,2
rsrp=-101|rsrq=-13|snr=4,2,4,2,2,2,2
rsrp=-101|rsrq=-13|snr=6,2,4,2,2,2,2
rsrp=-101|rsrq=-13|snr=7,2,4,2,2,2,2
rsrp=-101|rsrq=-14|snr=-4,3,4,1.33333333333,1,1.8,2
rsrp=-101|rsrq=-14|snr=2,3,4,1.33333333333,1,1.8,2
rsrp=-101|rsrq=-15|snr=-2,2,4,2,2,2,2
rsrp=-101|rsrq=-15|snr=-3,2,4,2,2,2,2
rsrp=-101|rsrq=-15|snr=9,2,4,2,2,2,2
rsrp=-101|rsrq=-16|snr=1,2,4,2,2,2,2
rsrp=-101|rsrq=-16|snr=2,2,4,2,2,2,2
rsrp=-101|rsrq=-16|snr=6,2,4,2,2,2,2
rsrp=-101|rsrq=-17|snr=2,2,4,2,2,2,2
rsrp=-101|rsrq=-17|snr=5,2,4,2,2,2,2
rsrp=-102|rsrq=-10|snr=8,2,4,2,2,2,2
rsrp=-102|rsrq=-11|snr=4,2,4,2,2,2,2
rsrp=-102|rsrq=-11|snr=6,3,4,1.33333333333,1,1.8,2
rsrp=-102|rsrq=-12|snr=0,2,4,2,2,2,2
rsrp=-102|rsrq=-12|snr=5,2,4,2,2,2,2
rsrp=-102|rsrq=-12|snr=6,2,4,2,2,2,2
rsrp=-102|rsrq=-15|snr=0,2,4,2,2,2,2
rsrp=-102|rsrq=-15|snr=2,2,4,2,2,2,2
rsrp=-102|rsrq=-16|snr=1,3,4,1.33333333333,1,1.8,2
rsrp=-103|rsrq=-11|snr=-4,2,4,2,2,2,2
rsrp=-103|rsrq=-11|snr=2,2,4,2,2,2,2
rsrp=-103|rsrq=-11|snr=5,2,4,2,2,2,2
rsrp=-103|rsrq=-12|snr=-3,2,4,2,2,2,2
rsrp=-103|rsrq=-12|snr=0,2,4,2,2,2,2
rsrp=-103|rsrq=-12|snr=1,3,4,1.33333333333,1,1.8,2
rsrp=-103|rsrq=-12|snr=2,2,4,2,2,2,2
rsrp=-103|rsrq=-13|snr=1,2,4,2,2,2,2
rsrp=-103|rsrq=-13|snr=3,3,4,1.33333333333,1,1.8,2
rsrp=-103|rsrq=-14|snr=-1,2,4,2,2,2,2
rsrp=-103|rsrq=-15|snr=2,2,4,2,2,2,2
rsrp=-103|rsrq=-16|snr=-1,2,4,2,2,2,2
rsrp=-103|rsrq=-16|snr=4,1,4,4,4,4,4
rsrp=-103|rsrq=-9|snr=5,2,4,2,2,2,2
rsrp=-104|rsrq=-12|snr=-2,2,4,2,2,2,2
rsrp=-104|rsrq=-12|snr=1,2,4,2,2,2,2
rsrp=-104|rsrq=-12|snr=3,2,4,2,2,2,2
rsrp=-104|rsrq=-13|snr=2,2,4,2,2,2,2
rsrp=-104|rsrq=-13|snr=4,2,4,2,2,2,2
rsrp=-104|rsrq=-17|snr=-3,2,4,2,2,2,2
rsrp=-104|rsrq=-17|snr=0,2,4,2,2,2,2
rsrp=-104|rsrq=-18|snr=1,2,4,2,2,2,2
rsrp=-104|rsrq=-19|snr=1,2,4,2,2,2.8,3
rsrp=-105|rsrq=-14|snr=0,2,4,2,2,2,2
rsrp=-105|rsrq=-16|snr=-2,2,4,2,2,2,2
rsrp=-80|rsrq=-10|snr=-1,2,4,2,2,2,2
rsrp=-80|rsrq=-10|snr=1,2,4,2,2,2,2
rsrp=-80|rsrq=-9|snr=2,2,4,2,2,2,2
rsrp=-81|rsrq=-10|snr=1,1,4,4,4,4,4
rsrp=-81|rsrq=-11|snr=1,2,4,2,2,2,2
rsrp=-81|rsrq=-11|snr=3,2,4,2,2,2,2
rsrp=-81|rsrq=-11|snr=4,2,4,2,2,2,2
rsrp=-81|rsrq=-12|snr=3,3,4,1.33333333333,1,1.8,2
rsrp=-81|rsrq=-9|snr=4,2,4,2,2,2,2
rsrp=-88|rsrq=-11|snr=4,2,4,2,2,2,2
rsrp=-88|rsrq=-16|snr=1,2,4,2,2,2,2
rsrp=-88|rsrq=-17|snr=0,2,4,2,2,2,2
rsrp=-89|rsrq=-11|snr=7,2,4,2,2,2,2
rsrp=-89|rsrq=-12|snr=-7,3,4,1.33333333333,1,1.8,2
rsrp=-89|rsrq=-12|snr=1,3,4,1.33333333333,1,1.8,2
rsrp=-89|rsrq=-12|snr=3,1,4,4,4,4,4
rsrp=-89|rsrq=-12|snr=6,2,4,2,2,2,2
rsrp=-89|rsrq=-13|snr=-4,2,4,2,2,2,2
rsrp=-89|rsrq=-14|snr=2,2,4,2,2,2,2
rsrp=-89|rsrq=-14|snr=3,3,4,1.33333333333,1,1.8,2
rsrp=-89|rsrq=-15|snr=-2,2,4,2,2,2,2
rsrp=-89|rsrq=-15|snr=3,2,4,2,2,2,2
rsrp=-89|rsrq=-16|snr=-7,2,4,2,2,2,2
rsrp=-89|rsrq=-16|snr=2,2,4,2,2,2,2
rsrp=-89|rsrq=-16|snr=4,2,4,2,2,2,2
rsrp=-90|rsrq=-12|snr=4,2,4,2,2,2,2
rsrp=-90|rsrq=-13|snr=-1,3,4,1.33333333333,1,1.8,2
rsrp=-90|rsrq=-13|snr=-2,2,4,2,2,2,2
rsrp=-90|rsrq=-13|snr=-4,2,4,2,2,2,2
rsrp=-90|rsrq=-15|snr=7,1,4,4,4,4,4
rsrp=-90|rsrq=-16|snr=2,2,4,2,2,2,2
rsrp=-91|rsrq=-13|snr=-1,2,4,2,2,2,2
rsrp=-91|rsrq=-14|snr=-5,2,4,2,2,2,2
rsrp=-91|rsrq=-16|snr=-12,2,4,2,2,2,2
rsrp=-92|rsrq=-12|snr=1,2,4,2,2,2,2
rsrp=-92|rsrq=-12|snr=3,2,4,2,2,2,2
rsrp=-92|rsrq=-13|snr=0,2,4,2,2,2,2
rsrp=-92|rsrq=-14|snr=-1,2,4,2,2,2,2
rsrp=-92|rsrq=-15|snr=-4,2,4,2,2,2,2
rsrp=-93|rsrq=-12|snr=1,3,4,1.33333333333,1,1.8,2
rsrp=-93|rsrq=-13|snr=-3,2,4,2,2,2,2
rsrp=-93|rsrq=-13|snr=-9,2,4,2,2,2,2
rsrp=-93|rsrq=-13|snr=2,2,4,2,2,2,2
rsrp=-93|rsrq=-13|snr=3,1,4,4,4,4,4
rsrp=-93|rsrq=-14|snr=-1,2,4,2,2,2,2
rsrp=-93|rsrq=-14|snr=-9,2,4,2,2,2,2
rsrp=-94|rsrq=-13|snr=-3,2,4,2,2,2,2
rsrp=-95|rsrq=-11|snr=1,2,4,2,2,2,2
rsrp=-95|rsrq=-13|snr=3,2,4,2,2,2,2
rsrp=-95|rsrq=-15|snr=6,1,4,4,4,4,4
rsrp=-95|rsrq=-16|snr=-3,2,4,2,2,2,2
rsrp=-95|rsrq=-16|snr=5,2,4,2,2,2,2
rsrp=-96|rsrq=-10|snr=6,2,4,2,2,2,2
rsrp=-96|rsrq=-13|snr=4,2,4,2,2,2,2
rsrp=-96|rsrq=-13|snr=6,1,4,4,4,4,4
rsrp=-96|rsrq=-14|snr=0,2,4,2,2,2,2
rsrp=-96|rsrq=-15|snr=1,3,4,1.33333333333,1,1.8,2
rsrp=-96|rsrq=-15|snr=6,2,4,2,2,2,2
rsrp=-96|rsrq=-16|snr=0,2,4,2,2,2,2
rsrp=-96|rsrq=-16|snr=7,3,4,1.33333333333,1,1.8,2
rsrp=-96|rsrq=-16|snr=8,2,4,2,2,2,2
rsrp=-96|rsrq=-17|snr=4,2,4,2,2,2,2
rsrp=-96|rsrq=-17|snr=5,1,4,4,4,4,4
rsrp=-96|rsrq=-17|snr=6,2,4,2,2,2,2
rsrp=-97|rsrq=-11|snr=6,3,4,1.33333333333,1,1.8,2
rsrp=-97|rsrq=-12|snr=1,3,4,1.33333333333,1,1.8,2
rsrp=-97|rsrq=-13|snr=5,2,4,2,2,2,2
rsrp=-97|rsrq=-14|snr=1,2,4,2,2,2,2
rsrp=-97|rsrq=-14|snr=8,2,4,2,2,2,2
rsrp=-97|rsrq=-15|snr=-1,3,4,1.33333333333,1,1.8,2
rsrp=-97|rsrq=-15|snr=-3,2,4,2,2,2,2
rsrp=-97|rsrq=-15|snr=0,2,4,2,2,2,2
rsrp=-97|rsrq=-15|snr=1,2,4,2,2,2,2
rsrp=-97|rsrq=-15|snr=4,2,4,2,2,2,2
rsrp=-97|rsrq=-15|snr=6,2,4,2,2,2,2
rsrp=-97|rsrq=-15|snr=7,3,4,1.33333333333,1,1.8,2
rsrp=-97|rsrq=-17|snr=3,2,4,2,2,2,2
rsrp=-98|rsrq=-10|snr=1,1,4,4,4,4,4
rsrp=-98|rsrq=-10|snr=2,2,4,2,2,2,2
rsrp=-98|rsrq=-10|snr=4,2,4,2,2,2,2
rsrp=-98|rsrq=-11|snr=0,2,4,2,2,2,2
rsrp=-98|rsrq=-13|snr=1,2,4,2,2,2,2
rsrp=-98|rsrq=-13|snr=2,2,4,2,2,2,2
rsrp=-98|rsrq=-13|snr=4,2,4,2,2,2,2
rsrp=-98|rsrq=-13|snr=5,2,4,2,2,2,2
rsrp=-98|rsrq=-13|snr=9,3,4,1.33333333333,1,1.8,2
rsrp=-98|rsrq=-14|snr=1,3,4,1.33333333333,1,1.8,2
rsrp=-98|rsrq=-14|snr=2,1,4,4,4,4,4
rsrp=-98|rsrq=-15|snr=1,2,4,2,2,2,2
rsrp=-98|rsrq=-15|snr=4,2,4,2,2,2,2
rsrp=-98|rsrq=-16|snr=1,2,4,2,2,2,2
rsrp=-98|rsrq=-16|snr=3,2,4,2,2,2,2
rsrp=-98|rsrq=-16|snr=4,2,4,2,2,2,2
rsrp=-98|rsrq=-16|snr=9,3,4,1.33333333333,1,1.8,2
rsrp=-98|rsrq=-18|snr=1,2,4,2,2,2,2
rsrp=-99|rsrq=-10|snr=0,2,4,2,2,2,2
rsrp=-99|rsrq=-10|snr=1,2,4,2,2,2,2
rsrp=-99|rsrq=-10|snr=11,2,4,2,2,2,2
rsrp=-99|rsrq=-10|snr=6,2,4,2,2,2,2
rsrp=-99|rsrq=-11|snr=-1,2,4,2,2,2,2
rsrp=-99|rsrq=-11|snr=0,3,4,1.33333333333,1,1.8,2
rsrp=-99|rsrq=-11|snr=10,2,4,2,2,2,2
rsrp=-99|rsrq=-11|snr=6,2,4,2,2,2,2
rsrp=-99|rsrq=-11|snr=8,2,4,2,2,2,2
rsrp=-99|rsrq=-12|snr=-1,2,4,2,2,2,2
rsrp=-99|rsrq=-12|snr=5,2,4,2,2,2,2
rsrp=-99|rsrq=-13|snr=3,2,4,2,2,2,2
rsrp=-99|rsrq=-13|snr=4,2,4,2,2,2,2
rsrp=-99|rsrq=-13|snr=5,2,4,2,2,2,2
rsrp=-99|rsrq=-13|snr=8,2,4,2,2,2,2
rsrp=-99|rsrq=-14|snr=-2,2,4,2,2,2,2
rsrp=-99|rsrq=-14|snr=2,2,4,2,2,2,2
rsrp=-99|rsrq=-15|snr=-1,2,4,2,2,2,2
rsrp=-99|rsrq=-15|snr=1,2,4,2,2,2,2
rsrp=-99|rsrq=-16|snr=3,2,4,2,2,2,2
rsrp=-99|rsrq=-17|snr=2,3,4,1.33333333333,1,1.8,2
rsrp=-100|rsrq=-13|snr=1,2,3,1.5,1.5,1.9,2
rsrp=-103|rsrq=-16|snr=-5,1,3,3,3,3,3
rsrp=-103|rsrq=-16|snr=1,2,3,1.5,1.5,1.9,2
rsrp=-103|rsrq=-18|snr=2,1,3,3,3,3,3
rsrp=-104|rsrq=-12|snr=-3,1,3,3,3,3,3
rsrp=-104|rsrq=-18|snr=2,2,3,1.5,1.5,1.9,2
rsrp=-105|rsrq=-18|snr=0,1,3,3,3,3,3
rsrp=-94|rsrq=-16|snr=3,2,3,1.5,1.5,1.9,2
rsrp=-94|rsrq=-17|snr=4,1,3,3,3,3,3
rsrp=-95|rsrq=-13|snr=1,2,3,1.5,1.5,1.9,2
rsrp=-97|rsrq=-12|snr=11,2,3,1.5,1.5,1.9,2
rsrp=-97|rsrq=-13|snr=-2,1,3,3,3,3,3
rsrp=-97|rsrq=-16|snr=6,1,3,3,3,3,3
rsrp=-98|rsrq=-11|snr=5,2,3,1.5,1.5,1.9,2
rsrp=-99|rsrq=-16|snr=8,1,3,3,3,3,3
rsrp=-100|rsrq=-10|snr=-4,1,2,2,2,2,2
rsrp=-100|rsrq=-10|snr=-5,1,2,2,2,2,2
rsrp=-100|rsrq=-10|snr=-6,1,2,2,2,2,2
rsrp=-100|rsrq=-10|snr=-7,1,2,2,2,2,2
rsrp=-100|rsrq=-10|snr=10,1,2,2,2,2,2
rsrp=-100|rsrq=-10|snr=11,1,2,2,2,2,2
rsrp=-100|rsrq=-10|snr=9,1,2,2,2,2,2
rsrp=-100|rsrq=-11|snr=-3,1,2,2,2,2,2
rsrp=-100|rsrq=-11|snr=-4,1,2,2,2,2,2
rsrp=-100|rsrq=-11|snr=-9,1,2,2,2,2,2
rsrp=-100|rsrq=-11|snr=0,1,2,2,2,2,2
rsrp=-100|rsrq=-11|snr=11,1,2,2,2,2,2
rsrp=-100|rsrq=-11|snr=8,1,2,2,2,2,2
rsrp=-100|rsrq=-12|snr=-1,1,2,2,2,2,2
rsrp=-100|rsrq=-12|snr=-4,1,2,2,2,2,2
rsrp=-100|rsrq=-12|snr=-5,1,2,2,2,2,2
rsrp=-100|rsrq=-12|snr=1,1,2,2,2,2,2
rsrp=-100|rsrq=-12|snr=3,1,2,2,2,2,2
rsrp=-100|rsrq=-12|snr=8,1,2,2,2,2,2
rsrp=-100|rsrq=-13|snr=-2,1,2,2,2,2,2
rsrp=-100|rsrq=-13|snr=-4,2,2,1,1,1,1
rsrp=-100|rsrq=-13|snr=-7,1,2,2,2,2,2
rsrp=-100|rsrq=-13|snr=0,1,2,2,2,2,2
rsrp=-100|rsrq=-13|snr=10,2,2,1,1,1,1
rsrp=-100|rsrq=-13|snr=11,1,2,2,2,2,2
rsrp=-100|rsrq=-13|snr=5,1,2,2,2,2,2
rsrp=-100|rsrq=-13|snr=6,1,2,2,2,2,2
rsrp=-100|rsrq=-13|snr=7,1,2,2,2,2,2
rsrp=-100|rsrq=-14|snr=-2,2,2,1,1,1,1
rsrp=-100|rsrq=-14|snr=11,1,2,2,2,2,2
rsrp=-100|rsrq=-15|snr=-3,1,2,2,2,2,2
rsrp=-100|rsrq=-15|snr=0,1,2,2,2,2,2
rsrp=-100|rsrq=-15|snr=12,1,2,2,2,2,2
rsrp=-100|rsrq=-15|snr=5,2,2,1,1,1,1
rsrp=-100|rsrq=-15|snr=7,1,2,2,2,2,2
rsrp=-100|rsrq=-16|snr=1,1,2,2,2,2,2
rsrp=-100|rsrq=-16|snr=3,1,2,2,2,2,2
rsrp=-100|rsrq=-16|snr=6,1,2,2,2,2,2
rsrp=-100|rsrq=-17|snr=10,1,2,2,2,2,2
rsrp=-100|rsrq=-17|snr=7,1,2,2,2,2,2
rsrp=-100|rsrq=-18|snr=2,1,2,2,2,2,2
rsrp=-100|rsrq=-18|snr=9,1,2,2,2,2,2
rsrp=-100|rsrq=-19|snr=-1,1,2,2,2,2,2
rsrp=-100|rsrq=-19|snr=-3,1,2,2,2,2,2
rsrp=-100|rsrq=-9|snr=0,1,2,2,2,2,2
rsrp=-100|rsrq=-9|snr=12,1,2,2,2,2,2
rsrp=-100|rsrq=-9|snr=5,1,2,2,2,2,2
rsrp=-101|rsrq=-10|snr=-1,1,2,2,2,2,2
rsrp=-101|rsrq=-10|snr=1,1,2,2,2,2,2
rsrp=-101|rsrq=-10|snr=2,1,2,2,2,2,2
rsrp=-101|rsrq=-10|snr=5,1,2,2,2,2,2
rsrp=-101|rsrq=-10|snr=7,1,2,2,2,2,2
rsrp=-101|rsrq=-11|snr=-3,1,2,2,2,2,2
rsrp=-101|rsrq=-11|snr=-4,1,2,2,2,2,2
rsrp=-101|rsrq=-11|snr=10,1,2,2,2,2,2
rsrp=-101|rsrq=-11|snr=11,1,2,2,2,2,2
rsrp=-101|rsrq=-11|snr=4,1,2,2,2,2,2
rsrp=-101|rsrq=-11|snr=7,1,2,2,2,2,2
rsrp=-101|rsrq=-11|snr=8,1,2,2,2,2,2
rsrp=-101|rsrq=-12|snr=-2,1,2,2,2,2,2
rsrp=-101|rsrq=-12|snr=0,1,2,2,2,2,2
rsrp=-101|rsrq=-12|snr=5,1,2,2,2,2,2
rsrp=-101|rsrq=-12|snr=7,1,2,2,2,2,2
rsrp=-101|rsrq=-12|snr=8,1,2,2,2,2,2
rsrp=-101|rsrq=-13|snr=-1,1,2,2,2,2,2
rsrp=-101|rsrq=-13|snr=0,1,2,2,2,2,2
rsrp=-101|rsrq=-13|snr=8,1,2,2,2,2,2
rsrp=-101|rsrq=-14|snr=-1,1,2,2,2,2,2
rsrp=-101|rsrq=-14|snr=3,1,2,2,2,2,2
rsrp=-101|rsrq=-14|snr=5,1,2,2,2,2,2
rsrp=-101|rsrq=-14|snr=8,1,2,2,2,2,2
rsrp=-101|rsrq=-15|snr=-1,2,2,1,1,1,1
rsrp=-101|rsrq=-15|snr=-4,1,2,2,2,2,2
rsrp=-101|rsrq=-15|snr=2,1,2,2,2,2,2
rsrp=-101|rsrq=-15|snr=4,1,2,2,2,2,2
rsrp=-101|rsrq=-15|snr=8,1,2,2,2,2,2
rsrp=-101|rsrq=-16|snr=-2,1,2,2,2,2,2
rsrp=-101|rsrq=-16|snr=4,2,2,1,1,1,1
rsrp=-101|rsrq=-17|snr=-1,2,2,1,1,1,1
rsrp=-101|rsrq=-17|snr=10,1,2,2,2,2,2
rsrp=-101|rsrq=-18|snr=-2,1,2,2,2,2,2
rsrp=-101|rsrq=-18|snr=0,1,2,2,2,2,2
rsrp=-101|rsrq=-9|snr=-5,1,2,2,2,2,2
rsrp=-102|rsrq=-10|snr=-3,1,2,2,2,2,2
rsrp=-102|rsrq=-10|snr=11,1,2,2,2,2,2
rsrp=-102|rsrq=-10|snr=12,1,2,2,2,2,2
rsrp=-102|rsrq=-10|snr=2,1,2,2,2,2,2
rsrp=-102|rsrq=-10|snr=4,1,2,2,2,2,2
rsrp=-102|rsrq=-10|snr=6,1,2,2,2,2,2
rsrp=-102|rsrq=-10|snr=7,2,2,1,1,1,1
rsrp=-102|rsrq=-11|snr=-2,1,2,2,2,2,2
rsrp=-102|rsrq=-11|snr=-4,1,2,2,2,2,2
rsrp=-102|rsrq=-11|snr=0,1,2,2,2,2,2
rsrp=-102|rsrq=-11|snr=8,1,2,2,2,2,2
rsrp=-102|rsrq=-12|snr=-1,1,2,2,2,2,2
rsrp=-102|rsrq=-12|snr=2,1,2,2,2,2,2
rsrp=-102|rsrq=-13|snr=-2,1,2,2,2,2,2
rsrp=-102|rsrq=-13|snr=-6,1,2,2,2,2,2
rsrp=-102|rsrq=-13|snr=6,1,2,2,2,2,2
rsrp=-102|rsrq=-13|snr=8,1,2,2,2,2,2
rsrp=-102|rsrq=-14|snr=8,1,2,2,2,2,2
rsrp=-102|rsrq=-15|snr=-2,1,2,2,2,2,2
rsrp=-102|rsrq=-15|snr=-3,1,2,2,2,2,2
rsrp=-102|rsrq=-15|snr=4,1,2,2,2,2,2
rsrp=-102|rsrq=-16|snr=-4,1,2,2,2,2,2
rsrp=-102|rsrq=-16|snr=4,1,2,2,2,2,2
rsrp=-102|rsrq=-16|snr=6,1,2,2,2,2,2
rsrp=-102|rsrq=-16|snr=7,1,2,2,2,2,2
rsrp=-102|rsrq=-17|snr=-1,1,2,2,2,2,2
rsrp=-102|rsrq=-17|snr=-2,1,2,2,2,2,2
rsrp=-102|rsrq=-17|snr=0,1,2,2,2,2,2
rsrp=-102|rsrq=-17|snr=2,1,2,2,2,2,2
rsrp=-102|rsrq=-17|snr=4,1,2,2,2,2,2
rsrp=-102|rsrq=-17|snr=5,1,2,2,2,2,2
rsrp=-102|rsrq=-17|snr=6,1,2,2,2,2,2
rsrp=-102|rsrq=-18|snr=-1,1,2,2,2,2,2
rsrp=-102|rsrq=-18|snr=-3,1,2,2,2,2,2
rsrp=-102|rsrq=-18|snr=-4,1,2,2,2,2,2
rsrp=-102|rsrq=-18|snr=2,1,2,2,2,2,2
rsrp=-102|rsrq=-18|snr=3,1,2,2,2,2,2
rsrp=-103|rsrq=-10|snr=5,1,2,2,2,2,2
rsrp=-103|rsrq=-10|snr=6,1,2,2,2,2,2
rsrp=-103|rsrq=-11|snr=11,1,2,2,2,2,2
rsrp=-103|rsrq=-11|snr=4,1,2,2,2,2,2
rsrp=-103|rsrq=-11|snr=6,1,2,2,2,2,2
rsrp=-103|rsrq=-11|snr=9,1,2,2,2,2,2
rsrp=-103|rsrq=-12|snr=-2,1,2,2,2,2,2
rsrp=-103|rsrq=-12|snr=-5,1,2,2,2,2,2
rsrp=-103|rsrq=-12|snr=4,2,2,1,1,1,1
rsrp=-103|rsrq=-12|snr=5,1,2,2,2,2,2
rsrp=-103|rsrq=-12|snr=8,1,2,2,2,2,2
rsrp=-103|rsrq=-13|snr=-2,1,2,2,2,2,2
rsrp=-103|rsrq=-13|snr=-3,1,2,2,2,2,2
rsrp=-103|rsrq=-13|snr=-4,1,2,2,2,2,2
rsrp=-103|rsrq=-13|snr=10,1,2,2,2,2,2
rsrp=-103|rsrq=-14|snr=-3,2,2,1,1,1,1
rsrp=-103|rsrq=-14|snr=-7,1,2,2,2,2,2
rsrp=-103|rsrq=-14|snr=0,1,2,2,2,2,2
rsrp=-103|rsrq=-14|snr=1,2,2,1,1,1,1
rsrp=-103|rsrq=-14|snr=4,1,2,2,2,2,2
rsrp=-103|rsrq=-14|snr=7,1,2,2,2,2,2
rsrp=-103|rsrq=-15|snr=-1,1,2,2,2,2,2
rsrp=-103|rsrq=-15|snr=1,1,2,2,2,2,2
rsrp=-103|rsrq=-16|snr=-3,2,2,1,1,1,1
rsrp=-103|rsrq=-16|snr=0,2,2,1,1,1,1
rsrp=-103|rsrq=-16|snr=3,1,2,2,2,2,2
rsrp=-103|rsrq=-17|snr=-3,1,2,2,2,2,2
rsrp=-103|rsrq=-17|snr=2,2,2,1,1,1,1
rsrp=-103|rsrq=-17|snr=4,1,2,2,2,2,2
rsrp=-103|rsrq=-18|snr=-1,1,2,2,2,2,2
rsrp=-103|rsrq=-18|snr=-4,1,2,2,2,2,2
rsrp=-103|rsrq=-18|snr=0,1,2,2,2,2,2
rsrp=-103|rsrq=-18|snr=3,1,2,2,2,2,2
rsrp=-103|rsrq=-18|snr=7,1,2,2,2,2,2
rsrp=-103|rsrq=-19|snr=-2,2,2,1,1,1,1
rsrp=-103|rsrq=-19|snr=-3,1,2,2,2,2,2
rsrp=-103|rsrq=-19|snr=0,2,2,1,1,1,1
rsrp=-103|rsrq=-20|snr=-3,1,2,2,2,2,2
rsrp=-103|rsrq=-9|snr=-2,1,2,2,2,2,2
rsrp=-103|rsrq=-9|snr=6,1,2,2,2,2,2
rsrp=-104|rsrq=-11|snr=-2,1,2,2,2,2,2
rsrp=-104|rsrq=-11|snr=-5,1,2,2,2,2,2
rsrp=-104|rsrq=-11|snr=1,1,2,2,2,2,2
rsrp=-104|rsrq=-11|snr=2,1,2,2,2,2,2
rsrp=-104|rsrq=-11|snr=4,2,2,1,1,1,1
rsrp=-104|rsrq=-11|snr=5,2,2,1,1,1,1
rsrp=-104|rsrq=-11|snr=7,1,2,2,2,2,2
rsrp=-104|rsrq=-12|snr=-1,1,2,2,2,2,2
rsrp=-104|rsrq=-12|snr=-4,2,2,1,1,1,1
rsrp=-104|rsrq=-12|snr=5,1,2,2,2,2,2
rsrp=-104|rsrq=-13|snr=-4,1,2,2,2,2,2
rsrp=-104|rsrq=-13|snr=0,1,2,2,2,2,2
rsrp=-104|rsrq=-14|snr=-1,2,2,1,1,1,1
rsrp=-104|rsrq=-14|snr=-5,1,2,2,2,2,2
rsrp=-104|rsrq=-14|snr=2,1,2,2,2,2,2
rsrp=-104|rsrq=-14|snr=5,1,2,2,2,2,2
rsrp=-104|rsrq=-14|snr=6,1,2,2,2,2,2
rsrp=-104|rsrq=-15|snr=-2,1,2,2,2,2,2
rsrp=-104|rsrq=-15|snr=0,1,2,2,2,2,2
rsrp=-104|rsrq=-15|snr=1,1,2,2,2,2,2
rsrp=-104|rsrq=-15|snr=11,1,2,2,2,2,2
rsrp=-104|rsrq=-15|snr=3,1,2,2,2,2,2
rsrp=-104|rsrq=-16|snr=-1,1,2,2,2,2,2
rsrp=-104|rsrq=-16|snr=1,1,2,2,2,2,2
rsrp=-104|rsrq=-16|snr=2,1,2,2,2,2,2
rsrp=-104|rsrq=-17|snr=-1,1,2,2,2,2,2
rsrp=-104|rsrq=-17|snr=-2,1,2,2,2,2,2
rsrp=-104|rsrq=-17|snr=-5,1,2,2,2,2,2
rsrp=-104|rsrq=-17|snr=2,1,2,2,2,2,2
rsrp=-104|rsrq=-17|snr=5,1,2,2,2,2,2
rsrp=-104|rsrq=-18|snr=-1,1,2,2,2,2,2
rsrp=-104|rsrq=-18|snr=-3,1,2,2,2,2,2
rsrp=-104|rsrq=-18|snr=3,1,2,2,2,2,2
rsrp=-104|rsrq=-19|snr=-2,1,2,2,2,2,2
rsrp=-104|rsrq=-19|snr=0,2,2,1,1,1,1
rsrp=-104|rsrq=-19|snr=3,1,2,2,2,2,2
rsrp=-105|rsrq=-11|snr=10,1,2,2,2,2,2
rsrp=-105|rsrq=-11|snr=6,1,2,2,2,2,2
rsrp=-105|rsrq=-12|snr=-4,1,2,2,2,2,2
rsrp=-105|rsrq=-12|snr=-5,1,2,2,2,2,2
rsrp=-105|rsrq=-14|snr=-4,1,2,2,2,2,2
rsrp=-105|rsrq=-14|snr=1,1,2,2,2,2,2
rsrp=-105|rsrq=-14|snr=2,1,2,2,2,2,2
rsrp=-105|rsrq=-16|snr=4,1,2,2,2,2,2
rsrp=-105|rsrq=-17|snr=2,1,2,2,2,2,2
rsrp=-106|rsrq=-13|snr=1,1,2,2,2,2,2
rsrp=-107|rsrq=-14|snr=4,1,2,2,2,2,2
rsrp=-79|rsrq=-10|snr=2,1,2,2,2,2,2
rsrp=-79|rsrq=-11|snr=-5,1,2,2,2,2,2
rsrp=-79|rsrq=-11|snr=-6,1,2,2,2,2,2
rsrp=-80|rsrq=-10|snr=-4,1,2,2,2,2,2
rsrp=-80|rsrq=-10|snr=4,1,2,2,2,2,2
rsrp=-80|rsrq=-10|snr=5,1,2,2,2,2,2
rsrp=-80|rsrq=-11|snr=-3,1,2,2,2,2,2
rsrp=-80|rsrq=-11|snr=-4,1,2,2,2,2,2
rsrp=-80|rsrq=-13|snr=-1,1,2,2,2,2,2
rsrp=-80|rsrq=-13|snr=2,1,2,2,2,2,2
rsrp=-80|rsrq=-14|snr=-1,1,2,2,2,2,2
rsrp=-80|rsrq=-16|snr=1,1,2,2,2,2,2
rsrp=-80|rsrq=-16|snr=3,1,2,2,2,2,2
rsrp=-80|rsrq=-9|snr=1,1,2,2,2,2,2
rsrp=-80|rsrq=-9|snr=5,1,2,2,2,2,2
rsrp=-81|rsrq=-10|snr=-1,1,2,2,2,2,2
rsrp=-81|rsrq=-10|snr=-2,2,2,1,1,1,1
rsrp=-81|rsrq=-10|snr=-3,1,2,2,2,2,2
rsrp=-81|rsrq=-10|snr=0,1,2,2,2,2,2
rsrp=-81|rsrq=-10|snr=6,1,2,2,2,2,2
rsrp=-81|rsrq=-11|snr=-1,1,2,2,2,2,2
rsrp=-81|rsrq=-11|snr=0,1,2,2,2,2,2
rsrp=-81|rsrq=-12|snr=1,1,2,2,2,2,2
rsrp=-81|rsrq=-12|snr=6,1,2,2,2,2,2
rsrp=-81|rsrq=-13|snr=-1,1,2,2,2,2,2
rsrp=-81|rsrq=-13|snr=2,1,2,2,2,2,2
rsrp=-81|rsrq=-14|snr=1,1,2,2,2,2,2
rsrp=-81|rsrq=-15|snr=0,2,2,1,1,1,1
rsrp=-81|rsrq=-9|snr=1,1,2,2,2,2,2
rsrp=-81|rsrq=-9|snr=2,1,2,2,2,2,2
rsrp=-82|rsrq=-10|snr=2,1,2,2,2,2,2
rsrp=-83|rsrq=-11|snr=3,1,2,2,2,2,2
rsrp=-84|rsrq=-11|snr=2,1,2,2,2,2,2
rsrp=-87|rsrq=-11|snr=2,1,2,2,2,2,2
rsrp=-87|rsrq=-11|snr=4,1,2,2,2,2,2
rsrp=-87|rsrq=-13|snr=-4,1,2,2,2,2,2
rsrp=-87|rsrq=-14|snr=5,1,2,2,2,2,2
rsrp=-87|rsrq=-16|snr=-8,1,2,2,2,2,2
rsrp=-87|rsrq=-17|snr=-6,1,2,2,2,2,2
rsrp=-88|rsrq=-11|snr=-5,1,2,2,2,2,2
rsrp=-88|rsrq=-12|snr=1,1,2,2,2,2,2
rsrp=-88|rsrq=-12|snr=4,2,2,1,1,1,1
rsrp=-88|rsrq=-12|snr=7,1,2,2,2,2,2
rsrp=-88|rsrq=-14|snr=2,1,2,2,2,2,2
rsrp=-88|rsrq=-15|snr=-1,1,2,2,2,2,2
rsrp=-88|rsrq=-15|snr=-3,2,2,1,1,1,1
rsrp=-88|rsrq=-15|snr=0,1,2,2,2,2,2
rsrp=-88|rsrq=-15|snr=4,1,2,2,2,2,2
rsrp=-88|rsrq=-15|snr=8,1,2,2,2,2,2
rsrp=-88|rsrq=-16|snr=-4,1,2,2,2,2,2
rsrp=-88|rsrq=-16|snr=-5,1,2,2,2,2,2
rsrp=-88|rsrq=-17|snr=-7,1,2,2,2,2,2
rsrp=-88|rsrq=-18|snr=-8,1,2,2,2,2,2
rsrp=-89|rsrq=-10|snr=6,1,2,2,2,2,2
rsrp=-89|rsrq=-10|snr=7,1,2,2,2,2,2
rsrp=-89|rsrq=-11|snr=-7,1,2,2,2,2,2
rsrp=-89|rsrq=-11|snr=0,1,2,2,2,2,2
rsrp=-89|rsrq=-11|snr=3,1,2,2,2,2,2
rsrp=-89|rsrq=-11|snr=4,1,2,2,2,2,2
rsrp=-89|rsrq=-11|snr=6,2,2,1,1,1,1
rsrp=-89|rsrq=-12|snr=-1,1,2,2,2,2,2
rsrp=-89|rsrq=-12|snr=2,1,2,2,2,2,2
rsrp=-89|rsrq=-12|snr=5,1,2,2,2,2,2
rsrp=-89|rsrq=-13|snr=0,1,2,2,2,2,2
rsrp=-89|rsrq=-13|snr=2,1,2,2,2,2,2
rsrp=-89|rsrq=-13|snr=3,2,2,1,1,1,1
rsrp=-89|rsrq=-13|snr=8,1,2,2,2,2,2
rsrp=-89|rsrq=-14|snr=-2,1,2,2,2,2,2
rsrp=-89|rsrq=-14|snr=-3,1,2,2,2,2,2
rsrp=-89|rsrq=-14|snr=-6,1,2,2,2,2,2
rsrp=-89|rsrq=-14|snr=-7,1,2,2,2,2,2
rsrp=-89|rsrq=-15|snr=-4,1,2,2,2,2,2
rsrp=-89|rsrq=-15|snr=-6,1,2,2,2,2,2
rsrp=-89|rsrq=-15|snr=-7,1,2,2,2,2,2
rsrp=-89|rsrq=-15|snr=-8,1,2,2,2,2,2
rsrp=-89|rsrq=-15|snr=0,1,2,2,2,2,2
rsrp=-89|rsrq=-15|snr=1,1,2,2,2,2,2
rsrp=-89|rsrq=-15|snr=2,2,2,1,1,1,1
rsrp=-89|rsrq=-15|snr=7,1,2,2,2,2,2
rsrp=-89|rsrq=-16|snr=-5,1,2,2,2,2,2
rsrp=-89|rsrq=-16|snr=-8,1,2,2,2,2,2
rsrp=-89|rsrq=-16|snr=5,1,2,2,2,2,2
rsrp=-89|rsrq=-16|snr=6,1,2,2,2,2,2
rsrp=-89|rsrq=-16|snr=7,1,2,2,2,2,2
rsrp=-89|rsrq=-17|snr=-4,1,2,2,2,2,2
rsrp=-89|rsrq=-17|snr=-5,1,2,2,2,2,2
rsrp=-90|rsrq=-10|snr=-1,1,2,2,2,2,2
rsrp=-90|rsrq=-10|snr=2,1,2,2,2,2,2
rsrp=-90|rsrq=-11|snr=-7,1,2,2,2,2,2
rsrp=-90|rsrq=-11|snr=4,1,2,2,2,2,2
rsrp=-90|rsrq=-11|snr=6,1,2,2,2,2,2
rsrp=-90|rsrq=-12|snr=1,1,2,2,2,2,2
rsrp=-90|rsrq=-12|snr=3,1,2,2,2,2,2
rsrp=-90|rsrq=-13|snr=-3,1,2,2,2,2,2
rsrp=-90|rsrq=-13|snr=2,1,2,2,2,2,2
rsrp=-90|rsrq=-13|snr=4,1,2,2,2,2,2
rsrp=-90|rsrq=-13|snr=5,1,2,2,2,2,2
rsrp=-90|rsrq=-14|snr=3,1,2,2,2,2,2
rsrp=-90|rsrq=-15|snr=-2,1,2,2,2,2,2
rsrp=-90|rsrq=-15|snr=-3,1,2,2,2,2,2
rsrp=-90|rsrq=-15|snr=0,1,2,2,2,2,2
rsrp=-90|rsrq=-15|snr=2,1,2,2,2,2,2
rsrp=-90|rsrq=-15|snr=4,1,2,2,2,2,2
rsrp=-90|rsrq=-16|snr=-4,1,2,2,2,2,2
rsrp=-90|rsrq=-16|snr=-5,1,2,2,2,2,2
rsrp=-90|rsrq=-16|snr=-6,1,2,2,2,2,2
rsrp=-90|rsrq=-16|snr=0,1,2,2,2,2,2
rsrp=-90|rsrq=-16|snr=6,2,2,1,1,1,1
rsrp=-90|rsrq=-17|snr=-1,1,2,2,2,2,2
rsrp=-90|rsrq=-19|snr=-7,1,2,2,2,2,2
rsrp=-91|rsrq=-10|snr=-1,2,2,1,1,1,1
rsrp=-91|rsrq=-10|snr=0,1,2,2,2,2,2
rsrp=-91|rsrq=-10|snr=2,2,2,1,1,1,1
rsrp=-91|rsrq=-11|snr=-1,2,2,1,1,1,1
rsrp=-91|rsrq=-11|snr=0,1,2,2,2,2,2
rsrp=-91|rsrq=-11|snr=4,1,2,2,2,2,2
rsrp=-91|rsrq=-11|snr=5,1,2,2,2,2,2
rsrp=-91|rsrq=-12|snr=-2,1,2,2,2,2,2
rsrp=-91|rsrq=-12|snr=0,1,2,2,2,2,2
rsrp=-91|rsrq=-12|snr=2,1,2,2,2,2,2
rsrp=-91|rsrq=-12|snr=4,1,2,2,2,2,2
rsrp=-91|rsrq=-12|snr=6,1,2,2,2,2,2
rsrp=-91|rsrq=-13|snr=-10,1,2,2,2,2,2
rsrp=-91|rsrq=-13|snr=-4,1,2,2,2,2,2
rsrp=-91|rsrq=-13|snr=-5,1,2,2,2,2,2
rsrp=-91|rsrq=-13|snr=3,1,2,2,2,2,2
rsrp=-91|rsrq=-13|snr=6,1,2,2,2,2,2
rsrp=-91|rsrq=-14|snr=-3,2,2,1,1,1,1
rsrp=-91|rsrq=-14|snr=-6,1,2,2,2,2,2
rsrp=-91|rsrq=-14|snr=-9,1,2,2,2,2,2
rsrp=-91|rsrq=-14|snr=0,1,2,2,2,2,2
rsrp=-91|rsrq=-14|snr=1,1,2,2,2,2,2
rsrp=-91|rsrq=-14|snr=5,1,2,2,2,2,2
rsrp=-91|rsrq=-15|snr=-9,1,2,2,2,2,2
rsrp=-91|rsrq=-15|snr=0,2,2,1,1,1,1
rsrp=-91|rsrq=-15|snr=3,1,2,2,2,2,2
rsrp=-91|rsrq=-15|snr=5,1,2,2,2,2,2
rsrp=-91|rsrq=-15|snr=6,1,2,2,2,2,2
rsrp=-91|rsrq=-16|snr=-10,1,2,2,2,2,2
rsrp=-91|rsrq=-16|snr=-7,1,2,2,2,2,2
rsrp=-91|rsrq=-16|snr=0,1,2,2,2,2,2
rsrp=-91|rsrq=-16|snr=1,1,2,2,2,2,2
rsrp=-91|rsrq=-17|snr=-13,1,2,2,2,2,2
rsrp=-91|rsrq=-18|snr=-12,1,2,2,2,2,2
rsrp=-92|rsrq=-11|snr=0,1,2,2,2,2,2
rsrp=-92|rsrq=-11|snr=2,1,2,2,2,2,2
rsrp=-92|rsrq=-11|snr=4,1,2,2,2,2,2
rsrp=-92|rsrq=-12|snr=-1,1,2,2,2,2,2
rsrp=-92|rsrq=-12|snr=-11,1,2,2,2,2,2
rsrp=-92|rsrq=-12|snr=-2,1,2,2,2,2,2
rsrp=-92|rsrq=-12|snr=-4,1,2,2,2,2,2
rsrp=-92|rsrq=-12|snr=-9,1,2,2,2,2,2
rsrp=-92|rsrq=-12|snr=0,1,2,2,2,2,2
rsrp=-92|rsrq=-12|snr=2,1,2,2,2,2,2
rsrp=-92|rsrq=-13|snr=-1,2,2,1,1,1,1
rsrp=-92|rsrq=-13|snr=-2,1,2,2,2,2,2
rsrp=-92|rsrq=-13|snr=-5,1,2,2,2,2,2
rsrp=-92|rsrq=-13|snr=3,2,2,1,1,1,1
rsrp=-92|rsrq=-13|snr=4,1,2,2,2,2,2
rsrp=-92|rsrq=-14|snr=-2,1,2,2,2,2,2
rsrp=-92|rsrq=-14|snr=-3,2,2,1,1,1,1
rsrp=-92|rsrq=-14|snr=-5,1,2,2,2,2,2
rsrp=-92|rsrq=-14|snr=0,1,2,2,2,2,2
rsrp=-92|rsrq=-14|snr=1,2,2,1,1,1,1
rsrp=-92|rsrq=-14|snr=3,1,2,2,2,2,2
rsrp=-92|rsrq=-15|snr=-1,1,2,2,2,2,2
rsrp=-92|rsrq=-15|snr=-11,1,2,2,2,2,2
rsrp=-92|rsrq=-15|snr=-2,1,2,2,2,2,2
rsrp=-92|rsrq=-15|snr=1,2,2,1,1,1,1
rsrp=-92|rsrq=-15|snr=2,1,2,2,2,2,2
rsrp=-92|rsrq=-16|snr=-1,1,2,2,2,2,2
rsrp=-92|rsrq=-16|snr=-11,1,2,2,2,2,2
rsrp=-92|rsrq=-16|snr=-3,1,2,2,2,2,2
rsrp=-92|rsrq=-16|snr=-4,1,2,2,2,2,2
rsrp=-92|rsrq=-16|snr=-5,1,2,2,2,2,2
rsrp=-92|rsrq=-16|snr=-7,1,2,2,2,2,2
rsrp=-92|rsrq=-16|snr=1,1,2,2,2,2,2
rsrp=-92|rsrq=-17|snr=-10,1,2,2,2,2,2
rsrp=-92|rsrq=-18|snr=-1,1,2,2,2,2,2
rsrp=-92|rsrq=-18|snr=4,1,2,2,2,2,2
rsrp=-93|rsrq=-11|snr=2,1,2,2,2,2,2
rsrp=-93|rsrq=-12|snr=-1,1,2,2,2,2,2
rsrp=-93|rsrq=-12|snr=-10,1,2,2,2,2,2
rsrp=-93|rsrq=-12|snr=-2,1,2,2,2,2,2
rsrp=-93|rsrq=-12|snr=-4,1,2,2,2,2,2
rsrp=-93|rsrq=-12|snr=0,1,2,2,2,2,2
rsrp=-93|rsrq=-12|snr=2,1,2,2,2,2,2
rsrp=-93|rsrq=-12|snr=5,1,2,2,2,2,2
rsrp=-93|rsrq=-13|snr=-1,1,2,2,2,2,2
rsrp=-93|rsrq=-13|snr=-2,1,2,2,2,2,2
rsrp=-93|rsrq=-13|snr=0,1,2,2,2,2,2
rsrp=-93|rsrq=-13|snr=1,1,2,2,2,2,2
rsrp=-93|rsrq=-14|snr=-3,1,2,2,2,2,2
rsrp=-93|rsrq=-14|snr=-4,1,2,2,2,2,2
rsrp=-93|rsrq=-14|snr=1,1,2,2,2,2,2
rsrp=-93|rsrq=-15|snr=-1,1,2,2,2,2,2
rsrp=-93|rsrq=-15|snr=-10,2,2,1,1,1,1
rsrp=-93|rsrq=-15|snr=-8,1,2,2,2,2,2
rsrp=-93|rsrq=-15|snr=-9,1,2,2,2,2,2
rsrp=-93|rsrq=-15|snr=0,1,2,2,2,2,2
rsrp=-93|rsrq=-15|snr=1,1,2,2,2,2,2
rsrp=-93|rsrq=-15|snr=3,1,2,2,2,2,2
rsrp=-93|rsrq=-16|snr=-1,1,2,2,2,2,2
rsrp=-93|rsrq=-16|snr=-2,1,2,2,2,2,2
rsrp=-93|rsrq=-16|snr=-4,1,2,2,2,2,2
rsrp=-93|rsrq=-16|snr=-5,1,2,2,2,2,2
rsrp=-93|rsrq=-16|snr=0,1,2,2,2,2,2
rsrp=-93|rsrq=-16|snr=1,1,2,2,2,2,2
rsrp=-93|rsrq=-17|snr=-1,1,2,2,2,2,2
rsrp=-93|rsrq=-17|snr=-10,1,2,2,2,2,2
rsrp=-93|rsrq=-17|snr=3,1,2,2,2,2,2
rsrp=-94|rsrq=-10|snr=10,1,2,2,2,2,2
rsrp=-94|rsrq=-11|snr=-1,1,2,2,2,2,2
rsrp=-94|rsrq=-11|snr=7,1,2,2,2,2,2
rsrp=-94|rsrq=-12|snr=-2,1,2,2,2,2,2
rsrp=-94|rsrq=-12|snr=1,1,2,2,2,2,2
rsrp=-94|rsrq=-13|snr=-2,2,2,1,1,1,1
rsrp=-94|rsrq=-13|snr=-7,1,2,2,2,2,2
rsrp=-94|rsrq=-13|snr=1,1,2,2,2,2,2
rsrp=-94|rsrq=-13|snr=2,1,2,2,2,2,2
rsrp=-94|rsrq=-14|snr=-1,1,2,2,2,2,2
rsrp=-94|rsrq=-14|snr=-3,1,2,2,2,2,2
rsrp=-94|rsrq=-14|snr=1,1,2,2,2,2,2
rsrp=-94|rsrq=-15|snr=-2,1,2,2,2,2,2
rsrp=-94|rsrq=-15|snr=1,1,2,2,2,2,2
rsrp=-94|rsrq=-15|snr=3,1,2,2,2,2,2
rsrp=-94|rsrq=-15|snr=5,1,2,2,2,2,2
rsrp=-94|rsrq=-16|snr=-2,1,2,2,2,2,2
rsrp=-94|rsrq=-16|snr=-8,1,2,2,2,2,2
rsrp=-94|rsrq=-16|snr=1,1,2,2,2,2,2
rsrp=-94|rsrq=-16|snr=4,1,2,2,2,2,2
rsrp=-94|rsrq=-16|snr=6,1,2,2,2,2,2
rsrp=-94|rsrq=-17|snr=0,1,2,2,2,2,2
rsrp=-94|rsrq=-17|snr=3,1,2,2,2,2,2
rsrp=-94|rsrq=-19|snr=-10,1,2,2,2,2,2
rsrp=-94|rsrq=-9|snr=6,1,2,2,2,2,2
rsrp=-95|rsrq=-11|snr=2,1,2,2,2,2,2
rsrp=-95|rsrq=-12|snr=-12,1,2,2,2,2,2
rsrp=-95|rsrq=-12|snr=8,1,2,2,2,2,2
rsrp=-95|rsrq=-14|snr=-3,1,2,2,2,2,2
rsrp=-95|rsrq=-14|snr=0,1,2,2,2,2,2
rsrp=-95|rsrq=-14|snr=2,1,2,2,2,2,2
rsrp=-95|rsrq=-14|snr=3,1,2,2,2,2,2
rsrp=-95|rsrq=-15|snr=-2,1,2,2,2,2,2
rsrp=-95|rsrq=-15|snr=-5,2,2,1,1,1,1
rsrp=-95|rsrq=-15|snr=-6,1,2,2,2,2,2
rsrp=-95|rsrq=-15|snr=11,2,2,1,1,1,1
rsrp=-95|rsrq=-16|snr=2,2,2,1,1,1,1
rsrp=-95|rsrq=-16|snr=3,2,2,1,1,1,1
rsrp=-95|rsrq=-16|snr=9,1,2,2,2,2,2
rsrp=-96|rsrq=-10|snr=2,1,2,2,2,2,2
rsrp=-96|rsrq=-11|snr=0,1,2,2,2,2,2
rsrp=-96|rsrq=-11|snr=2,1,2,2,2,2,2
rsrp=-96|rsrq=-11|snr=5,1,2,2,2,2,2
rsrp=-96|rsrq=-11|snr=7,1,2,2,2,2,2
rsrp=-96|rsrq=-12|snr=1,1,2,2,2,2,2
rsrp=-96|rsrq=-12|snr=2,1,2,2,2,2,2
rsrp=-96|rsrq=-12|snr=4,1,2,2,2,2,2
rsrp=-96|rsrq=-12|snr=9,2,2,1,1,1,1
rsrp=-96|rsrq=-13|snr=-3,1,2,2,2,2,2
rsrp=-96|rsrq=-14|snr=-3,1,2,2,2,2,2
rsrp=-96|rsrq=-14|snr=12,1,2,2,2,2,2
rsrp=-96|rsrq=-14|snr=2,1,2,2,2,2,2
rsrp=-96|rsrq=-14|snr=4,1,2,2,2,2,2
rsrp=-96|rsrq=-14|snr=5,1,2,2,2,2,2
rsrp=-96|rsrq=-15|snr=-3,1,2,2,2,2,2
rsrp=-96|rsrq=-15|snr=8,1,2,2,2,2,2
rsrp=-96|rsrq=-16|snr=2,1,2,2,2,2,2
rsrp=-96|rsrq=-16|snr=3,1,2,2,2,2,2
rsrp=-96|rsrq=-16|snr=4,1,2,2,2,2,2
rsrp=-96|rsrq=-17|snr=2,1,2,2,2,2,2
rsrp=-96|rsrq=-17|snr=8,1,2,2,2,2,2
rsrp=-96|rsrq=-9|snr=5,1,2,2,2,2,2
rsrp=-96|rsrq=-9|snr=7,1,2,2,2,2,2
rsrp=-97|rsrq=-10|snr=13,1,2,2,2,2,2
rsrp=-97|rsrq=-10|snr=5,1,2,2,2,2,2
rsrp=-97|rsrq=-11|snr=0,1,2,2,2,2,2
rsrp=-97|rsrq=-11|snr=11,1,2,2,2,2,2
rsrp=-97|rsrq=-11|snr=2,1,2,2,2,2,2
rsrp=-97|rsrq=-11|snr=3,1,2,2,2,2,2
rsrp=-97|rsrq=-11|snr=7,1,2,2,2,2,2
rsrp=-97|rsrq=-11|snr=8,1,2,2,2,2,2
rsrp=-97|rsrq=-12|snr=0,1,2,2,2,2,2
rsrp=-97|rsrq=-12|snr=12,1,2,2,2,2,2
rsrp=-97|rsrq=-12|snr=6,1,2,2,2,2,2
rsrp=-97|rsrq=-12|snr=7,1,2,2,2,2,2
rsrp=-97|rsrq=-13|snr=-1,1,2,2,2,2,2
rsrp=-97|rsrq=-13|snr=-4,1,2,2,2,2,2
rsrp=-97|rsrq=-13|snr=0,1,2,2,2,2,2
rsrp=-97|rsrq=-13|snr=3,1,2,2,2,2,2
rsrp=-97|rsrq=-13|snr=4,1,2,2,2,2,2
rsrp=-97|rsrq=-13|snr=8,1,2,2,2,2,2
rsrp=-97|rsrq=-14|snr=0,1,2,2,2,2,2
rsrp=-97|rsrq=-14|snr=3,1,2,2,2,2,2
rsrp=-97|rsrq=-14|snr=9,2,2,1,1,1,1
rsrp=-97|rsrq=-15|snr=-5,1,2,2,2,2,2
rsrp=-97|rsrq=-15|snr=3,1,2,2,2,2,2
rsrp=-97|rsrq=-16|snr=-3,1,2,2,2,2,2
rsrp=-97|rsrq=-16|snr=0,1,2,2,2,2,2
rsrp=-97|rsrq=-16|snr=1,1,2,2,2,2,2
rsrp=-97|rsrq=-16|snr=10,1,2,2,2,2,2
rsrp=-97|rsrq=-16|snr=9,1,2,2,2,2,2
rsrp=-97|rsrq=-17|snr=5,2,2,1,1,1,1
rsrp=-97|rsrq=-9|snr=1,1,2,2,2,2,2
rsrp=-97|rsrq=-9|snr=4,2,2,1,1,1,1
rsrp=-97|rsrq=-9|snr=8,1,2,2,2,2,2
rsrp=-97|rsrq=-9|snr=9,1,2,2,2,2,2
rsrp=-98|rsrq=-10|snr=5,1,2,2,2,2,2
rsrp=-98|rsrq=-10|snr=8,1,2,2,2,2,2
rsrp=-98|rsrq=-10|snr=9,1,2,2,2,2,2
rsrp=-98|rsrq=-11|snr=1,1,2,2,2,2,2
rsrp=-98|rsrq=-11|snr=11,1,2,2,2,2,2
rsrp=-98|rsrq=-11|snr=12,1,2,2,2,2,2
rsrp=-98|rsrq=-11|snr=4,1,2,2,2,2,2
rsrp=-98|rsrq=-11|snr=6,2,2,1,1,1,1
rsrp=-98|rsrq=-12|snr=-1,1,2,2,2,2,2
rsrp=-98|rsrq=-12|snr=-2,2,2,1,1,1,1
rsrp=-98|rsrq=-12|snr=1,1,2,2,2,2,2
rsrp=-98|rsrq=-12|snr=11,1,2,2,2,2,2
rsrp=-98|rsrq=-12|snr=12,1,2,2,2,2,2
rsrp=-98|rsrq=-12|snr=13,1,2,2,2,2,2
rsrp=-98|rsrq=-13|snr=-3,2,2,1,1,1,1
rsrp=-98|rsrq=-13|snr=0,1,2,2,2,2,2
rsrp=-98|rsrq=-13|snr=12,2,2,1,1,1,1
rsrp=-98|rsrq=-13|snr=13,1,2,2,2,2,2
rsrp=-98|rsrq=-13|snr=3,1,2,2,2,2,2
rsrp=-98|rsrq=-13|snr=8,1,2,2,2,2,2
rsrp=-98|rsrq=-14|snr=0,1,2,2,2,2,2
rsrp=-98|rsrq=-14|snr=12,1,2,2,2,2,2
rsrp=-98|rsrq=-14|snr=9,1,2,2,2,2,2
rsrp=-98|rsrq=-15|snr=-2,1,2,2,2,2,2
rsrp=-98|rsrq=-15|snr=11,1,2,2,2,2,2
rsrp=-98|rsrq=-15|snr=3,1,2,2,2,2,2
rsrp=-98|rsrq=-15|snr=8,1,2,2,2,2,2
rsrp=-98|rsrq=-15|snr=9,1,2,2,2,2,2
rsrp=-98|rsrq=-16|snr=-1,1,2,2,2,2,2
rsrp=-98|rsrq=-16|snr=-2,1,2,2,2,2,2
rsrp=-98|rsrq=-16|snr=5,1,2,2,2,2,2
rsrp=-98|rsrq=-16|snr=7,1,2,2,2,2,2
rsrp=-98|rsrq=-16|snr=8,1,2,2,2,2,2
rsrp=-98|rsrq=-17|snr=-1,1,2,2,2,2,2
rsrp=-98|rsrq=-17|snr=-2,1,2,2,2,2,2
rsrp=-98|rsrq=-17|snr=0,1,2,2,2,2,2
rsrp=-98|rsrq=-17|snr=2,1,2,2,2,2,2
rsrp=-98|rsrq=-17|snr=5,2,2,1,1,1,1
rsrp=-98|rsrq=-17|snr=6,1,2,2,2,2,2
rsrp=-98|rsrq=-18|snr=2,1,2,2,2,2,2
rsrp=-98|rsrq=-9|snr=10,1,2,2,2,2,2
rsrp=-98|rsrq=-9|snr=13,2,2,1,1,1,1
rsrp=-99|rsrq=-10|snr=-4,1,2,2,2,2,2
rsrp=-99|rsrq=-10|snr=-8,1,2,2,2,2,2
rsrp=-99|rsrq=-10|snr=10,1,2,2,2,2,2
rsrp=-99|rsrq=-10|snr=13,1,2,2,2,2,2
rsrp=-99|rsrq=-10|snr=4,1,2,2,2,2,2
rsrp=-99|rsrq=-10|snr=5,1,2,2,2,2,2
rsrp=-99|rsrq=-10|snr=7,1,2,2,2,2,2
rsrp=-99|rsrq=-10|snr=9,1,2,2,2,2,2
rsrp=-99|rsrq=-11|snr=-3,1,2,2,2,2,2
rsrp=-99|rsrq=-11|snr=-5,1,2,2,2,2,2
rsrp=-99|rsrq=-11|snr=12,1,2,2,2,2,2
rsrp=-99|rsrq=-11|snr=9,1,2,2,2,2,2
rsrp=-99|rsrq=-12|snr=-2,1,2,2,2,2,2
rsrp=-99|rsrq=-12|snr=-4,1,2,2,2,2,2
rsrp=-99|rsrq=-12|snr=-6,1,2,2,2,2,2
rsrp=-99|rsrq=-12|snr=0,1,2,2,2,2,2
rsrp=-99|rsrq=-12|snr=12,1,2,2,2,2,2
rsrp=-99|rsrq=-12|snr=2,1,2,2,2,2,2
rsrp=-99|rsrq=-12|snr=7,1,2,2,2,2,2
rsrp=-99|rsrq=-12|snr=9,1,2,2,2,2,2
rsrp=-99|rsrq=-13|snr=6,1,2,2,2,2,2
rsrp=-99|rsrq=-13|snr=9,2,2,1,1,1,1
rsrp=-99|rsrq=-14|snr=0,1,2,2,2,2,2
rsrp=-99|rsrq=-14|snr=11,1,2,2,2,2,2
rsrp=-99|rsrq=-14|snr=3,1,2,2,2,2,2
rsrp=-99|rsrq=-14|snr=6,1,2,2,2,2,2
rsrp=-99|rsrq=-14|snr=7,1,2,2,2,2,2
rsrp=-99|rsrq=-14|snr=8,1,2,2,2,2,2
rsrp=-99|rsrq=-14|snr=9,1,2,2,2,2,2
rsrp=-99|rsrq=-15|snr=-4,1,2,2,2,2,2
rsrp=-99|rsrq=-15|snr=2,1,2,2,2,2,2
rsrp=-99|rsrq=-15|snr=4,1,2,2,2,2,2
rsrp=-99|rsrq=-15|snr=7,1,2,2,2,2,2
rsrp=-99|rsrq=-15|snr=8,1,2,2,2,2,2
rsrp=-99|rsrq=-15|snr=9,1,2,2,2,2,2
rsrp=-99|rsrq=-16|snr=-1,1,2,2,2,2,2
rsrp=-99|rsrq=-16|snr=-3,1,2,2,2,2,2
rsrp=-99|rsrq=-16|snr=1,1,2,2,2,2,2
rsrp=-99|rsrq=-16|snr=13,1,2,2,2,2,2
rsrp=-99|rsrq=-16|snr=2,1,2,2,2,2,2
rsrp=-99|rsrq=-16|snr=5,1,2,2,2,2,2
rsrp=-99|rsrq=-16|snr=7,1,2,2,2,2,2
rsrp=-99|rsrq=-16|snr=9,1,2,2,2,2,2
rsrp=-99|rsrq=-17|snr=1,1,2,2,2,2,2
rsrp=-99|rsrq=-17|snr=3,1,2,2,2,2,2
rsrp=-99|rsrq=-17|snr=4,1,2,2,2,2,2
rsrp=-99|rsrq=-17|snr=6,1,2,2,2,2,2
rsrp=-99|rsrq=-18|snr=-3,1,2,2,2,2,2
rsrp=-99|rsrq=-9|snr=-5,2,2,1,1,1,1
rsrp=-99|rsrq=-9|snr=1,1,2,2,2,2,2
rsrp=-99|rsrq=-9|snr=11,1,2,2,2,2,2
rsrp=-99|rsrq=-9|snr=4,1,2,2,2,2,2
rsrp=-99|rsrq=-9|snr=7,1,2,2,2,2,2
rsrp=-99|rsrq=-9|snr=9,2,2,1,1,1,1
rsrp=-100|rsrq=-11|snr=12,1,1,1,1,1,1
rsrp=-103|rsrq=-14|snr=-4,1,1,1,1,1,1
rsrp=-103|rsrq=-14|snr=3,1,1,1,1,1,1
rsrp=-106|rsrq=-13|snr=6,1,1,1,1,1,1
rsrp=-86|rsrq=-16|snr=2,1,1,1,1,1,1
rsrp=-89|rsrq=-16|snr=1,1,1,1,1,1,1
rsrp=-90|rsrq=-14|snr=-1,1,1,1,1,1,1
rsrp=-96|rsrq=-13|snr=-4,1,1,1,1,1,1
rsrp=-96|rsrq=-18|snr=0,1,1,1,1,1,1
rsrp=-98|rsrq=-11|snr=2,1,1,1,1,1,1
rsrp=-98|rsrq=-12|snr=7,1,1,1,1,1,1
rsrp=-99|rsrq=-9|snr=2,1,1,1,1,1,1
