real_rf_state_id,target_rsrp_dbm,target_rsrq_db,target_snr_db,observations,traces,pooled_time_probability,equal_trace_probability
rsrp=-97|rsrq=-16|snr=7,-97,-16,7,12,1,0.00403090359422,0.0041928721174
rsrp=-100|rsrq=-11|snr=4,-100,-11,4,12,3,0.00403090359422,0.00400007977924
rsrp=-101|rsrq=-11|snr=2,-101,-11,2,12,4,0.00403090359422,0.00398414301632
rsrp=-101|rsrq=-14|snr=-2,-101,-14,-2,12,2,0.00403090359422,0.00396825396825
rsrp=-101|rsrq=-16|snr=5,-101,-16,5,11,1,0.00369499496137,0.00379572118703
rsrp=-98|rsrq=-16|snr=6,-98,-16,6,11,3,0.00369499496137,0.00371737546301
rsrp=-99|rsrq=-12|snr=4,-99,-12,4,10,3,0.00335908632852,0.00340111307895
rsrp=-97|rsrq=-16|snr=5,-97,-16,5,10,3,0.00335908632852,0.00338967168986
rsrp=-100|rsrq=-10|snr=7,-100,-10,7,10,3,0.00335908632852,0.00333870411787
rsrp=-100|rsrq=-11|snr=3,-100,-11,3,10,3,0.00335908632852,0.00333073573641
rsrp=-101|rsrq=-12|snr=2,-101,-12,2,10,2,0.00335908632852,0.00333068802155
rsrp=-100|rsrq=-12|snr=4,-100,-12,4,10,2,0.00335908632852,0.00332667997339
rsrp=-101|rsrq=-11|snr=5,-101,-11,5,10,2,0.00335908632852,0.00331875930678
rsrp=-100|rsrq=-13|snr=3,-100,-13,3,10,4,0.00335908632852,0.00331479897348
rsrp=-98|rsrq=-12|snr=2,-98,-12,2,10,2,0.00335908632852,0.00330687830688
rsrp=-92|rsrq=-13|snr=2,-92,-13,2,10,2,0.00335908632852,0.00330687830688
rsrp=-81|rsrq=-10|snr=3,-81,-10,3,10,1,0.00335908632852,0.00330687830688
rsrp=-80|rsrq=-10|snr=0,-80,-10,0,10,1,0.00335908632852,0.00330687830688
rsrp=-104|rsrq=-16|snr=0,-104,-16,0,9,1,0.00302317769567,0.00314465408805
rsrp=-104|rsrq=-18|snr=0,-104,-18,0,8,2,0.00268726906281,0.00279967093915
rsrp=-104|rsrq=-14|snr=-2,-104,-14,-2,8,2,0.00268726906281,0.00276177205338
rsrp=-99|rsrq=-15|snr=3,-99,-15,3,8,3,0.00268726906281,0.00272433569519
rsrp=-100|rsrq=-14|snr=7,-100,-14,7,8,3,0.00268726906281,0.00270697390588
rsrp=-99|rsrq=-13|snr=7,-99,-13,7,8,3,0.00268726906281,0.00270697390588
rsrp=-99|rsrq=-10|snr=3,-99,-10,3,8,2,0.00268726906281,0.00269816325343
rsrp=-99|rsrq=-11|snr=1,-99,-11,1,8,3,0.00268726906281,0.00269415520527
rsrp=-100|rsrq=-11|snr=7,-100,-11,7,8,4,0.00268726906281,0.0026861868238
rsrp=-99|rsrq=-9|snr=8,-99,-9,8,8,1,0.00268726906281,0.00267737617135
rsrp=-101|rsrq=-12|snr=1,-101,-12,1,8,3,0.00268726906281,0.00267425810904
rsrp=-100|rsrq=-11|snr=5,-100,-11,5,8,2,0.00268726906281,0.00266535202687
rsrp=-101|rsrq=-11|snr=3,-101,-11,3,8,4,0.00268726906281,0.00266139169357
rsrp=-100|rsrq=-10|snr=3,-100,-10,3,8,3,0.00268726906281,0.00265743136027
rsrp=-99|rsrq=-13|snr=-2,-99,-13,-2,8,3,0.00268726906281,0.00265738364541
rsrp=-100|rsrq=-11|snr=1,-100,-11,1,8,2,0.00268726906281,0.00265738364541
rsrp=-101|rsrq=-13|snr=-2,-101,-13,-2,8,3,0.00268726906281,0.00265342331211
rsrp=-101|rsrq=-14|snr=0,-101,-14,0,8,2,0.00268726906281,0.0026494629788
rsrp=-101|rsrq=-12|snr=-1,-101,-12,-1,8,3,0.00268726906281,0.0026494629788
rsrp=-98|rsrq=-15|snr=2,-98,-15,2,8,2,0.00268726906281,0.0026455026455
rsrp=-98|rsrq=-14|snr=4,-98,-14,4,8,2,0.00268726906281,0.0026455026455
rsrp=-91|rsrq=-14|snr=-1,-91,-14,-1,8,3,0.00268726906281,0.0026455026455
rsrp=-90|rsrq=-13|snr=1,-90,-13,1,8,3,0.00268726906281,0.0026455026455
rsrp=-90|rsrq=-12|snr=0,-90,-12,0,8,2,0.00268726906281,0.0026455026455
rsrp=-90|rsrq=-11|snr=3,-90,-11,3,8,2,0.00268726906281,0.0026455026455
rsrp=-81|rsrq=-10|snr=4,-81,-10,4,8,1,0.00268726906281,0.0026455026455
rsrp=-80|rsrq=-10|snr=2,-80,-10,2,8,1,0.00268726906281,0.0026455026455
rsrp=-103|rsrq=-15|snr=0,-103,-15,0,7,2,0.00235136042996,0.00245689922069
rsrp=-99|rsrq=-16|snr=6,-99,-16,6,7,1,0.00235136042996,0.0024154589372
rsrp=-96|rsrq=-15|snr=5,-96,-15,5,7,1,0.00235136042996,0.0024154589372
rsrp=-98|rsrq=-17|snr=3,-98,-17,3,7,2,0.00235136042996,0.0023709693521
rsrp=-103|rsrq=-17|snr=0,-103,-17,0,6,1,0.00201545179711,0.00210970464135
rsrp=-104|rsrq=-17|snr=1,-104,-17,1,6,2,0.00201545179711,0.00210085891958
rsrp=-103|rsrq=-17|snr=1,-103,-17,1,6,2,0.00201545179711,0.00210085891958
rsrp=-96|rsrq=-16|snr=5,-96,-16,5,6,2,0.00201545179711,0.00207907426939
rsrp=-96|rsrq=-15|snr=4,-96,-15,4,6,2,0.00201545179711,0.00207907426939
rsrp=-103|rsrq=-13|snr=-1,-103,-13,-1,6,3,0.00201545179711,0.00206342256139
rsrp=-105|rsrq=-18|snr=1,-105,-18,1,6,2,0.00201545179711,0.00206296003381
rsrp=-97|rsrq=-14|snr=6,-97,-14,6,6,2,0.00201545179711,0.00206296003381
rsrp=-98|rsrq=-12|snr=5,-98,-12,5,6,2,0.00201545179711,0.00205899970051
rsrp=-99|rsrq=-15|snr=5,-99,-15,5,6,3,0.00201545179711,0.00205031880586
rsrp=-101|rsrq=-10|snr=6,-101,-10,6,6,2,0.00201545179711,0.0020416379112
rsrp=-100|rsrq=-12|snr=5,-100,-12,5,6,2,0.00201545179711,0.0020416379112
rsrp=-97|rsrq=-12|snr=4,-97,-12,4,6,2,0.00201545179711,0.0020416379112
rsrp=-101|rsrq=-13|snr=-3,-101,-13,-3,6,3,0.00201545179711,0.0020299465365
rsrp=-99|rsrq=-11|snr=5,-99,-11,5,6,3,0.00201545179711,0.00202953172378
rsrp=-98|rsrq=-14|snr=3,-98,-14,3,6,3,0.00201545179711,0.00202552367562
rsrp=-98|rsrq=-14|snr=7,-98,-14,7,6,3,0.00201545179711,0.00202552367562
rsrp=-98|rsrq=-12|snr=9,-98,-12,9,6,3,0.00201545179711,0.00202552367562
rsrp=-99|rsrq=-11|snr=3,-99,-11,3,6,3,0.00201545179711,0.00202481116243
rsrp=-98|rsrq=-12|snr=3,-98,-12,3,6,3,0.00201545179711,0.00202481116243
rsrp=-98|rsrq=-16|snr=2,-98,-16,2,6,3,0.00201545179711,0.00202156334232
rsrp=-100|rsrq=-14|snr=3,-100,-14,3,6,3,0.00201545179711,0.00202085082913
rsrp=-101|rsrq=-15|snr=5,-101,-15,5,6,3,0.00201545179711,0.00201684278097
rsrp=-101|rsrq=-11|snr=6,-101,-11,6,6,3,0.00201545179711,0.00201684278097
rsrp=-99|rsrq=-12|snr=3,-99,-12,3,6,3,0.00201545179711,0.00201684278097
rsrp=-99|rsrq=-11|snr=4,-99,-11,4,6,3,0.00201545179711,0.00201684278097
rsrp=-98|rsrq=-11|snr=-1,-98,-11,-1,6,3,0.00201545179711,0.00201684278097
rsrp=-98|rsrq=-15|snr=5,-98,-15,5,6,2,0.00201545179711,0.00201288244767
rsrp=-97|rsrq=-14|snr=-1,-97,-14,-1,6,2,0.00201545179711,0.00201288244767
rsrp=-100|rsrq=-10|snr=1,-100,-10,1,6,2,0.00201545179711,0.00200402408035
rsrp=-100|rsrq=-10|snr=0,-100,-10,0,6,2,0.00201545179711,0.00200006374705
rsrp=-100|rsrq=-10|snr=2,-100,-10,2,6,2,0.00201545179711,0.00200006374705
rsrp=-99|rsrq=-10|snr=8,-99,-10,8,6,2,0.00201545179711,0.00200006374705
rsrp=-100|rsrq=-10|snr=4,-100,-10,4,6,2,0.00201545179711,0.00200001603219
rsrp=-99|rsrq=-11|snr=2,-99,-11,2,6,3,0.00201545179711,0.00200001603219
rsrp=-100|rsrq=-12|snr=0,-100,-12,0,6,3,0.00201545179711,0.00199605569889
rsrp=-99|rsrq=-13|snr=1,-99,-13,1,6,3,0.00201545179711,0.00199605569889
rsrp=-100|rsrq=-15|snr=2,-100,-15,2,6,3,0.00201545179711,0.00199209536559
rsrp=-100|rsrq=-14|snr=4,-100,-14,4,6,3,0.00201545179711,0.00199209536559
rsrp=-101|rsrq=-12|snr=3,-101,-12,3,6,3,0.00201545179711,0.00199204765073
rsrp=-99|rsrq=-14|snr=-1,-99,-14,-1,6,2,0.00201545179711,0.00199204765073
rsrp=-99|rsrq=-13|snr=0,-99,-13,0,6,3,0.00201545179711,0.00199204765073
rsrp=-99|rsrq=-13|snr=2,-99,-13,2,6,3,0.00201545179711,0.00199204765073
rsrp=-102|rsrq=-12|snr=7,-102,-12,7,6,2,0.00201545179711,0.00198808731743
rsrp=-101|rsrq=-15|snr=0,-101,-15,0,6,2,0.00201545179711,0.00198808731743
rsrp=-101|rsrq=-15|snr=1,-101,-15,1,6,2,0.00201545179711,0.00198808731743
rsrp=-101|rsrq=-14|snr=1,-101,-14,1,6,3,0.00201545179711,0.00198808731743
rsrp=-101|rsrq=-13|snr=1,-101,-13,1,6,3,0.00201545179711,0.00198808731743
rsrp=-100|rsrq=-12|snr=2,-100,-12,2,6,2,0.00201545179711,0.00198808731743
rsrp=-98|rsrq=-13|snr=-1,-98,-13,-1,6,2,0.00201545179711,0.00198808731743
rsrp=-98|rsrq=-11|snr=8,-98,-11,8,6,2,0.00201545179711,0.00198808731743
rsrp=-101|rsrq=-16|snr=-1,-101,-16,-1,6,2,0.00201545179711,0.00198412698413
rsrp=-101|rsrq=-15|snr=3,-101,-15,3,6,1,0.00201545179711,0.00198412698413
rsrp=-100|rsrq=-13|snr=4,-100,-13,4,6,2,0.00201545179711,0.00198412698413
rsrp=-93|rsrq=-16|snr=-3,-93,-16,-3,6,2,0.00201545179711,0.00198412698413
rsrp=-93|rsrq=-14|snr=0,-93,-14,0,6,2,0.00201545179711,0.00198412698413
rsrp=-92|rsrq=-14|snr=-6,-92,-14,-6,6,1,0.00201545179711,0.00198412698413
rsrp=-92|rsrq=-13|snr=1,-92,-13,1,6,3,0.00201545179711,0.00198412698413
rsrp=-91|rsrq=-13|snr=0,-91,-13,0,6,2,0.00201545179711,0.00198412698413
rsrp=-91|rsrq=-13|snr=1,-91,-13,1,6,2,0.00201545179711,0.00198412698413
rsrp=-91|rsrq=-12|snr=1,-91,-12,1,6,1,0.00201545179711,0.00198412698413
rsrp=-90|rsrq=-15|snr=-1,-90,-15,-1,6,2,0.00201545179711,0.00198412698413
rsrp=-90|rsrq=-14|snr=-8,-90,-14,-8,6,3,0.00201545179711,0.00198412698413
rsrp=-90|rsrq=-12|snr=-1,-90,-12,-1,6,3,0.00201545179711,0.00198412698413
rsrp=-90|rsrq=-12|snr=2,-90,-12,2,6,1,0.00201545179711,0.00198412698413
rsrp=-81|rsrq=-11|snr=2,-81,-11,2,6,1,0.00201545179711,0.00198412698413
rsrp=-81|rsrq=-10|snr=2,-81,-10,2,6,1,0.00201545179711,0.00198412698413
rsrp=-80|rsrq=-11|snr=0,-80,-11,0,6,1,0.00201545179711,0.00198412698413
rsrp=-80|rsrq=-11|snr=1,-80,-11,1,6,1,0.00201545179711,0.00198412698413
rsrp=-80|rsrq=-10|snr=3,-80,-10,3,6,1,0.00201545179711,0.00198412698413
rsrp=-102|rsrq=-17|snr=1,-102,-17,1,5,2,0.00167954316426,0.00175366434024
rsrp=-104|rsrq=-14|snr=-4,-104,-14,-4,5,2,0.00167954316426,0.0017514529098
rsrp=-97|rsrq=-16|snr=4,-97,-16,4,5,1,0.00167954316426,0.00174703004892
rsrp=-100|rsrq=-14|snr=6,-100,-14,6,5,1,0.00167954316426,0.00172532781228
rsrp=-98|rsrq=-17|snr=4,-98,-17,4,5,2,0.00167954316426,0.00170959369073
rsrp=-98|rsrq=-15|snr=6,-98,-15,6,5,2,0.00167954316426,0.00170959369073
rsrp=-102|rsrq=-14|snr=0,-102,-14,0,5,3,0.00167954316426,0.00167832909628
rsrp=-99|rsrq=-10|snr=2,-99,-10,2,5,2,0.00167954316426,0.00166539172563
rsrp=-89|rsrq=-11|snr=1,-89,-11,1,5,1,0.00167954316426,0.00165343915344
rsrp=-104|rsrq=-17|snr=-3,-104,-17,-3,4,1,0.00134363453141,0.0014064697609
rsrp=-103|rsrq=-14|snr=-1,-103,-14,-1,4,1,0.00134363453141,0.0014064697609
rsrp=-103|rsrq=-12|snr=1,-103,-12,1,4,1,0.00134363453141,0.0014064697609
rsrp=-102|rsrq=-15|snr=0,-102,-15,0,4,1,0.00134363453141,0.0014064697609
rsrp=-105|rsrq=-14|snr=0,-105,-14,0,4,2,0.00134363453141,0.00140204690002
rsrp=-104|rsrq=-13|snr=4,-104,-13,4,4,2,0.00134363453141,0.00140204690002
rsrp=-103|rsrq=-13|snr=1,-103,-13,1,4,2,0.00134363453141,0.00140204690002
rsrp=-103|rsrq=-13|snr=3,-103,-13,3,4,2,0.00134363453141,0.00140204690002
rsrp=-103|rsrq=-12|snr=0,-103,-12,0,4,2,0.00134363453141,0.00140204690002
rsrp=-104|rsrq=-19|snr=1,-104,-19,1,4,1,0.00134363453141,0.00139762403913
rsrp=-104|rsrq=-18|snr=1,-104,-18,1,4,1,0.00134363453141,0.00139762403913
rsrp=-104|rsrq=-17|snr=0,-104,-17,0,4,1,0.00134363453141,0.00139762403913
rsrp=-103|rsrq=-16|snr=4,-103,-16,4,4,1,0.00134363453141,0.00139762403913
rsrp=-96|rsrq=-16|snr=7,-96,-16,7,4,1,0.00134363453141,0.00139762403913
rsrp=-102|rsrq=-15|snr=2,-102,-15,2,4,2,0.00134363453141,0.00139336600536
rsrp=-97|rsrq=-15|snr=7,-97,-15,7,4,2,0.00134363453141,0.00138894314448
rsrp=-97|rsrq=-11|snr=6,-97,-11,6,4,2,0.00134363453141,0.00138894314448
rsrp=-96|rsrq=-17|snr=4,-96,-17,4,4,2,0.00134363453141,0.00138894314448
rsrp=-96|rsrq=-16|snr=0,-96,-16,0,4,2,0.00134363453141,0.00138894314448
rsrp=-96|rsrq=-16|snr=8,-96,-16,8,4,2,0.00134363453141,0.00138894314448
rsrp=-96|rsrq=-15|snr=6,-96,-15,6,4,2,0.00134363453141,0.00138894314448
rsrp=-96|rsrq=-13|snr=4,-96,-13,4,4,2,0.00134363453141,0.00138894314448
rsrp=-100|rsrq=-16|snr=5,-100,-16,5,4,1,0.00134363453141,0.00138026224983
rsrp=-100|rsrq=-16|snr=7,-100,-16,7,4,1,0.00134363453141,0.00138026224983
rsrp=-100|rsrq=-15|snr=6,-100,-15,6,4,1,0.00134363453141,0.00138026224983
rsrp=-99|rsrq=-13|snr=5,-99,-13,5,4,1,0.00134363453141,0.00138026224983
rsrp=-98|rsrq=-16|snr=4,-98,-16,4,4,2,0.00134363453141,0.00138026224983
rsrp=-96|rsrq=-17|snr=5,-96,-17,5,4,1,0.00134363453141,0.00138026224983
rsrp=-96|rsrq=-17|snr=6,-96,-17,6,4,1,0.00134363453141,0.00138026224983
rsrp=-96|rsrq=-15|snr=1,-96,-15,1,4,1,0.00134363453141,0.00138026224983
rsrp=-96|rsrq=-13|snr=6,-96,-13,6,4,1,0.00134363453141,0.00138026224983
rsrp=-95|rsrq=-16|snr=5,-95,-16,5,4,1,0.00134363453141,0.00138026224983
rsrp=-95|rsrq=-15|snr=6,-95,-15,6,4,1,0.00134363453141,0.00138026224983
rsrp=-95|rsrq=-13|snr=3,-95,-13,3,4,1,0.00134363453141,0.00138026224983
rsrp=-95|rsrq=-11|snr=1,-95,-11,1,4,1,0.00134363453141,0.00138026224983
rsrp=-103|rsrq=-15|snr=2,-103,-15,2,4,2,0.00134363453141,0.00136857087513
rsrp=-103|rsrq=-12|snr=-3,-103,-12,-3,4,2,0.00134363453141,0.00136857087513
rsrp=-103|rsrq=-12|snr=2,-103,-12,2,4,2,0.00134363453141,0.00136857087513
rsrp=-102|rsrq=-16|snr=1,-102,-16,1,4,2,0.00134363453141,0.00136857087513
rsrp=-102|rsrq=-12|snr=5,-102,-12,5,4,2,0.00134363453141,0.00136857087513
rsrp=-101|rsrq=-14|snr=-4,-101,-14,-4,4,2,0.00134363453141,0.00136857087513
rsrp=-103|rsrq=-16|snr=-1,-103,-16,-1,4,2,0.00134363453141,0.00136461054183
rsrp=-103|rsrq=-11|snr=-4,-103,-11,-4,4,2,0.00134363453141,0.00136461054183
rsrp=-103|rsrq=-11|snr=2,-103,-11,2,4,2,0.00134363453141,0.00136461054183
rsrp=-102|rsrq=-12|snr=6,-102,-12,6,4,2,0.00134363453141,0.00136461054183
rsrp=-105|rsrq=-16|snr=-2,-105,-16,-2,4,2,0.00134363453141,0.00136414801424
rsrp=-104|rsrq=-13|snr=2,-104,-13,2,4,2,0.00134363453141,0.00136414801424
rsrp=-104|rsrq=-12|snr=1,-104,-12,1,4,2,0.00134363453141,0.00136414801424
rsrp=-104|rsrq=-12|snr=3,-104,-12,3,4,2,0.00134363453141,0.00136414801424
rsrp=-99|rsrq=-17|snr=2,-99,-17,2,4,2,0.00134363453141,0.00136414801424
rsrp=-99|rsrq=-11|snr=6,-99,-11,6,4,2,0.00134363453141,0.00136414801424
rsrp=-98|rsrq=-10|snr=4,-98,-10,4,4,2,0.00134363453141,0.00136414801424
rsrp=-97|rsrq=-17|snr=3,-97,-17,3,4,2,0.00134363453141,0.00136414801424
rsrp=-102|rsrq=-11|snr=4,-102,-11,4,4,2,0.00134363453141,0.00136018768094
rsrp=-99|rsrq=-12|snr=5,-99,-12,5,4,2,0.00134363453141,0.00136018768094
rsrp=-98|rsrq=-16|snr=3,-98,-16,3,4,2,0.00134363453141,0.00136018768094
rsrp=-98|rsrq=-13|snr=2,-98,-13,2,4,2,0.00134363453141,0.00136018768094
rsrp=-97|rsrq=-15|snr=6,-97,-15,6,4,2,0.00134363453141,0.00136018768094
rsrp=-97|rsrq=-14|snr=8,-97,-14,8,4,2,0.00134363453141,0.00136018768094
rsrp=-100|rsrq=-12|snr=7,-100,-12,7,4,2,0.00134363453141,0.00135947516775
rsrp=-99|rsrq=-13|snr=8,-99,-13,8,4,2,0.00134363453141,0.00135947516775
rsrp=-99|rsrq=-10|snr=0,-99,-10,0,4,2,0.00134363453141,0.00135947516775
rsrp=-101|rsrq=-17|snr=5,-101,-17,5,4,2,0.00134363453141,0.00135546711959
rsrp=-101|rsrq=-11|snr=1,-101,-11,1,4,2,0.00134363453141,0.00135546711959
rsrp=-100|rsrq=-14|snr=8,-100,-14,8,4,2,0.00134363453141,0.00135546711959
rsrp=-99|rsrq=-11|snr=8,-99,-11,8,4,2,0.00134363453141,0.00135546711959
rsrp=-101|rsrq=-16|snr=6,-101,-16,6,4,2,0.00134363453141,0.00135150678629
rsrp=-98|rsrq=-15|snr=4,-98,-15,4,4,2,0.00134363453141,0.00135150678629
rsrp=-96|rsrq=-14|snr=0,-96,-14,0,4,2,0.00134363453141,0.00135150678629
rsrp=-96|rsrq=-10|snr=6,-96,-10,6,4,2,0.00134363453141,0.00135150678629
rsrp=-100|rsrq=-15|snr=1,-100,-15,1,4,1,0.00134363453141,0.00133868808568
rsrp=-100|rsrq=-10|snr=-1,-100,-10,-1,4,1,0.00134363453141,0.00133868808568
rsrp=-100|rsrq=-16|snr=0,-100,-16,0,4,2,0.00134363453141,0.00133468003752
rsrp=-100|rsrq=-12|snr=6,-100,-12,6,4,2,0.00134363453141,0.00133468003752
rsrp=-100|rsrq=-11|snr=10,-100,-11,10,4,2,0.00134363453141,0.00133468003752
rsrp=-100|rsrq=-10|snr=8,-100,-10,8,4,2,0.00134363453141,0.00133468003752
rsrp=-99|rsrq=-13|snr=4,-99,-13,4,4,2,0.00134363453141,0.00133468003752
rsrp=-99|rsrq=-11|snr=-1,-99,-11,-1,4,2,0.00134363453141,0.00133468003752
rsrp=-99|rsrq=-11|snr=10,-99,-11,10,4,2,0.00134363453141,0.00133468003752
rsrp=-99|rsrq=-10|snr=6,-99,-10,6,4,2,0.00134363453141,0.00133468003752
rsrp=-99|rsrq=-10|snr=11,-99,-10,11,4,2,0.00134363453141,0.00133468003752
rsrp=-102|rsrq=-10|snr=8,-102,-10,8,4,2,0.00134363453141,0.00133071970421
rsrp=-98|rsrq=-11|snr=0,-98,-11,0,4,2,0.00134363453141,0.00133071970421
rsrp=-104|rsrq=-12|snr=-2,-104,-12,-2,4,1,0.00134363453141,0.00133067198935
rsrp=-101|rsrq=-14|snr=2,-101,-14,2,4,2,0.00134363453141,0.00133067198935
rsrp=-101|rsrq=-13|snr=-4,-101,-13,-4,4,1,0.00134363453141,0.00133067198935
rsrp=-101|rsrq=-13|snr=4,-101,-13,4,4,1,0.00134363453141,0.00133067198935
rsrp=-101|rsrq=-12|snr=4,-101,-12,4,4,1,0.00134363453141,0.00133067198935
rsrp=-101|rsrq=-11|snr=0,-101,-11,0,4,1,0.00134363453141,0.00133067198935
rsrp=-100|rsrq=-15|snr=3,-100,-15,3,4,1,0.00134363453141,0.00133067198935
rsrp=-100|rsrq=-13|snr=-1,-100,-13,-1,4,2,0.00134363453141,0.00133067198935
rsrp=-99|rsrq=-15|snr=-1,-99,-15,-1,4,2,0.00134363453141,0.00133067198935
rsrp=-99|rsrq=-13|snr=3,-99,-13,3,4,2,0.00134363453141,0.00133067198935
rsrp=-98|rsrq=-13|snr=1,-98,-13,1,4,2,0.00134363453141,0.00133067198935
rsrp=-98|rsrq=-10|snr=1,-98,-10,1,4,1,0.00134363453141,0.00133067198935
rsrp=-103|rsrq=-11|snr=5,-103,-11,5,4,2,0.00134363453141,0.00132671165605
rsrp=-102|rsrq=-12|snr=0,-102,-12,0,4,2,0.00134363453141,0.00132671165605
rsrp=-101|rsrq=-17|snr=2,-101,-17,2,4,2,0.00134363453141,0.00132671165605
rsrp=-101|rsrq=-16|snr=2,-101,-16,2,4,2,0.00134363453141,0.00132671165605
rsrp=-101|rsrq=-15|snr=9,-101,-15,9,4,2,0.00134363453141,0.00132671165605
rsrp=-101|rsrq=-13|snr=2,-101,-13,2,4,2,0.00134363453141,0.00132671165605
rsrp=-101|rsrq=-13|snr=3,-101,-13,3,4,2,0.00134363453141,0.00132671165605
rsrp=-101|rsrq=-13|snr=7,-101,-13,7,4,2,0.00134363453141,0.00132671165605
rsrp=-101|rsrq=-12|snr=6,-101,-12,6,4,2,0.00134363453141,0.00132671165605
rsrp=-101|rsrq=-11|snr=-1,-101,-11,-1,4,2,0.00134363453141,0.00132671165605
rsrp=-101|rsrq=-10|snr=4,-101,-10,4,4,2,0.00134363453141,0.00132671165605
rsrp=-100|rsrq=-15|snr=-1,-100,-15,-1,4,2,0.00134363453141,0.00132671165605
rsrp=-100|rsrq=-14|snr=-3,-100,-14,-3,4,2,0.00134363453141,0.00132671165605
rsrp=-100|rsrq=-14|snr=-1,-100,-14,-1,4,2,0.00134363453141,0.00132671165605
rsrp=-100|rsrq=-14|snr=0,-100,-14,0,4,2,0.00134363453141,0.00132671165605
rsrp=-100|rsrq=-14|snr=1,-100,-14,1,4,2,0.00134363453141,0.00132671165605
rsrp=-100|rsrq=-11|snr=-2,-100,-11,-2,4,2,0.00134363453141,0.00132671165605
rsrp=-100|rsrq=-11|snr=6,-100,-11,6,4,2,0.00134363453141,0.00132671165605
rsrp=-99|rsrq=-15|snr=1,-99,-15,1,4,2,0.00134363453141,0.00132671165605
rsrp=-99|rsrq=-14|snr=-2,-99,-14,-2,4,2,0.00134363453141,0.00132671165605
rsrp=-99|rsrq=-14|snr=2,-99,-14,2,4,2,0.00134363453141,0.00132671165605
rsrp=-99|rsrq=-12|snr=-1,-99,-12,-1,4,2,0.00134363453141,0.00132671165605
rsrp=-99|rsrq=-11|snr=0,-99,-11,0,4,2,0.00134363453141,0.00132671165605
rsrp=-99|rsrq=-10|snr=1,-99,-10,1,4,2,0.00134363453141,0.00132671165605
rsrp=-98|rsrq=-16|snr=9,-98,-16,9,4,2,0.00134363453141,0.00132671165605
rsrp=-98|rsrq=-15|snr=1,-98,-15,1,4,2,0.00134363453141,0.00132671165605
rsrp=-98|rsrq=-14|snr=1,-98,-14,1,4,2,0.00134363453141,0.00132671165605
rsrp=-103|rsrq=-9|snr=5,-103,-9,5,4,1,0.00134363453141,0.00132275132275
rsrp=-102|rsrq=-11|snr=6,-102,-11,6,4,1,0.00134363453141,0.00132275132275
rsrp=-101|rsrq=-16|snr=1,-101,-16,1,4,1,0.00134363453141,0.00132275132275
rsrp=-101|rsrq=-15|snr=-3,-101,-15,-3,4,2,0.00134363453141,0.00132275132275
rsrp=-101|rsrq=-15|snr=-2,-101,-15,-2,4,2,0.00134363453141,0.00132275132275
rsrp=-101|rsrq=-13|snr=6,-101,-13,6,4,2,0.00134363453141,0.00132275132275
rsrp=-101|rsrq=-12|snr=-3,-101,-12,-3,4,2,0.00134363453141,0.00132275132275
rsrp=-100|rsrq=-17|snr=1,-100,-17,1,4,1,0.00134363453141,0.00132275132275
rsrp=-100|rsrq=-17|snr=2,-100,-17,2,4,2,0.00134363453141,0.00132275132275
rsrp=-100|rsrq=-15|snr=-2,-100,-15,-2,4,2,0.00134363453141,0.00132275132275
rsrp=-100|rsrq=-13|snr=2,-100,-13,2,4,1,0.00134363453141,0.00132275132275
rsrp=-100|rsrq=-12|snr=-2,-100,-12,-2,4,2,0.00134363453141,0.00132275132275
rsrp=-100|rsrq=-11|snr=-1,-100,-11,-1,4,2,0.00134363453141,0.00132275132275
rsrp=-100|rsrq=-11|snr=2,-100,-11,2,4,1,0.00134363453141,0.00132275132275
rsrp=-99|rsrq=-16|snr=3,-99,-16,3,4,1,0.00134363453141,0.00132275132275
rsrp=-98|rsrq=-18|snr=1,-98,-18,1,4,1,0.00134363453141,0.00132275132275
rsrp=-98|rsrq=-16|snr=1,-98,-16,1,4,2,0.00134363453141,0.00132275132275
rsrp=-98|rsrq=-14|snr=2,-98,-14,2,4,1,0.00134363453141,0.00132275132275
rsrp=-98|rsrq=-13|snr=4,-98,-13,4,4,1,0.00134363453141,0.00132275132275
rsrp=-98|rsrq=-13|snr=5,-98,-13,5,4,1,0.00134363453141,0.00132275132275
rsrp=-98|rsrq=-13|snr=9,-98,-13,9,4,2,0.00134363453141,0.00132275132275
rsrp=-98|rsrq=-10|snr=2,-98,-10,2,4,2,0.00134363453141,0.00132275132275
rsrp=-97|rsrq=-15|snr=-3,-97,-15,-3,4,1,0.00134363453141,0.00132275132275
rsrp=-97|rsrq=-15|snr=-1,-97,-15,-1,4,1,0.00134363453141,0.00132275132275
rsrp=-97|rsrq=-15|snr=0,-97,-15,0,4,1,0.00134363453141,0.00132275132275
rsrp=-97|rsrq=-15|snr=1,-97,-15,1,4,1,0.00134363453141,0.00132275132275
rsrp=-97|rsrq=-15|snr=4,-97,-15,4,4,2,0.00134363453141,0.00132275132275
rsrp=-97|rsrq=-14|snr=1,-97,-14,1,4,1,0.00134363453141,0.00132275132275
rsrp=-97|rsrq=-13|snr=5,-97,-13,5,4,2,0.00134363453141,0.00132275132275
rsrp=-97|rsrq=-12|snr=1,-97,-12,1,4,2,0.00134363453141,0.00132275132275
rsrp=-95|rsrq=-16|snr=-3,-95,-16,-3,4,2,0.00134363453141,0.00132275132275
rsrp=-94|rsrq=-13|snr=-3,-94,-13,-3,4,2,0.00134363453141,0.00132275132275
rsrp=-93|rsrq=-14|snr=-9,-93,-14,-9,4,1,0.00134363453141,0.00132275132275
rsrp=-93|rsrq=-14|snr=-1,-93,-14,-1,4,2,0.00134363453141,0.00132275132275
rsrp=-93|rsrq=-13|snr=-9,-93,-13,-9,4,2,0.00134363453141,0.00132275132275
rsrp=-93|rsrq=-13|snr=-3,-93,-13,-3,4,2,0.00134363453141,0.00132275132275
rsrp=-93|rsrq=-13|snr=2,-93,-13,2,4,1,0.00134363453141,0.00132275132275
rsrp=-93|rsrq=-13|snr=3,-93,-13,3,4,1,0.00134363453141,0.00132275132275
rsrp=-93|rsrq=-12|snr=1,-93,-12,1,4,2,0.00134363453141,0.00132275132275
rsrp=-92|rsrq=-15|snr=-4,-92,-15,-4,4,2,0.00134363453141,0.00132275132275
rsrp=-92|rsrq=-14|snr=-1,-92,-14,-1,4,2,0.00134363453141,0.00132275132275
rsrp=-92|rsrq=-13|snr=0,-92,-13,0,4,1,0.00134363453141,0.00132275132275
rsrp=-92|rsrq=-12|snr=1,-92,-12,1,4,2,0.00134363453141,0.00132275132275
rsrp=-92|rsrq=-12|snr=3,-92,-12,3,4,2,0.00134363453141,0.00132275132275
rsrp=-91|rsrq=-16|snr=-12,-91,-16,-12,4,1,0.00134363453141,0.00132275132275
rsrp=-91|rsrq=-14|snr=-5,-91,-14,-5,4,1,0.00134363453141,0.00132275132275
rsrp=-91|rsrq=-13|snr=-1,-91,-13,-1,4,1,0.00134363453141,0.00132275132275
rsrp=-90|rsrq=-16|snr=2,-90,-16,2,4,1,0.00134363453141,0.00132275132275
rsrp=-90|rsrq=-15|snr=7,-90,-15,7,4,1,0.00134363453141,0.00132275132275
rsrp=-90|rsrq=-13|snr=-4,-90,-13,-4,4,1,0.00134363453141,0.00132275132275
rsrp=-90|rsrq=-13|snr=-2,-90,-13,-2,4,1,0.00134363453141,0.00132275132275
rsrp=-90|rsrq=-13|snr=-1,-90,-13,-1,4,1,0.00134363453141,0.00132275132275
rsrp=-90|rsrq=-12|snr=4,-90,-12,4,4,2,0.00134363453141,0.00132275132275
rsrp=-89|rsrq=-16|snr=-7,-89,-16,-7,4,2,0.00134363453141,0.00132275132275
rsrp=-89|rsrq=-16|snr=2,-89,-16,2,4,2,0.00134363453141,0.00132275132275
rsrp=-89|rsrq=-16|snr=4,-89,-16,4,4,1,0.00134363453141,0.00132275132275
rsrp=-89|rsrq=-15|snr=-2,-89,-15,-2,4,1,0.00134363453141,0.00132275132275
rsrp=-89|rsrq=-15|snr=3,-89,-15,3,4,2,0.00134363453141,0.00132275132275
rsrp=-89|rsrq=-14|snr=2,-89,-14,2,4,2,0.00134363453141,0.00132275132275
rsrp=-89|rsrq=-14|snr=3,-89,-14,3,4,2,0.00134363453141,0.00132275132275
rsrp=-89|rsrq=-13|snr=-4,-89,-13,-4,4,2,0.00134363453141,0.00132275132275
rsrp=-89|rsrq=-12|snr=-7,-89,-12,-7,4,1,0.00134363453141,0.00132275132275
rsrp=-89|rsrq=-12|snr=1,-89,-12,1,4,2,0.00134363453141,0.00132275132275
rsrp=-89|rsrq=-12|snr=3,-89,-12,3,4,1,0.00134363453141,0.00132275132275
rsrp=-89|rsrq=-12|snr=6,-89,-12,6,4,1,0.00134363453141,0.00132275132275
rsrp=-89|rsrq=-11|snr=7,-89,-11,7,4,2,0.00134363453141,0.00132275132275
rsrp=-88|rsrq=-17|snr=0,-88,-17,0,4,1,0.00134363453141,0.00132275132275
rsrp=-88|rsrq=-16|snr=1,-88,-16,1,4,1,0.00134363453141,0.00132275132275
rsrp=-88|rsrq=-11|snr=4,-88,-11,4,4,1,0.00134363453141,0.00132275132275
rsrp=-81|rsrq=-12|snr=3,-81,-12,3,4,1,0.00134363453141,0.00132275132275
rsrp=-81|rsrq=-11|snr=1,-81,-11,1,4,1,0.00134363453141,0.00132275132275
rsrp=-81|rsrq=-11|snr=3,-81,-11,3,4,1,0.00134363453141,0.00132275132275
rsrp=-81|rsrq=-11|snr=4,-81,-11,4,4,1,0.00134363453141,0.00132275132275
rsrp=-81|rsrq=-10|snr=1,-81,-10,1,4,1,0.00134363453141,0.00132275132275
rsrp=-81|rsrq=-9|snr=4,-81,-9,4,4,1,0.00134363453141,0.00132275132275
rsrp=-80|rsrq=-10|snr=-1,-80,-10,-1,4,1,0.00134363453141,0.00132275132275
rsrp=-80|rsrq=-10|snr=1,-80,-10,1,4,1,0.00134363453141,0.00132275132275
rsrp=-80|rsrq=-9|snr=2,-80,-9,2,4,1,0.00134363453141,0.00132275132275
rsrp=-104|rsrq=-12|snr=-3,-104,-12,-3,3,1,0.00100772589856,0.00105485232068
rsrp=-103|rsrq=-16|snr=-5,-103,-16,-5,3,1,0.00100772589856,0.00105485232068
rsrp=-103|rsrq=-16|snr=1,-103,-16,1,3,2,0.00100772589856,0.00105042945979
rsrp=-105|rsrq=-18|snr=0,-105,-18,0,3,1,0.00100772589856,0.00104821802935
rsrp=-104|rsrq=-18|snr=2,-104,-18,2,3,1,0.00100772589856,0.00104821802935
rsrp=-103|rsrq=-18|snr=2,-103,-18,2,3,1,0.00100772589856,0.00104821802935
rsrp=-97|rsrq=-16|snr=6,-97,-16,6,3,1,0.00100772589856,0.00104821802935
rsrp=-97|rsrq=-12|snr=11,-97,-12,11,3,1,0.00100772589856,0.00104821802935
rsrp=-99|rsrq=-16|snr=8,-99,-16,8,3,1,0.00100772589856,0.00103519668737
rsrp=-97|rsrq=-13|snr=-2,-97,-13,-2,3,1,0.00100772589856,0.00103519668737
rsrp=-94|rsrq=-17|snr=4,-94,-17,4,3,1,0.00100772589856,0.00103519668737
rsrp=-94|rsrq=-16|snr=3,-94,-16,3,3,1,0.00100772589856,0.00103519668737
rsrp=-98|rsrq=-11|snr=5,-98,-11,5,3,2,0.00100772589856,0.00101078167116
rsrp=-95|rsrq=-13|snr=1,-95,-13,1,3,2,0.00100772589856,0.00100644122383
rsrp=-100|rsrq=-13|snr=1,-100,-13,1,3,2,0.00100772589856,0.000994043658714
rsrp=-105|rsrq=-14|snr=2,-105,-14,2,2,1,0.000671817265704,0.00070323488045
rsrp=-104|rsrq=-18|snr=-3,-104,-18,-3,2,1,0.000671817265704,0.00070323488045
rsrp=-104|rsrq=-18|snr=-1,-104,-18,-1,2,1,0.000671817265704,0.00070323488045
rsrp=-104|rsrq=-17|snr=-5,-104,-17,-5,2,1,0.000671817265704,0.00070323488045
rsrp=-104|rsrq=-17|snr=-2,-104,-17,-2,2,1,0.000671817265704,0.00070323488045
rsrp=-104|rsrq=-17|snr=-1,-104,-17,-1,2,1,0.000671817265704,0.00070323488045
rsrp=-104|rsrq=-16|snr=-1,-104,-16,-1,2,1,0.000671817265704,0.00070323488045
rsrp=-104|rsrq=-15|snr=-2,-104,-15,-2,2,1,0.000671817265704,0.00070323488045
rsrp=-104|rsrq=-14|snr=-5,-104,-14,-5,2,1,0.000671817265704,0.00070323488045
rsrp=-104|rsrq=-14|snr=-1,-104,-14,-1,2,1,0.000671817265704,0.00070323488045
rsrp=-104|rsrq=-14|snr=5,-104,-14,5,2,1,0.000671817265704,0.00070323488045
rsrp=-104|rsrq=-13|snr=-4,-104,-13,-4,2,1,0.000671817265704,0.00070323488045
rsrp=-104|rsrq=-13|snr=0,-104,-13,0,2,1,0.000671817265704,0.00070323488045
rsrp=-104|rsrq=-12|snr=-4,-104,-12,-4,2,1,0.000671817265704,0.00070323488045
rsrp=-104|rsrq=-11|snr=-5,-104,-11,-5,2,1,0.000671817265704,0.00070323488045
rsrp=-104|rsrq=-11|snr=-2,-104,-11,-2,2,1,0.000671817265704,0.00070323488045
rsrp=-104|rsrq=-11|snr=2,-104,-11,2,2,1,0.000671817265704,0.00070323488045
rsrp=-104|rsrq=-11|snr=5,-104,-11,5,2,1,0.000671817265704,0.00070323488045
rsrp=-103|rsrq=-20|snr=-3,-103,-20,-3,2,1,0.000671817265704,0.00070323488045
rsrp=-103|rsrq=-19|snr=-2,-103,-19,-2,2,1,0.000671817265704,0.00070323488045
rsrp=-103|rsrq=-18|snr=-4,-103,-18,-4,2,1,0.000671817265704,0.00070323488045
rsrp=-103|rsrq=-17|snr=-3,-103,-17,-3,2,1,0.000671817265704,0.00070323488045
rsrp=-103|rsrq=-16|snr=-3,-103,-16,-3,2,1,0.000671817265704,0.00070323488045
rsrp=-103|rsrq=-16|snr=3,-103,-16,3,2,1,0.000671817265704,0.00070323488045
rsrp=-103|rsrq=-15|snr=-1,-103,-15,-1,2,1,0.000671817265704,0.00070323488045
rsrp=-103|rsrq=-14|snr=-7,-103,-14,-7,2,1,0.000671817265704,0.00070323488045
rsrp=-103|rsrq=-14|snr=7,-103,-14,7,2,1,0.000671817265704,0.00070323488045
rsrp=-103|rsrq=-12|snr=-5,-103,-12,-5,2,1,0.000671817265704,0.00070323488045
rsrp=-103|rsrq=-12|snr=4,-103,-12,4,2,1,0.000671817265704,0.00070323488045
rsrp=-102|rsrq=-18|snr=3,-102,-18,3,2,1,0.000671817265704,0.00070323488045
rsrp=-102|rsrq=-17|snr=0,-102,-17,0,2,1,0.000671817265704,0.00070323488045
rsrp=-102|rsrq=-17|snr=5,-102,-17,5,2,1,0.000671817265704,0.00070323488045
rsrp=-102|rsrq=-16|snr=-4,-102,-16,-4,2,1,0.000671817265704,0.00070323488045
rsrp=-102|rsrq=-16|snr=4,-102,-16,4,2,1,0.000671817265704,0.00070323488045
rsrp=-102|rsrq=-13|snr=-6,-102,-13,-6,2,1,0.000671817265704,0.00070323488045
rsrp=-102|rsrq=-13|snr=-2,-102,-13,-2,2,1,0.000671817265704,0.00070323488045
rsrp=-102|rsrq=-10|snr=2,-102,-10,2,2,1,0.000671817265704,0.00070323488045
rsrp=-105|rsrq=-17|snr=2,-105,-17,2,2,1,0.000671817265704,0.000698812019567
rsrp=-105|rsrq=-16|snr=4,-105,-16,4,2,1,0.000671817265704,0.000698812019567
rsrp=-105|rsrq=-14|snr=1,-105,-14,1,2,1,0.000671817265704,0.000698812019567
rsrp=-105|rsrq=-11|snr=6,-105,-11,6,2,1,0.000671817265704,0.000698812019567
rsrp=-104|rsrq=-19|snr=-2,-104,-19,-2,2,1,0.000671817265704,0.000698812019567
rsrp=-104|rsrq=-19|snr=0,-104,-19,0,2,1,0.000671817265704,0.000698812019567
rsrp=-104|rsrq=-19|snr=3,-104,-19,3,2,1,0.000671817265704,0.000698812019567
rsrp=-104|rsrq=-18|snr=3,-104,-18,3,2,1,0.000671817265704,0.000698812019567
rsrp=-104|rsrq=-17|snr=2,-104,-17,2,2,1,0.000671817265704,0.000698812019567
rsrp=-104|rsrq=-17|snr=5,-104,-17,5,2,1,0.000671817265704,0.000698812019567
rsrp=-104|rsrq=-16|snr=1,-104,-16,1,2,1,0.000671817265704,0.000698812019567
rsrp=-104|rsrq=-16|snr=2,-104,-16,2,2,1,0.000671817265704,0.000698812019567
rsrp=-104|rsrq=-15|snr=0,-104,-15,0,2,1,0.000671817265704,0.000698812019567
rsrp=-104|rsrq=-15|snr=1,-104,-15,1,2,1,0.000671817265704,0.000698812019567
rsrp=-104|rsrq=-15|snr=3,-104,-15,3,2,1,0.000671817265704,0.000698812019567
rsrp=-104|rsrq=-12|snr=-1,-104,-12,-1,2,1,0.000671817265704,0.000698812019567
rsrp=-104|rsrq=-11|snr=7,-104,-11,7,2,1,0.000671817265704,0.000698812019567
rsrp=-103|rsrq=-19|snr=-3,-103,-19,-3,2,1,0.000671817265704,0.000698812019567
rsrp=-103|rsrq=-19|snr=0,-103,-19,0,2,1,0.000671817265704,0.000698812019567
rsrp=-103|rsrq=-18|snr=-1,-103,-18,-1,2,1,0.000671817265704,0.000698812019567
rsrp=-103|rsrq=-18|snr=0,-103,-18,0,2,1,0.000671817265704,0.000698812019567
rsrp=-103|rsrq=-18|snr=3,-103,-18,3,2,1,0.000671817265704,0.000698812019567
rsrp=-103|rsrq=-18|snr=7,-103,-18,7,2,1,0.000671817265704,0.000698812019567
rsrp=-103|rsrq=-17|snr=4,-103,-17,4,2,1,0.000671817265704,0.000698812019567
rsrp=-103|rsrq=-16|snr=0,-103,-16,0,2,1,0.000671817265704,0.000698812019567
rsrp=-103|rsrq=-15|snr=1,-103,-15,1,2,1,0.000671817265704,0.000698812019567
rsrp=-103|rsrq=-14|snr=-3,-103,-14,-3,2,1,0.000671817265704,0.000698812019567
rsrp=-103|rsrq=-14|snr=0,-103,-14,0,2,1,0.000671817265704,0.000698812019567
rsrp=-103|rsrq=-14|snr=1,-103,-14,1,2,1,0.000671817265704,0.000698812019567
rsrp=-103|rsrq=-13|snr=-3,-103,-13,-3,2,1,0.000671817265704,0.000698812019567
rsrp=-103|rsrq=-12|snr=5,-103,-12,5,2,1,0.000671817265704,0.000698812019567
rsrp=-103|rsrq=-11|snr=4,-103,-11,4,2,1,0.000671817265704,0.000698812019567
rsrp=-102|rsrq=-18|snr=-1,-102,-18,-1,2,1,0.000671817265704,0.000698812019567
rsrp=-102|rsrq=-18|snr=2,-102,-18,2,2,1,0.000671817265704,0.000698812019567
rsrp=-102|rsrq=-17|snr=4,-102,-17,4,2,1,0.000671817265704,0.000698812019567
rsrp=-101|rsrq=-17|snr=-1,-101,-17,-1,2,1,0.000671817265704,0.000698812019567
rsrp=-99|rsrq=-17|snr=1,-99,-17,1,2,1,0.000671817265704,0.000698812019567
rsrp=-99|rsrq=-17|snr=3,-99,-17,3,2,1,0.000671817265704,0.000698812019567
rsrp=-99|rsrq=-16|snr=1,-99,-16,1,2,1,0.000671817265704,0.000698812019567
rsrp=-99|rsrq=-12|snr=12,-99,-12,12,2,1,0.000671817265704,0.000698812019567
rsrp=-98|rsrq=-17|snr=2,-98,-17,2,2,1,0.000671817265704,0.000698812019567
rsrp=-98|rsrq=-17|snr=5,-98,-17,5,2,1,0.000671817265704,0.000698812019567
rsrp=-98|rsrq=-15|snr=3,-98,-15,3,2,1,0.000671817265704,0.000698812019567
rsrp=-98|rsrq=-15|snr=8,-98,-15,8,2,1,0.000671817265704,0.000698812019567
rsrp=-98|rsrq=-13|snr=3,-98,-13,3,2,1,0.000671817265704,0.000698812019567
rsrp=-98|rsrq=-12|snr=12,-98,-12,12,2,1,0.000671817265704,0.000698812019567
rsrp=-98|rsrq=-11|snr=4,-98,-11,4,2,1,0.000671817265704,0.000698812019567
rsrp=-97|rsrq=-17|snr=5,-97,-17,5,2,1,0.000671817265704,0.000698812019567
rsrp=-97|rsrq=-13|snr=4,-97,-13,4,2,1,0.000671817265704,0.000698812019567
rsrp=-97|rsrq=-13|snr=8,-97,-13,8,2,1,0.000671817265704,0.000698812019567
rsrp=-97|rsrq=-12|snr=7,-97,-12,7,2,1,0.000671817265704,0.000698812019567
rsrp=-97|rsrq=-11|snr=3,-97,-11,3,2,1,0.000671817265704,0.000698812019567
rsrp=-97|rsrq=-11|snr=11,-97,-11,11,2,1,0.000671817265704,0.000698812019567
rsrp=-97|rsrq=-10|snr=5,-97,-10,5,2,1,0.000671817265704,0.000698812019567
rsrp=-97|rsrq=-9|snr=1,-97,-9,1,2,1,0.000671817265704,0.000698812019567
rsrp=-97|rsrq=-9|snr=4,-97,-9,4,2,1,0.000671817265704,0.000698812019567
rsrp=-97|rsrq=-9|snr=9,-97,-9,9,2,1,0.000671817265704,0.000698812019567
rsrp=-96|rsrq=-17|snr=8,-96,-17,8,2,1,0.000671817265704,0.000698812019567
rsrp=-96|rsrq=-15|snr=8,-96,-15,8,2,1,0.000671817265704,0.000698812019567
rsrp=-96|rsrq=-14|snr=12,-96,-14,12,2,1,0.000671817265704,0.000698812019567
rsrp=-96|rsrq=-11|snr=7,-96,-11,7,2,1,0.000671817265704,0.000698812019567
rsrp=-96|rsrq=-10|snr=2,-96,-10,2,2,1,0.000671817265704,0.000698812019567
rsrp=-96|rsrq=-9|snr=7,-96,-9,7,2,1,0.000671817265704,0.000698812019567
rsrp=-95|rsrq=-11|snr=2,-95,-11,2,2,1,0.000671817265704,0.000698812019567
rsrp=-102|rsrq=-17|snr=2,-102,-17,2,2,1,0.000671817265704,0.000690131124914
rsrp=-101|rsrq=-16|snr=4,-101,-16,4,2,1,0.000671817265704,0.000690131124914
rsrp=-101|rsrq=-13|snr=8,-101,-13,8,2,1,0.000671817265704,0.000690131124914
rsrp=-101|rsrq=-11|snr=8,-101,-11,8,2,1,0.000671817265704,0.000690131124914
rsrp=-100|rsrq=-16|snr=6,-100,-16,6,2,1,0.000671817265704,0.000690131124914
rsrp=-100|rsrq=-15|snr=7,-100,-15,7,2,1,0.000671817265704,0.000690131124914
rsrp=-100|rsrq=-13|snr=7,-100,-13,7,2,1,0.000671817265704,0.000690131124914
rsrp=-100|rsrq=-12|snr=8,-100,-12,8,2,1,0.000671817265704,0.000690131124914
rsrp=-100|rsrq=-11|snr=8,-100,-11,8,2,1,0.000671817265704,0.000690131124914
rsrp=-99|rsrq=-17|snr=6,-99,-17,6,2,1,0.000671817265704,0.000690131124914
rsrp=-99|rsrq=-16|snr=5,-99,-16,5,2,1,0.000671817265704,0.000690131124914
rsrp=-99|rsrq=-16|snr=13,-99,-16,13,2,1,0.000671817265704,0.000690131124914
rsrp=-99|rsrq=-15|snr=4,-99,-15,4,2,1,0.000671817265704,0.000690131124914
rsrp=-99|rsrq=-15|snr=9,-99,-15,9,2,1,0.000671817265704,0.000690131124914
rsrp=-99|rsrq=-14|snr=6,-99,-14,6,2,1,0.000671817265704,0.000690131124914
rsrp=-99|rsrq=-11|snr=12,-99,-11,12,2,1,0.000671817265704,0.000690131124914
rsrp=-99|rsrq=-10|snr=4,-99,-10,4,2,1,0.000671817265704,0.000690131124914
rsrp=-99|rsrq=-10|snr=10,-99,-10,10,2,1,0.000671817265704,0.000690131124914
rsrp=-99|rsrq=-9|snr=9,-99,-9,9,2,1,0.000671817265704,0.000690131124914
rsrp=-98|rsrq=-16|snr=5,-98,-16,5,2,1,0.000671817265704,0.000690131124914
rsrp=-98|rsrq=-16|snr=7,-98,-16,7,2,1,0.000671817265704,0.000690131124914
rsrp=-98|rsrq=-12|snr=1,-98,-12,1,2,1,0.000671817265704,0.000690131124914
rsrp=-98|rsrq=-11|snr=12,-98,-11,12,2,1,0.000671817265704,0.000690131124914
rsrp=-98|rsrq=-9|snr=10,-98,-9,10,2,1,0.000671817265704,0.000690131124914
rsrp=-97|rsrq=-14|snr=0,-97,-14,0,2,1,0.000671817265704,0.000690131124914
rsrp=-97|rsrq=-12|snr=12,-97,-12,12,2,1,0.000671817265704,0.000690131124914
rsrp=-97|rsrq=-11|snr=0,-97,-11,0,2,1,0.000671817265704,0.000690131124914
rsrp=-97|rsrq=-11|snr=2,-97,-11,2,2,1,0.000671817265704,0.000690131124914
rsrp=-96|rsrq=-17|snr=2,-96,-17,2,2,1,0.000671817265704,0.000690131124914
rsrp=-96|rsrq=-16|snr=2,-96,-16,2,2,1,0.000671817265704,0.000690131124914
rsrp=-96|rsrq=-16|snr=3,-96,-16,3,2,1,0.000671817265704,0.000690131124914
rsrp=-96|rsrq=-16|snr=4,-96,-16,4,2,1,0.000671817265704,0.000690131124914
rsrp=-96|rsrq=-14|snr=-3,-96,-14,-3,2,1,0.000671817265704,0.000690131124914
rsrp=-96|rsrq=-14|snr=2,-96,-14,2,2,1,0.000671817265704,0.000690131124914
rsrp=-96|rsrq=-14|snr=4,-96,-14,4,2,1,0.000671817265704,0.000690131124914
rsrp=-96|rsrq=-12|snr=1,-96,-12,1,2,1,0.000671817265704,0.000690131124914
rsrp=-96|rsrq=-12|snr=4,-96,-12,4,2,1,0.000671817265704,0.000690131124914
rsrp=-96|rsrq=-12|snr=9,-96,-12,9,2,1,0.000671817265704,0.000690131124914
rsrp=-96|rsrq=-11|snr=0,-96,-11,0,2,1,0.000671817265704,0.000690131124914
rsrp=-96|rsrq=-11|snr=2,-96,-11,2,2,1,0.000671817265704,0.000690131124914
rsrp=-96|rsrq=-11|snr=5,-96,-11,5,2,1,0.000671817265704,0.000690131124914
rsrp=-96|rsrq=-9|snr=5,-96,-9,5,2,1,0.000671817265704,0.000690131124914
rsrp=-95|rsrq=-16|snr=2,-95,-16,2,2,1,0.000671817265704,0.000690131124914
rsrp=-95|rsrq=-16|snr=3,-95,-16,3,2,1,0.000671817265704,0.000690131124914
rsrp=-95|rsrq=-16|snr=9,-95,-16,9,2,1,0.000671817265704,0.000690131124914
rsrp=-95|rsrq=-15|snr=11,-95,-15,11,2,1,0.000671817265704,0.000690131124914
rsrp=-95|rsrq=-14|snr=0,-95,-14,0,2,1,0.000671817265704,0.000690131124914
rsrp=-95|rsrq=-14|snr=2,-95,-14,2,2,1,0.000671817265704,0.000690131124914
rsrp=-95|rsrq=-14|snr=3,-95,-14,3,2,1,0.000671817265704,0.000690131124914
rsrp=-95|rsrq=-12|snr=8,-95,-12,8,2,1,0.000671817265704,0.000690131124914
rsrp=-94|rsrq=-17|snr=3,-94,-17,3,2,1,0.000671817265704,0.000690131124914
rsrp=-94|rsrq=-16|snr=1,-94,-16,1,2,1,0.000671817265704,0.000690131124914
rsrp=-94|rsrq=-16|snr=4,-94,-16,4,2,1,0.000671817265704,0.000690131124914
rsrp=-94|rsrq=-16|snr=6,-94,-16,6,2,1,0.000671817265704,0.000690131124914
rsrp=-94|rsrq=-15|snr=3,-94,-15,3,2,1,0.000671817265704,0.000690131124914
rsrp=-94|rsrq=-15|snr=5,-94,-15,5,2,1,0.000671817265704,0.000690131124914
rsrp=-94|rsrq=-11|snr=7,-94,-11,7,2,1,0.000671817265704,0.000690131124914
rsrp=-94|rsrq=-10|snr=10,-94,-10,10,2,1,0.000671817265704,0.000690131124914
rsrp=-94|rsrq=-9|snr=6,-94,-9,6,2,1,0.000671817265704,0.000690131124914
rsrp=-102|rsrq=-16|snr=6,-102,-16,6,2,1,0.000671817265704,0.000669344042838
rsrp=-101|rsrq=-10|snr=7,-101,-10,7,2,1,0.000671817265704,0.000669344042838
rsrp=-100|rsrq=-18|snr=2,-100,-18,2,2,1,0.000671817265704,0.000669344042838
rsrp=-100|rsrq=-13|snr=-7,-100,-13,-7,2,1,0.000671817265704,0.000669344042838
rsrp=-100|rsrq=-12|snr=1,-100,-12,1,2,1,0.000671817265704,0.000669344042838
rsrp=-100|rsrq=-11|snr=0,-100,-11,0,2,1,0.000671817265704,0.000669344042838
rsrp=-100|rsrq=-10|snr=-7,-100,-10,-7,2,1,0.000671817265704,0.000669344042838
rsrp=-100|rsrq=-10|snr=-6,-100,-10,-6,2,1,0.000671817265704,0.000669344042838
rsrp=-100|rsrq=-10|snr=-4,-100,-10,-4,2,1,0.000671817265704,0.000669344042838
rsrp=-100|rsrq=-9|snr=5,-100,-9,5,2,1,0.000671817265704,0.000669344042838
rsrp=-99|rsrq=-12|snr=-6,-99,-12,-6,2,1,0.000671817265704,0.000669344042838
rsrp=-99|rsrq=-12|snr=7,-99,-12,7,2,1,0.000671817265704,0.000669344042838
rsrp=-99|rsrq=-12|snr=9,-99,-12,9,2,1,0.000671817265704,0.000669344042838
rsrp=-99|rsrq=-10|snr=-8,-99,-10,-8,2,1,0.000671817265704,0.000669344042838
rsrp=-99|rsrq=-10|snr=7,-99,-10,7,2,1,0.000671817265704,0.000669344042838
rsrp=-99|rsrq=-10|snr=9,-99,-10,9,2,1,0.000671817265704,0.000669344042838
rsrp=-99|rsrq=-9|snr=1,-99,-9,1,2,1,0.000671817265704,0.000669344042838
rsrp=-99|rsrq=-9|snr=7,-99,-9,7,2,1,0.000671817265704,0.000669344042838
rsrp=-98|rsrq=-13|snr=13,-98,-13,13,2,1,0.000671817265704,0.000669344042838
rsrp=-98|rsrq=-11|snr=6,-98,-11,6,2,1,0.000671817265704,0.000669344042838
rsrp=-98|rsrq=-9|snr=13,-98,-9,13,2,1,0.000671817265704,0.000669344042838
rsrp=-107|rsrq=-14|snr=4,-107,-14,4,2,1,0.000671817265704,0.000665335994677
rsrp=-106|rsrq=-13|snr=1,-106,-13,1,2,1,0.000671817265704,0.000665335994677
rsrp=-105|rsrq=-14|snr=-4,-105,-14,-4,2,1,0.000671817265704,0.000665335994677
rsrp=-105|rsrq=-12|snr=-5,-105,-12,-5,2,1,0.000671817265704,0.000665335994677
rsrp=-105|rsrq=-12|snr=-4,-105,-12,-4,2,1,0.000671817265704,0.000665335994677
rsrp=-105|rsrq=-11|snr=10,-105,-11,10,2,1,0.000671817265704,0.000665335994677
rsrp=-104|rsrq=-15|snr=11,-104,-15,11,2,1,0.000671817265704,0.000665335994677
rsrp=-104|rsrq=-14|snr=2,-104,-14,2,2,1,0.000671817265704,0.000665335994677
rsrp=-104|rsrq=-14|snr=6,-104,-14,6,2,1,0.000671817265704,0.000665335994677
rsrp=-104|rsrq=-12|snr=5,-104,-12,5,2,1,0.000671817265704,0.000665335994677
rsrp=-104|rsrq=-11|snr=1,-104,-11,1,2,1,0.000671817265704,0.000665335994677
rsrp=-104|rsrq=-11|snr=4,-104,-11,4,2,1,0.000671817265704,0.000665335994677
rsrp=-103|rsrq=-17|snr=2,-103,-17,2,2,1,0.000671817265704,0.000665335994677
rsrp=-103|rsrq=-14|snr=4,-103,-14,4,2,1,0.000671817265704,0.000665335994677
rsrp=-103|rsrq=-13|snr=-2,-103,-13,-2,2,1,0.000671817265704,0.000665335994677
rsrp=-103|rsrq=-13|snr=10,-103,-13,10,2,1,0.000671817265704,0.000665335994677
rsrp=-103|rsrq=-12|snr=-2,-103,-12,-2,2,1,0.000671817265704,0.000665335994677
rsrp=-103|rsrq=-12|snr=8,-103,-12,8,2,1,0.000671817265704,0.000665335994677
rsrp=-103|rsrq=-11|snr=11,-103,-11,11,2,1,0.000671817265704,0.000665335994677
rsrp=-103|rsrq=-9|snr=-2,-103,-9,-2,2,1,0.000671817265704,0.000665335994677
rsrp=-102|rsrq=-18|snr=-3,-102,-18,-3,2,1,0.000671817265704,0.000665335994677
rsrp=-102|rsrq=-17|snr=-2,-102,-17,-2,2,1,0.000671817265704,0.000665335994677
rsrp=-102|rsrq=-17|snr=-1,-102,-17,-1,2,1,0.000671817265704,0.000665335994677
rsrp=-102|rsrq=-17|snr=6,-102,-17,6,2,1,0.000671817265704,0.000665335994677
rsrp=-102|rsrq=-16|snr=7,-102,-16,7,2,1,0.000671817265704,0.000665335994677
rsrp=-102|rsrq=-15|snr=-3,-102,-15,-3,2,1,0.000671817265704,0.000665335994677
rsrp=-102|rsrq=-15|snr=-2,-102,-15,-2,2,1,0.000671817265704,0.000665335994677
rsrp=-102|rsrq=-13|snr=6,-102,-13,6,2,1,0.000671817265704,0.000665335994677
rsrp=-102|rsrq=-12|snr=-1,-102,-12,-1,2,1,0.000671817265704,0.000665335994677
rsrp=-102|rsrq=-12|snr=2,-102,-12,2,2,1,0.000671817265704,0.000665335994677
rsrp=-101|rsrq=-18|snr=0,-101,-18,0,2,1,0.000671817265704,0.000665335994677
rsrp=-101|rsrq=-16|snr=-2,-101,-16,-2,2,1,0.000671817265704,0.000665335994677
rsrp=-101|rsrq=-15|snr=-1,-101,-15,-1,2,1,0.000671817265704,0.000665335994677
rsrp=-101|rsrq=-15|snr=2,-101,-15,2,2,1,0.000671817265704,0.000665335994677
rsrp=-101|rsrq=-15|snr=4,-101,-15,4,2,1,0.000671817265704,0.000665335994677
rsrp=-101|rsrq=-14|snr=-1,-101,-14,-1,2,1,0.000671817265704,0.000665335994677
rsrp=-101|rsrq=-14|snr=3,-101,-14,3,2,1,0.000671817265704,0.000665335994677
rsrp=-101|rsrq=-14|snr=5,-101,-14,5,2,1,0.000671817265704,0.000665335994677
rsrp=-101|rsrq=-13|snr=0,-101,-13,0,2,1,0.000671817265704,0.000665335994677
rsrp=-101|rsrq=-12|snr=0,-101,-12,0,2,1,0.000671817265704,0.000665335994677
rsrp=-101|rsrq=-12|snr=7,-101,-12,7,2,1,0.000671817265704,0.000665335994677
rsrp=-101|rsrq=-11|snr=4,-101,-11,4,2,1,0.000671817265704,0.000665335994677
rsrp=-101|rsrq=-10|snr=2,-101,-10,2,2,1,0.000671817265704,0.000665335994677
rsrp=-100|rsrq=-19|snr=-3,-100,-19,-3,2,1,0.000671817265704,0.000665335994677
rsrp=-100|rsrq=-19|snr=-1,-100,-19,-1,2,1,0.000671817265704,0.000665335994677
rsrp=-100|rsrq=-17|snr=7,-100,-17,7,2,1,0.000671817265704,0.000665335994677
rsrp=-100|rsrq=-16|snr=3,-100,-16,3,2,1,0.000671817265704,0.000665335994677
rsrp=-100|rsrq=-15|snr=-3,-100,-15,-3,2,1,0.000671817265704,0.000665335994677
rsrp=-100|rsrq=-14|snr=-2,-100,-14,-2,2,1,0.000671817265704,0.000665335994677
rsrp=-100|rsrq=-13|snr=-4,-100,-13,-4,2,1,0.000671817265704,0.000665335994677
rsrp=-100|rsrq=-13|snr=-2,-100,-13,-2,2,1,0.000671817265704,0.000665335994677
rsrp=-100|rsrq=-13|snr=0,-100,-13,0,2,1,0.000671817265704,0.000665335994677
rsrp=-100|rsrq=-13|snr=6,-100,-13,6,2,1,0.000671817265704,0.000665335994677
rsrp=-100|rsrq=-13|snr=10,-100,-13,10,2,1,0.000671817265704,0.000665335994677
rsrp=-100|rsrq=-12|snr=-1,-100,-12,-1,2,1,0.000671817265704,0.000665335994677
rsrp=-100|rsrq=-12|snr=3,-100,-12,3,2,1,0.000671817265704,0.000665335994677
rsrp=-100|rsrq=-11|snr=-4,-100,-11,-4,2,1,0.000671817265704,0.000665335994677
rsrp=-100|rsrq=-11|snr=11,-100,-11,11,2,1,0.000671817265704,0.000665335994677
rsrp=-100|rsrq=-10|snr=-5,-100,-10,-5,2,1,0.000671817265704,0.000665335994677
rsrp=-100|rsrq=-10|snr=9,-100,-10,9,2,1,0.000671817265704,0.000665335994677
rsrp=-100|rsrq=-9|snr=0,-100,-9,0,2,1,0.000671817265704,0.000665335994677
rsrp=-99|rsrq=-18|snr=-3,-99,-18,-3,2,1,0.000671817265704,0.000665335994677
rsrp=-99|rsrq=-17|snr=4,-99,-17,4,2,1,0.000671817265704,0.000665335994677
rsrp=-99|rsrq=-16|snr=-3,-99,-16,-3,2,1,0.000671817265704,0.000665335994677
rsrp=-99|rsrq=-16|snr=-1,-99,-16,-1,2,1,0.000671817265704,0.000665335994677
rsrp=-99|rsrq=-16|snr=7,-99,-16,7,2,1,0.000671817265704,0.000665335994677
rsrp=-99|rsrq=-15|snr=-4,-99,-15,-4,2,1,0.000671817265704,0.000665335994677
rsrp=-99|rsrq=-15|snr=2,-99,-15,2,2,1,0.000671817265704,0.000665335994677
rsrp=-99|rsrq=-14|snr=8,-99,-14,8,2,1,0.000671817265704,0.000665335994677
rsrp=-99|rsrq=-11|snr=9,-99,-11,9,2,1,0.000671817265704,0.000665335994677
rsrp=-99|rsrq=-10|snr=-4,-99,-10,-4,2,1,0.000671817265704,0.000665335994677
rsrp=-99|rsrq=-10|snr=5,-99,-10,5,2,1,0.000671817265704,0.000665335994677
rsrp=-99|rsrq=-10|snr=13,-99,-10,13,2,1,0.000671817265704,0.000665335994677
rsrp=-98|rsrq=-17|snr=-1,-98,-17,-1,2,1,0.000671817265704,0.000665335994677
rsrp=-98|rsrq=-16|snr=-2,-98,-16,-2,2,1,0.000671817265704,0.000665335994677
rsrp=-98|rsrq=-16|snr=8,-98,-16,8,2,1,0.000671817265704,0.000665335994677
rsrp=-98|rsrq=-15|snr=9,-98,-15,9,2,1,0.000671817265704,0.000665335994677
rsrp=-98|rsrq=-13|snr=8,-98,-13,8,2,1,0.000671817265704,0.000665335994677
rsrp=-98|rsrq=-12|snr=-2,-98,-12,-2,2,1,0.000671817265704,0.000665335994677
rsrp=-98|rsrq=-12|snr=13,-98,-12,13,2,1,0.000671817265704,0.000665335994677
rsrp=-98|rsrq=-11|snr=1,-98,-11,1,2,1,0.000671817265704,0.000665335994677
rsrp=-98|rsrq=-10|snr=5,-98,-10,5,2,1,0.000671817265704,0.000665335994677
rsrp=-98|rsrq=-10|snr=8,-98,-10,8,2,1,0.000671817265704,0.000665335994677
rsrp=-98|rsrq=-10|snr=9,-98,-10,9,2,1,0.000671817265704,0.000665335994677
rsrp=-97|rsrq=-10|snr=13,-97,-10,13,2,1,0.000671817265704,0.000665335994677
rsrp=-97|rsrq=-9|snr=8,-97,-9,8,2,1,0.000671817265704,0.000665335994677
rsrp=-103|rsrq=-13|snr=-4,-103,-13,-4,2,1,0.000671817265704,0.000661375661376
rsrp=-103|rsrq=-11|snr=6,-103,-11,6,2,1,0.000671817265704,0.000661375661376
rsrp=-103|rsrq=-11|snr=9,-103,-11,9,2,1,0.000671817265704,0.000661375661376
rsrp=-103|rsrq=-10|snr=5,-103,-10,5,2,1,0.000671817265704,0.000661375661376
rsrp=-103|rsrq=-10|snr=6,-103,-10,6,2,1,0.000671817265704,0.000661375661376
rsrp=-103|rsrq=-9|snr=6,-103,-9,6,2,1,0.000671817265704,0.000661375661376
rsrp=-102|rsrq=-18|snr=-4,-102,-18,-4,2,1,0.000671817265704,0.000661375661376
rsrp=-102|rsrq=-15|snr=4,-102,-15,4,2,1,0.000671817265704,0.000661375661376
rsrp=-102|rsrq=-14|snr=8,-102,-14,8,2,1,0.000671817265704,0.000661375661376
rsrp=-102|rsrq=-13|snr=8,-102,-13,8,2,1,0.000671817265704,0.000661375661376
rsrp=-102|rsrq=-11|snr=-4,-102,-11,-4,2,1,0.000671817265704,0.000661375661376
rsrp=-102|rsrq=-11|snr=-2,-102,-11,-2,2,1,0.000671817265704,0.000661375661376
rsrp=-102|rsrq=-11|snr=0,-102,-11,0,2,1,0.000671817265704,0.000661375661376
rsrp=-102|rsrq=-11|snr=8,-102,-11,8,2,1,0.000671817265704,0.000661375661376
rsrp=-102|rsrq=-10|snr=-3,-102,-10,-3,2,1,0.000671817265704,0.000661375661376
rsrp=-102|rsrq=-10|snr=4,-102,-10,4,2,1,0.000671817265704,0.000661375661376
rsrp=-102|rsrq=-10|snr=6,-102,-10,6,2,1,0.000671817265704,0.000661375661376
rsrp=-102|rsrq=-10|snr=7,-102,-10,7,2,1,0.000671817265704,0.000661375661376
rsrp=-102|rsrq=-10|snr=11,-102,-10,11,2,1,0.000671817265704,0.000661375661376
rsrp=-102|rsrq=-10|snr=12,-102,-10,12,2,1,0.000671817265704,0.000661375661376
rsrp=-101|rsrq=-18|snr=-2,-101,-18,-2,2,1,0.000671817265704,0.000661375661376
rsrp=-101|rsrq=-17|snr=10,-101,-17,10,2,1,0.000671817265704,0.000661375661376
rsrp=-101|rsrq=-15|snr=-4,-101,-15,-4,2,1,0.000671817265704,0.000661375661376
rsrp=-101|rsrq=-15|snr=8,-101,-15,8,2,1,0.000671817265704,0.000661375661376
rsrp=-101|rsrq=-14|snr=8,-101,-14,8,2,1,0.000671817265704,0.000661375661376
rsrp=-101|rsrq=-13|snr=-1,-101,-13,-1,2,1,0.000671817265704,0.000661375661376
rsrp=-101|rsrq=-12|snr=-2,-101,-12,-2,2,1,0.000671817265704,0.000661375661376
rsrp=-101|rsrq=-12|snr=5,-101,-12,5,2,1,0.000671817265704,0.000661375661376
rsrp=-101|rsrq=-12|snr=8,-101,-12,8,2,1,0.000671817265704,0.000661375661376
rsrp=-101|rsrq=-11|snr=-4,-101,-11,-4,2,1,0.000671817265704,0.000661375661376
rsrp=-101|rsrq=-11|snr=-3,-101,-11,-3,2,1,0.000671817265704,0.000661375661376
rsrp=-101|rsrq=-11|snr=7,-101,-11,7,2,1,0.000671817265704,0.000661375661376
rsrp=-101|rsrq=-11|snr=10,-101,-11,10,2,1,0.000671817265704,0.000661375661376
rsrp=-101|rsrq=-11|snr=11,-101,-11,11,2,1,0.000671817265704,0.000661375661376
rsrp=-101|rsrq=-10|snr=-1,-101,-10,-1,2,1,0.000671817265704,0.000661375661376
rsrp=-101|rsrq=-10|snr=1,-101,-10,1,2,1,0.000671817265704,0.000661375661376
rsrp=-101|rsrq=-10|snr=5,-101,-10,5,2,1,0.000671817265704,0.000661375661376
rsrp=-101|rsrq=-9|snr=-5,-101,-9,-5,2,1,0.000671817265704,0.000661375661376
rsrp=-100|rsrq=-18|snr=9,-100,-18,9,2,1,0.000671817265704,0.000661375661376
rsrp=-100|rsrq=-17|snr=10,-100,-17,10,2,1,0.000671817265704,0.000661375661376
rsrp=-100|rsrq=-16|snr=1,-100,-16,1,2,1,0.000671817265704,0.000661375661376
rsrp=-100|rsrq=-15|snr=0,-100,-15,0,2,1,0.000671817265704,0.000661375661376
rsrp=-100|rsrq=-15|snr=5,-100,-15,5,2,1,0.000671817265704,0.000661375661376
rsrp=-100|rsrq=-15|snr=12,-100,-15,12,2,1,0.000671817265704,0.000661375661376
rsrp=-100|rsrq=-14|snr=11,-100,-14,11,2,1,0.000671817265704,0.000661375661376
rsrp=-100|rsrq=-13|snr=5,-100,-13,5,2,1,0.000671817265704,0.000661375661376
rsrp=-100|rsrq=-13|snr=11,-100,-13,11,2,1,0.000671817265704,0.000661375661376
rsrp=-100|rsrq=-12|snr=-5,-100,-12,-5,2,1,0.000671817265704,0.000661375661376
rsrp=-100|rsrq=-12|snr=-4,-100,-12,-4,2,1,0.000671817265704,0.000661375661376
rsrp=-100|rsrq=-11|snr=-9,-100,-11,-9,2,1,0.000671817265704,0.000661375661376
rsrp=-100|rsrq=-11|snr=-3,-100,-11,-3,2,1,0.000671817265704,0.000661375661376
rsrp=-100|rsrq=-10|snr=10,-100,-10,10,2,1,0.000671817265704,0.000661375661376
rsrp=-100|rsrq=-10|snr=11,-100,-10,11,2,1,0.000671817265704,0.000661375661376
rsrp=-100|rsrq=-9|snr=12,-100,-9,12,2,1,0.000671817265704,0.000661375661376
rsrp=-99|rsrq=-16|snr=2,-99,-16,2,2,1,0.000671817265704,0.000661375661376
rsrp=-99|rsrq=-16|snr=9,-99,-16,9,2,1,0.000671817265704,0.000661375661376
rsrp=-99|rsrq=-15|snr=7,-99,-15,7,2,1,0.000671817265704,0.000661375661376
rsrp=-99|rsrq=-15|snr=8,-99,-15,8,2,1,0.000671817265704,0.000661375661376
rsrp=-99|rsrq=-14|snr=0,-99,-14,0,2,1,0.000671817265704,0.000661375661376
rsrp=-99|rsrq=-14|snr=3,-99,-14,3,2,1,0.000671817265704,0.000661375661376
rsrp=-99|rsrq=-14|snr=7,-99,-14,7,2,1,0.000671817265704,0.000661375661376
rsrp=-99|rsrq=-14|snr=9,-99,-14,9,2,1,0.000671817265704,0.000661375661376
rsrp=-99|rsrq=-14|snr=11,-99,-14,11,2,1,0.000671817265704,0.000661375661376
rsrp=-99|rsrq=-13|snr=6,-99,-13,6,2,1,0.000671817265704,0.000661375661376
rsrp=-99|rsrq=-13|snr=9,-99,-13,9,2,1,0.000671817265704,0.000661375661376
rsrp=-99|rsrq=-12|snr=-4,-99,-12,-4,2,1,0.000671817265704,0.000661375661376
rsrp=-99|rsrq=-12|snr=-2,-99,-12,-2,2,1,0.000671817265704,0.000661375661376
rsrp=-99|rsrq=-12|snr=0,-99,-12,0,2,1,0.000671817265704,0.000661375661376
rsrp=-99|rsrq=-12|snr=2,-99,-12,2,2,1,0.000671817265704,0.000661375661376
rsrp=-99|rsrq=-11|snr=-5,-99,-11,-5,2,1,0.000671817265704,0.000661375661376
rsrp=-99|rsrq=-11|snr=-3,-99,-11,-3,2,1,0.000671817265704,0.000661375661376
rsrp=-99|rsrq=-9|snr=-5,-99,-9,-5,2,1,0.000671817265704,0.000661375661376
rsrp=-99|rsrq=-9|snr=4,-99,-9,4,2,1,0.000671817265704,0.000661375661376
rsrp=-99|rsrq=-9|snr=11,-99,-9,11,2,1,0.000671817265704,0.000661375661376
rsrp=-98|rsrq=-18|snr=2,-98,-18,2,2,1,0.000671817265704,0.000661375661376
rsrp=-98|rsrq=-17|snr=-2,-98,-17,-2,2,1,0.000671817265704,0.000661375661376
rsrp=-98|rsrq=-17|snr=0,-98,-17,0,2,1,0.000671817265704,0.000661375661376
rsrp=-98|rsrq=-17|snr=6,-98,-17,6,2,1,0.000671817265704,0.000661375661376
rsrp=-98|rsrq=-16|snr=-1,-98,-16,-1,2,1,0.000671817265704,0.000661375661376
rsrp=-98|rsrq=-15|snr=-2,-98,-15,-2,2,1,0.000671817265704,0.000661375661376
rsrp=-98|rsrq=-15|snr=11,-98,-15,11,2,1,0.000671817265704,0.000661375661376
rsrp=-98|rsrq=-14|snr=0,-98,-14,0,2,1,0.000671817265704,0.000661375661376
rsrp=-98|rsrq=-14|snr=9,-98,-14,9,2,1,0.000671817265704,0.000661375661376
rsrp=-98|rsrq=-14|snr=12,-98,-14,12,2,1,0.000671817265704,0.000661375661376
rsrp=-98|rsrq=-13|snr=-3,-98,-13,-3,2,1,0.000671817265704,0.000661375661376
rsrp=-98|rsrq=-13|snr=0,-98,-13,0,2,1,0.000671817265704,0.000661375661376
rsrp=-98|rsrq=-13|snr=12,-98,-13,12,2,1,0.000671817265704,0.000661375661376
rsrp=-98|rsrq=-12|snr=-1,-98,-12,-1,2,1,0.000671817265704,0.000661375661376
rsrp=-98|rsrq=-12|snr=11,-98,-12,11,2,1,0.000671817265704,0.000661375661376
rsrp=-98|rsrq=-11|snr=11,-98,-11,11,2,1,0.000671817265704,0.000661375661376
rsrp=-97|rsrq=-16|snr=-3,-97,-16,-3,2,1,0.000671817265704,0.000661375661376
rsrp=-97|rsrq=-16|snr=0,-97,-16,0,2,1,0.000671817265704,0.000661375661376
rsrp=-97|rsrq=-16|snr=1,-97,-16,1,2,1,0.000671817265704,0.000661375661376
rsrp=-97|rsrq=-16|snr=9,-97,-16,9,2,1,0.000671817265704,0.000661375661376
rsrp=-97|rsrq=-16|snr=10,-97,-16,10,2,1,0.000671817265704,0.000661375661376
rsrp=-97|rsrq=-15|snr=-5,-97,-15,-5,2,1,0.000671817265704,0.000661375661376
rsrp=-97|rsrq=-15|snr=3,-97,-15,3,2,1,0.000671817265704,0.000661375661376
rsrp=-97|rsrq=-14|snr=3,-97,-14,3,2,1,0.000671817265704,0.000661375661376
rsrp=-97|rsrq=-14|snr=9,-97,-14,9,2,1,0.000671817265704,0.000661375661376
rsrp=-97|rsrq=-13|snr=-4,-97,-13,-4,2,1,0.000671817265704,0.000661375661376
rsrp=-97|rsrq=-13|snr=-1,-97,-13,-1,2,1,0.000671817265704,0.000661375661376
rsrp=-97|rsrq=-13|snr=0,-97,-13,0,2,1,0.000671817265704,0.000661375661376
rsrp=-97|rsrq=-13|snr=3,-97,-13,3,2,1,0.000671817265704,0.000661375661376
rsrp=-97|rsrq=-12|snr=0,-97,-12,0,2,1,0.000671817265704,0.000661375661376
rsrp=-97|rsrq=-12|snr=6,-97,-12,6,2,1,0.000671817265704,0.000661375661376
rsrp=-97|rsrq=-11|snr=7,-97,-11,7,2,1,0.000671817265704,0.000661375661376
rsrp=-97|rsrq=-11|snr=8,-97,-11,8,2,1,0.000671817265704,0.000661375661376
rsrp=-96|rsrq=-15|snr=-3,-96,-15,-3,2,1,0.000671817265704,0.000661375661376
rsrp=-96|rsrq=-14|snr=5,-96,-14,5,2,1,0.000671817265704,0.000661375661376
rsrp=-96|rsrq=-13|snr=-3,-96,-13,-3,2,1,0.000671817265704,0.000661375661376
rsrp=-96|rsrq=-12|snr=2,-96,-12,2,2,1,0.000671817265704,0.000661375661376
rsrp=-95|rsrq=-15|snr=-6,-95,-15,-6,2,1,0.000671817265704,0.000661375661376
rsrp=-95|rsrq=-15|snr=-5,-95,-15,-5,2,1,0.000671817265704,0.000661375661376
rsrp=-95|rsrq=-15|snr=-2,-95,-15,-2,2,1,0.000671817265704,0.000661375661376
rsrp=-95|rsrq=-14|snr=-3,-95,-14,-3,2,1,0.000671817265704,0.000661375661376
rsrp=-95|rsrq=-12|snr=-12,-95,-12,-12,2,1,0.000671817265704,0.000661375661376
rsrp=-94|rsrq=-19|snr=-10,-94,-19,-10,2,1,0.000671817265704,0.000661375661376
rsrp=-94|rsrq=-17|snr=0,-94,-17,0,2,1,0.000671817265704,0.000661375661376
rsrp=-94|rsrq=-16|snr=-8,-94,-16,-8,2,1,0.000671817265704,0.000661375661376
rsrp=-94|rsrq=-16|snr=-2,-94,-16,-2,2,1,0.000671817265704,0.000661375661376
rsrp=-94|rsrq=-15|snr=-2,-94,-15,-2,2,1,0.000671817265704,0.000661375661376
rsrp=-94|rsrq=-15|snr=1,-94,-15,1,2,1,0.000671817265704,0.000661375661376
rsrp=-94|rsrq=-14|snr=-3,-94,-14,-3,2,1,0.000671817265704,0.000661375661376
rsrp=-94|rsrq=-14|snr=-1,-94,-14,-1,2,1,0.000671817265704,0.000661375661376
rsrp=-94|rsrq=-14|snr=1,-94,-14,1,2,1,0.000671817265704,0.000661375661376
rsrp=-94|rsrq=-13|snr=-7,-94,-13,-7,2,1,0.000671817265704,0.000661375661376
rsrp=-94|rsrq=-13|snr=-2,-94,-13,-2,2,1,0.000671817265704,0.000661375661376
rsrp=-94|rsrq=-13|snr=1,-94,-13,1,2,1,0.000671817265704,0.000661375661376
rsrp=-94|rsrq=-13|snr=2,-94,-13,2,2,1,0.000671817265704,0.000661375661376
rsrp=-94|rsrq=-12|snr=-2,-94,-12,-2,2,1,0.000671817265704,0.000661375661376
rsrp=-94|rsrq=-12|snr=1,-94,-12,1,2,1,0.000671817265704,0.000661375661376
rsrp=-94|rsrq=-11|snr=-1,-94,-11,-1,2,1,0.000671817265704,0.000661375661376
rsrp=-93|rsrq=-17|snr=-10,-93,-17,-10,2,1,0.000671817265704,0.000661375661376
rsrp=-93|rsrq=-17|snr=-1,-93,-17,-1,2,1,0.000671817265704,0.000661375661376
rsrp=-93|rsrq=-17|snr=3,-93,-17,3,2,1,0.000671817265704,0.000661375661376
rsrp=-93|rsrq=-16|snr=-5,-93,-16,-5,2,1,0.000671817265704,0.000661375661376
rsrp=-93|rsrq=-16|snr=-4,-93,-16,-4,2,1,0.000671817265704,0.000661375661376
rsrp=-93|rsrq=-16|snr=-2,-93,-16,-2,2,1,0.000671817265704,0.000661375661376
rsrp=-93|rsrq=-16|snr=-1,-93,-16,-1,2,1,0.000671817265704,0.000661375661376
rsrp=-93|rsrq=-16|snr=0,-93,-16,0,2,1,0.000671817265704,0.000661375661376
rsrp=-93|rsrq=-16|snr=1,-93,-16,1,2,1,0.000671817265704,0.000661375661376
rsrp=-93|rsrq=-15|snr=-10,-93,-15,-10,2,1,0.000671817265704,0.000661375661376
rsrp=-93|rsrq=-15|snr=-9,-93,-15,-9,2,1,0.000671817265704,0.000661375661376
rsrp=-93|rsrq=-15|snr=-8,-93,-15,-8,2,1,0.000671817265704,0.000661375661376
rsrp=-93|rsrq=-15|snr=-1,-93,-15,-1,2,1,0.000671817265704,0.000661375661376
rsrp=-93|rsrq=-15|snr=0,-93,-15,0,2,1,0.000671817265704,0.000661375661376
rsrp=-93|rsrq=-15|snr=1,-93,-15,1,2,1,0.000671817265704,0.000661375661376
rsrp=-93|rsrq=-15|snr=3,-93,-15,3,2,1,0.000671817265704,0.000661375661376
rsrp=-93|rsrq=-14|snr=-4,-93,-14,-4,2,1,0.000671817265704,0.000661375661376
rsrp=-93|rsrq=-14|snr=-3,-93,-14,-3,2,1,0.000671817265704,0.000661375661376
rsrp=-93|rsrq=-14|snr=1,-93,-14,1,2,1,0.000671817265704,0.000661375661376
rsrp=-93|rsrq=-13|snr=-2,-93,-13,-2,2,1,0.000671817265704,0.000661375661376
rsrp=-93|rsrq=-13|snr=-1,-93,-13,-1,2,1,0.000671817265704,0.000661375661376
rsrp=-93|rsrq=-13|snr=0,-93,-13,0,2,1,0.000671817265704,0.000661375661376
rsrp=-93|rsrq=-13|snr=1,-93,-13,1,2,1,0.000671817265704,0.000661375661376
rsrp=-93|rsrq=-12|snr=-10,-93,-12,-10,2,1,0.000671817265704,0.000661375661376
rsrp=-93|rsrq=-12|snr=-4,-93,-12,-4,2,1,0.000671817265704,0.000661375661376
rsrp=-93|rsrq=-12|snr=-2,-93,-12,-2,2,1,0.000671817265704,0.000661375661376
rsrp=-93|rsrq=-12|snr=-1,-93,-12,-1,2,1,0.000671817265704,0.000661375661376
rsrp=-93|rsrq=-12|snr=0,-93,-12,0,2,1,0.000671817265704,0.000661375661376
rsrp=-93|rsrq=-12|snr=2,-93,-12,2,2,1,0.000671817265704,0.000661375661376
rsrp=-93|rsrq=-12|snr=5,-93,-12,5,2,1,0.000671817265704,0.000661375661376
rsrp=-93|rsrq=-11|snr=2,-93,-11,2,2,1,0.000671817265704,0.000661375661376
rsrp=-92|rsrq=-18|snr=-1,-92,-18,-1,2,1,0.000671817265704,0.000661375661376
rsrp=-92|rsrq=-18|snr=4,-92,-18,4,2,1,0.000671817265704,0.000661375661376
rsrp=-92|rsrq=-17|snr=-10,-92,-17,-10,2,1,0.000671817265704,0.000661375661376
rsrp=-92|rsrq=-16|snr=-11,-92,-16,-11,2,1,0.000671817265704,0.000661375661376
rsrp=-92|rsrq=-16|snr=-7,-92,-16,-7,2,1,0.000671817265704,0.000661375661376
rsrp=-92|rsrq=-16|snr=-5,-92,-16,-5,2,1,0.000671817265704,0.000661375661376
rsrp=-92|rsrq=-16|snr=-4,-92,-16,-4,2,1,0.000671817265704,0.000661375661376
rsrp=-92|rsrq=-16|snr=-3,-92,-16,-3,2,1,0.000671817265704,0.000661375661376
rsrp=-92|rsrq=-16|snr=-1,-92,-16,-1,2,1,0.000671817265704,0.000661375661376
rsrp=-92|rsrq=-16|snr=1,-92,-16,1,2,1,0.000671817265704,0.000661375661376
rsrp=-92|rsrq=-15|snr=-11,-92,-15,-11,2,1,0.000671817265704,0.000661375661376
rsrp=-92|rsrq=-15|snr=-2,-92,-15,-2,2,1,0.000671817265704,0.000661375661376
rsrp=-92|rsrq=-15|snr=-1,-92,-15,-1,2,1,0.000671817265704,0.000661375661376
rsrp=-92|rsrq=-15|snr=1,-92,-15,1,2,1,0.000671817265704,0.000661375661376
rsrp=-92|rsrq=-15|snr=2,-92,-15,2,2,1,0.000671817265704,0.000661375661376
rsrp=-92|rsrq=-14|snr=-5,-92,-14,-5,2,1,0.000671817265704,0.000661375661376
rsrp=-92|rsrq=-14|snr=-3,-92,-14,-3,2,1,0.000671817265704,0.000661375661376
rsrp=-92|rsrq=-14|snr=-2,-92,-14,-2,2,1,0.000671817265704,0.000661375661376
rsrp=-92|rsrq=-14|snr=0,-92,-14,0,2,1,0.000671817265704,0.000661375661376
rsrp=-92|rsrq=-14|snr=1,-92,-14,1,2,1,0.000671817265704,0.000661375661376
rsrp=-92|rsrq=-14|snr=3,-92,-14,3,2,1,0.000671817265704,0.000661375661376
rsrp=-92|rsrq=-13|snr=-5,-92,-13,-5,2,1,0.000671817265704,0.000661375661376
rsrp=-92|rsrq=-13|snr=-2,-92,-13,-2,2,1,0.000671817265704,0.000661375661376
rsrp=-92|rsrq=-13|snr=-1,-92,-13,-1,2,1,0.000671817265704,0.000661375661376
rsrp=-92|rsrq=-13|snr=3,-92,-13,3,2,1,0.000671817265704,0.000661375661376
rsrp=-92|rsrq=-13|snr=4,-92,-13,4,2,1,0.000671817265704,0.000661375661376
rsrp=-92|rsrq=-12|snr=-11,-92,-12,-11,2,1,0.000671817265704,0.000661375661376
rsrp=-92|rsrq=-12|snr=-9,-92,-12,-9,2,1,0.000671817265704,0.000661375661376
rsrp=-92|rsrq=-12|snr=-4,-92,-12,-4,2,1,0.000671817265704,0.000661375661376
rsrp=-92|rsrq=-12|snr=-2,-92,-12,-2,2,1,0.000671817265704,0.000661375661376
rsrp=-92|rsrq=-12|snr=-1,-92,-12,-1,2,1,0.000671817265704,0.000661375661376
rsrp=-92|rsrq=-12|snr=0,-92,-12,0,2,1,0.000671817265704,0.000661375661376
rsrp=-92|rsrq=-12|snr=2,-92,-12,2,2,1,0.000671817265704,0.000661375661376
rsrp=-92|rsrq=-11|snr=0,-92,-11,0,2,1,0.000671817265704,0.000661375661376
rsrp=-92|rsrq=-11|snr=2,-92,-11,2,2,1,0.000671817265704,0.000661375661376
rsrp=-92|rsrq=-11|snr=4,-92,-11,4,2,1,0.000671817265704,0.000661375661376
rsrp=-91|rsrq=-18|snr=-12,-91,-18,-12,2,1,0.000671817265704,0.000661375661376
rsrp=-91|rsrq=-17|snr=-13,-91,-17,-13,2,1,0.000671817265704,0.000661375661376
rsrp=-91|rsrq=-16|snr=-10,-91,-16,-10,2,1,0.000671817265704,0.000661375661376
rsrp=-91|rsrq=-16|snr=-7,-91,-16,-7,2,1,0.000671817265704,0.000661375661376
rsrp=-91|rsrq=-16|snr=0,-91,-16,0,2,1,0.000671817265704,0.000661375661376
rsrp=-91|rsrq=-16|snr=1,-91,-16,1,2,1,0.000671817265704,0.000661375661376
rsrp=-91|rsrq=-15|snr=-9,-91,-15,-9,2,1,0.000671817265704,0.000661375661376
rsrp=-91|rsrq=-15|snr=0,-91,-15,0,2,1,0.000671817265704,0.000661375661376
rsrp=-91|rsrq=-15|snr=3,-91,-15,3,2,1,0.000671817265704,0.000661375661376
rsrp=-91|rsrq=-15|snr=5,-91,-15,5,2,1,0.000671817265704,0.000661375661376
rsrp=-91|rsrq=-15|snr=6,-91,-15,6,2,1,0.000671817265704,0.000661375661376
rsrp=-91|rsrq=-14|snr=-9,-91,-14,-9,2,1,0.000671817265704,0.000661375661376
rsrp=-91|rsrq=-14|snr=-6,-91,-14,-6,2,1,0.000671817265704,0.000661375661376
rsrp=-91|rsrq=-14|snr=-3,-91,-14,-3,2,1,0.000671817265704,0.000661375661376
rsrp=-91|rsrq=-14|snr=0,-91,-14,0,2,1,0.000671817265704,0.000661375661376
rsrp=-91|rsrq=-14|snr=1,-91,-14,1,2,1,0.000671817265704,0.000661375661376
rsrp=-91|rsrq=-14|snr=5,-91,-14,5,2,1,0.000671817265704,0.000661375661376
rsrp=-91|rsrq=-13|snr=-10,-91,-13,-10,2,1,0.000671817265704,0.000661375661376
rsrp=-91|rsrq=-13|snr=-5,-91,-13,-5,2,1,0.000671817265704,0.000661375661376
rsrp=-91|rsrq=-13|snr=-4,-91,-13,-4,2,1,0.000671817265704,0.000661375661376
rsrp=-91|rsrq=-13|snr=3,-91,-13,3,2,1,0.000671817265704,0.000661375661376
rsrp=-91|rsrq=-13|snr=6,-91,-13,6,2,1,0.000671817265704,0.000661375661376
rsrp=-91|rsrq=-12|snr=-2,-91,-12,-2,2,1,0.000671817265704,0.000661375661376
rsrp=-91|rsrq=-12|snr=0,-91,-12,0,2,1,0.000671817265704,0.000661375661376
rsrp=-91|rsrq=-12|snr=2,-91,-12,2,2,1,0.000671817265704,0.000661375661376
rsrp=-91|rsrq=-12|snr=4,-91,-12,4,2,1,0.000671817265704,0.000661375661376
rsrp=-91|rsrq=-12|snr=6,-91,-12,6,2,1,0.000671817265704,0.000661375661376
rsrp=-91|rsrq=-11|snr=-1,-91,-11,-1,2,1,0.000671817265704,0.000661375661376
rsrp=-91|rsrq=-11|snr=0,-91,-11,0,2,1,0.000671817265704,0.000661375661376
rsrp=-91|rsrq=-11|snr=4,-91,-11,4,2,1,0.000671817265704,0.000661375661376
rsrp=-91|rsrq=-11|snr=5,-91,-11,5,2,1,0.000671817265704,0.000661375661376
rsrp=-91|rsrq=-10|snr=-1,-91,-10,-1,2,1,0.000671817265704,0.000661375661376
rsrp=-91|rsrq=-10|snr=0,-91,-10,0,2,1,0.000671817265704,0.000661375661376
rsrp=-91|rsrq=-10|snr=2,-91,-10,2,2,1,0.000671817265704,0.000661375661376
rsrp=-90|rsrq=-19|snr=-7,-90,-19,-7,2,1,0.000671817265704,0.000661375661376
rsrp=-90|rsrq=-17|snr=-1,-90,-17,-1,2,1,0.000671817265704,0.000661375661376
rsrp=-90|rsrq=-16|snr=-6,-90,-16,-6,2,1,0.000671817265704,0.000661375661376
rsrp=-90|rsrq=-16|snr=-5,-90,-16,-5,2,1,0.000671817265704,0.000661375661376
rsrp=-90|rsrq=-16|snr=-4,-90,-16,-4,2,1,0.000671817265704,0.000661375661376
rsrp=-90|rsrq=-16|snr=0,-90,-16,0,2,1,0.000671817265704,0.000661375661376
rsrp=-90|rsrq=-16|snr=6,-90,-16,6,2,1,0.000671817265704,0.000661375661376
rsrp=-90|rsrq=-15|snr=-3,-90,-15,-3,2,1,0.000671817265704,0.000661375661376
rsrp=-90|rsrq=-15|snr=-2,-90,-15,-2,2,1,0.000671817265704,0.000661375661376
rsrp=-90|rsrq=-15|snr=0,-90,-15,0,2,1,0.000671817265704,0.000661375661376
rsrp=-90|rsrq=-15|snr=2,-90,-15,2,2,1,0.000671817265704,0.000661375661376
rsrp=-90|rsrq=-15|snr=4,-90,-15,4,2,1,0.000671817265704,0.000661375661376
rsrp=-90|rsrq=-14|snr=3,-90,-14,3,2,1,0.000671817265704,0.000661375661376
rsrp=-90|rsrq=-13|snr=-3,-90,-13,-3,2,1,0.000671817265704,0.000661375661376
rsrp=-90|rsrq=-13|snr=2,-90,-13,2,2,1,0.000671817265704,0.000661375661376
rsrp=-90|rsrq=-13|snr=4,-90,-13,4,2,1,0.000671817265704,0.000661375661376
rsrp=-90|rsrq=-13|snr=5,-90,-13,5,2,1,0.000671817265704,0.000661375661376
rsrp=-90|rsrq=-12|snr=1,-90,-12,1,2,1,0.000671817265704,0.000661375661376
rsrp=-90|rsrq=-12|snr=3,-90,-12,3,2,1,0.000671817265704,0.000661375661376
rsrp=-90|rsrq=-11|snr=-7,-90,-11,-7,2,1,0.000671817265704,0.000661375661376
rsrp=-90|rsrq=-11|snr=4,-90,-11,4,2,1,0.000671817265704,0.000661375661376
rsrp=-90|rsrq=-11|snr=6,-90,-11,6,2,1,0.000671817265704,0.000661375661376
rsrp=-90|rsrq=-10|snr=-1,-90,-10,-1,2,1,0.000671817265704,0.000661375661376
rsrp=-90|rsrq=-10|snr=2,-90,-10,2,2,1,0.000671817265704,0.000661375661376
rsrp=-89|rsrq=-17|snr=-5,-89,-17,-5,2,1,0.000671817265704,0.000661375661376
rsrp=-89|rsrq=-17|snr=-4,-89,-17,-4,2,1,0.000671817265704,0.000661375661376
rsrp=-89|rsrq=-16|snr=-8,-89,-16,-8,2,1,0.000671817265704,0.000661375661376
rsrp=-89|rsrq=-16|snr=-5,-89,-16,-5,2,1,0.000671817265704,0.000661375661376
rsrp=-89|rsrq=-16|snr=5,-89,-16,5,2,1,0.000671817265704,0.000661375661376
rsrp=-89|rsrq=-16|snr=6,-89,-16,6,2,1,0.000671817265704,0.000661375661376
rsrp=-89|rsrq=-16|snr=7,-89,-16,7,2,1,0.000671817265704,0.000661375661376
rsrp=-89|rsrq=-15|snr=-8,-89,-15,-8,2,1,0.000671817265704,0.000661375661376
rsrp=-89|rsrq=-15|snr=-7,-89,-15,-7,2,1,0.000671817265704,0.000661375661376
rsrp=-89|rsrq=-15|snr=-6,-89,-15,-6,2,1,0.000671817265704,0.000661375661376
rsrp=-89|rsrq=-15|snr=-4,-89,-15,-4,2,1,0.000671817265704,0.000661375661376
rsrp=-89|rsrq=-15|snr=0,-89,-15,0,2,1,0.000671817265704,0.000661375661376
rsrp=-89|rsrq=-15|snr=1,-89,-15,1,2,1,0.000671817265704,0.000661375661376
rsrp=-89|rsrq=-15|snr=2,-89,-15,2,2,1,0.000671817265704,0.000661375661376
rsrp=-89|rsrq=-15|snr=7,-89,-15,7,2,1,0.000671817265704,0.000661375661376
rsrp=-89|rsrq=-14|snr=-7,-89,-14,-7,2,1,0.000671817265704,0.000661375661376
rsrp=-89|rsrq=-14|snr=-6,-89,-14,-6,2,1,0.000671817265704,0.000661375661376
rsrp=-89|rsrq=-14|snr=-3,-89,-14,-3,2,1,0.000671817265704,0.000661375661376
rsrp=-89|rsrq=-14|snr=-2,-89,-14,-2,2,1,0.000671817265704,0.000661375661376
rsrp=-89|rsrq=-13|snr=0,-89,-13,0,2,1,0.000671817265704,0.000661375661376
rsrp=-89|rsrq=-13|snr=2,-89,-13,2,2,1,0.000671817265704,0.000661375661376
rsrp=-89|rsrq=-13|snr=3,-89,-13,3,2,1,0.000671817265704,0.000661375661376
rsrp=-89|rsrq=-13|snr=8,-89,-13,8,2,1,0.000671817265704,0.000661375661376
rsrp=-89|rsrq=-12|snr=-1,-89,-12,-1,2,1,0.000671817265704,0.000661375661376
rsrp=-89|rsrq=-12|snr=2,-89,-12,2,2,1,0.000671817265704,0.000661375661376
rsrp=-89|rsrq=-12|snr=5,-89,-12,5,2,1,0.000671817265704,0.000661375661376
rsrp=-89|rsrq=-11|snr=-7,-89,-11,-7,2,1,0.000671817265704,0.000661375661376
rsrp=-89|rsrq=-11|snr=0,-89,-11,0,2,1,0.000671817265704,0.000661375661376
rsrp=-89|rsrq=-11|snr=3,-89,-11,3,2,1,0.000671817265704,0.000661375661376
rsrp=-89|rsrq=-11|snr=4,-89,-11,4,2,1,0.000671817265704,0.000661375661376
rsrp=-89|rsrq=-11|snr=6,-89,-11,6,2,1,0.000671817265704,0.000661375661376
rsrp=-89|rsrq=-10|snr=6,-89,-10,6,2,1,0.000671817265704,0.000661375661376
rsrp=-89|rsrq=-10|snr=7,-89,-10,7,2,1,0.000671817265704,0.000661375661376
rsrp=-88|rsrq=-18|snr=-8,-88,-18,-8,2,1,0.000671817265704,0.000661375661376
rsrp=-88|rsrq=-17|snr=-7,-88,-17,-7,2,1,0.000671817265704,0.000661375661376
rsrp=-88|rsrq=-16|snr=-5,-88,-16,-5,2,1,0.000671817265704,0.000661375661376
rsrp=-88|rsrq=-16|snr=-4,-88,-16,-4,2,1,0.000671817265704,0.000661375661376
rsrp=-88|rsrq=-15|snr=-3,-88,-15,-3,2,1,0.000671817265704,0.000661375661376
rsrp=-88|rsrq=-15|snr=-1,-88,-15,-1,2,1,0.000671817265704,0.000661375661376
rsrp=-88|rsrq=-15|snr=0,-88,-15,0,2,1,0.000671817265704,0.000661375661376
rsrp=-88|rsrq=-15|snr=4,-88,-15,4,2,1,0.000671817265704,0.000661375661376
rsrp=-88|rsrq=-15|snr=8,-88,-15,8,2,1,0.000671817265704,0.000661375661376
rsrp=-88|rsrq=-14|snr=2,-88,-14,2,2,1,0.000671817265704,0.000661375661376
rsrp=-88|rsrq=-12|snr=1,-88,-12,1,2,1,0.000671817265704,0.000661375661376
rsrp=-88|rsrq=-12|snr=4,-88,-12,4,2,1,0.000671817265704,0.000661375661376
rsrp=-88|rsrq=-12|snr=7,-88,-12,7,2,1,0.000671817265704,0.000661375661376
rsrp=-88|rsrq=-11|snr=-5,-88,-11,-5,2,1,0.000671817265704,0.000661375661376
rsrp=-87|rsrq=-17|snr=-6,-87,-17,-6,2,1,0.000671817265704,0.000661375661376
rsrp=-87|rsrq=-16|snr=-8,-87,-16,-8,2,1,0.000671817265704,0.000661375661376
rsrp=-87|rsrq=-14|snr=5,-87,-14,5,2,1,0.000671817265704,0.000661375661376
rsrp=-87|rsrq=-13|snr=-4,-87,-13,-4,2,1,0.000671817265704,0.000661375661376
rsrp=-87|rsrq=-11|snr=2,-87,-11,2,2,1,0.000671817265704,0.000661375661376
rsrp=-87|rsrq=-11|snr=4,-87,-11,4,2,1,0.000671817265704,0.000661375661376
rsrp=-84|rsrq=-11|snr=2,-84,-11,2,2,1,0.000671817265704,0.000661375661376
rsrp=-83|rsrq=-11|snr=3,-83,-11,3,2,1,0.000671817265704,0.000661375661376
rsrp=-82|rsrq=-10|snr=2,-82,-10,2,2,1,0.000671817265704,0.000661375661376
rsrp=-81|rsrq=-15|snr=0,-81,-15,0,2,1,0.000671817265704,0.000661375661376
rsrp=-81|rsrq=-14|snr=1,-81,-14,1,2,1,0.000671817265704,0.000661375661376
rsrp=-81|rsrq=-13|snr=-1,-81,-13,-1,2,1,0.000671817265704,0.000661375661376
rsrp=-81|rsrq=-13|snr=2,-81,-13,2,2,1,0.000671817265704,0.000661375661376
rsrp=-81|rsrq=-12|snr=1,-81,-12,1,2,1,0.000671817265704,0.000661375661376
rsrp=-81|rsrq=-12|snr=6,-81,-12,6,2,1,0.000671817265704,0.000661375661376
rsrp=-81|rsrq=-11|snr=-1,-81,-11,-1,2,1,0.000671817265704,0.000661375661376
rsrp=-81|rsrq=-11|snr=0,-81,-11,0,2,1,0.000671817265704,0.000661375661376
rsrp=-81|rsrq=-10|snr=-3,-81,-10,-3,2,1,0.000671817265704,0.000661375661376
rsrp=-81|rsrq=-10|snr=-2,-81,-10,-2,2,1,0.000671817265704,0.000661375661376
rsrp=-81|rsrq=-10|snr=-1,-81,-10,-1,2,1,0.000671817265704,0.000661375661376
rsrp=-81|rsrq=-10|snr=0,-81,-10,0,2,1,0.000671817265704,0.000661375661376
rsrp=-81|rsrq=-10|snr=6,-81,-10,6,2,1,0.000671817265704,0.000661375661376
rsrp=-81|rsrq=-9|snr=1,-81,-9,1,2,1,0.000671817265704,0.000661375661376
rsrp=-81|rsrq=-9|snr=2,-81,-9,2,2,1,0.000671817265704,0.000661375661376
rsrp=-80|rsrq=-16|snr=1,-80,-16,1,2,1,0.000671817265704,0.000661375661376
rsrp=-80|rsrq=-16|snr=3,-80,-16,3,2,1,0.000671817265704,0.000661375661376
rsrp=-80|rsrq=-14|snr=-1,-80,-14,-1,2,1,0.000671817265704,0.000661375661376
rsrp=-80|rsrq=-13|snr=-1,-80,-13,-1,2,1,0.000671817265704,0.000661375661376
rsrp=-80|rsrq=-13|snr=2,-80,-13,2,2,1,0.000671817265704,0.000661375661376
rsrp=-80|rsrq=-11|snr=-4,-80,-11,-4,2,1,0.000671817265704,0.000661375661376
rsrp=-80|rsrq=-11|snr=-3,-80,-11,-3,2,1,0.000671817265704,0.000661375661376
rsrp=-80|rsrq=-10|snr=-4,-80,-10,-4,2,1,0.000671817265704,0.000661375661376
rsrp=-80|rsrq=-10|snr=4,-80,-10,4,2,1,0.000671817265704,0.000661375661376
rsrp=-80|rsrq=-10|snr=5,-80,-10,5,2,1,0.000671817265704,0.000661375661376
rsrp=-80|rsrq=-9|snr=1,-80,-9,1,2,1,0.000671817265704,0.000661375661376
rsrp=-80|rsrq=-9|snr=5,-80,-9,5,2,1,0.000671817265704,0.000661375661376
rsrp=-79|rsrq=-11|snr=-6,-79,-11,-6,2,1,0.000671817265704,0.000661375661376
rsrp=-79|rsrq=-11|snr=-5,-79,-11,-5,2,1,0.000671817265704,0.000661375661376
rsrp=-79|rsrq=-10|snr=2,-79,-10,2,2,1,0.000671817265704,0.000661375661376
rsrp=-103|rsrq=-14|snr=-4,-103,-14,-4,1,1,0.000335908632852,0.000351617440225
rsrp=-103|rsrq=-14|snr=3,-103,-14,3,1,1,0.000335908632852,0.000351617440225
rsrp=-98|rsrq=-11|snr=2,-98,-11,2,1,1,0.000335908632852,0.000345065562457
rsrp=-96|rsrq=-18|snr=0,-96,-18,0,1,1,0.000335908632852,0.000345065562457
rsrp=-100|rsrq=-11|snr=12,-100,-11,12,1,1,0.000335908632852,0.000334672021419
rsrp=-106|rsrq=-13|snr=6,-106,-13,6,1,1,0.000335908632852,0.000332667997339
rsrp=-99|rsrq=-9|snr=2,-99,-9,2,1,1,0.000335908632852,0.000332667997339
rsrp=-98|rsrq=-12|snr=7,-98,-12,7,1,1,0.000335908632852,0.000330687830688
rsrp=-96|rsrq=-13|snr=-4,-96,-13,-4,1,1,0.000335908632852,0.000330687830688
rsrp=-90|rsrq=-14|snr=-1,-90,-14,-1,1,1,0.000335908632852,0.000330687830688
rsrp=-89|rsrq=-16|snr=1,-89,-16,1,1,1,0.000335908632852,0.000330687830688
rsrp=-86|rsrq=-16|snr=2,-86,-16,2,1,1,0.000335908632852,0.000330687830688
