metric,source_key,source_role,device,locked_role,candidate_id,execution_id,repetition,ploss,noise_power_dB,balanced_rows,mmd_squared,upv_p10,upv_median,upv_p90,rfsim_p10,rfsim_median,rfsim_p90
relative_RSRP,filename_sensitivity,scenario_interpretation_sensitivity_only,ASUS,calibration,ploss=-20|noise=-30,mgen-20260810-172302,1,-20,-30,10,0.825008815181,-1.35,0,1.645,0,0,0
relative_RSRP,filename_sensitivity,scenario_interpretation_sensitivity_only,ASUS,calibration,ploss=-20|noise=-30,mgen-20260810-180852,2,-20,-30,10,0.825008815181,-1.35,0,1.645,0,0,0
relative_RSRP,filename_sensitivity,scenario_interpretation_sensitivity_only,ASUS,calibration,ploss=-15|noise=-30,mgen-20260810-171719,1,-15,-30,10,0.825008815181,-1.35,0,1.645,0,0,0
relative_RSRP,filename_sensitivity,scenario_interpretation_sensitivity_only,ASUS,calibration,ploss=-15|noise=-30,mgen-20260810-180309,2,-15,-30,10,0.825008815181,-1.35,0,1.645,0,0,0
relative_RSRP,filename_sensitivity,scenario_interpretation_sensitivity_only,ASUS,calibration,ploss=-10|noise=-30,mgen-20260810-171135,1,-10,-30,10,0.825008815181,-1.35,0,1.645,0,0,0
relative_RSRP,filename_sensitivity,scenario_interpretation_sensitivity_only,ASUS,calibration,ploss=-10|noise=-30,mgen-20260810-175727,2,-10,-30,10,0.825008815181,-1.35,0,1.645,0,0,0
relative_RSRP,filename_sensitivity,scenario_interpretation_sensitivity_only,ASUS,calibration,ploss=-5|noise=-30,mgen-20260810-170448,1,-5,-30,10,0.825008815181,-1.35,0,1.645,0,0,0
relative_RSRP,filename_sensitivity,scenario_interpretation_sensitivity_only,ASUS,calibration,ploss=-5|noise=-30,mgen-20260810-175146,2,-5,-30,10,0.825008815181,-1.35,0,1.645,0,0,0
relative_RSRP,filename_sensitivity,scenario_interpretation_sensitivity_only,ASUS,calibration,ploss=-5|noise=-7,mgen-20260810-193641,1,-5,-7,10,0.278466987528,-1.35,0,1.645,-0.2044,-0.004,0.083
relative_RSRP,filename_sensitivity,scenario_interpretation_sensitivity_only,ASUS,calibration,ploss=-5|noise=-7,mgen-20260810-194833,2,-5,-7,10,0.722109372079,-1.35,0,1.645,-0.0083,0,0
relative_RSRP,filename_sensitivity,scenario_interpretation_sensitivity_only,ASUS,calibration,ploss=0|noise=-20,mgen-20260810-172844,1,0,-20,10,0.825008815181,-1.35,0,1.645,0,0,0
relative_RSRP,filename_sensitivity,scenario_interpretation_sensitivity_only,ASUS,calibration,ploss=0|noise=-20,mgen-20260810-181441,2,0,-20,10,0.825008815181,-1.35,0,1.645,0,0,0
relative_RSRP,filename_sensitivity,scenario_interpretation_sensitivity_only,ASUS,calibration,ploss=0|noise=-10,mgen-20260810-173427,1,0,-10,10,0.299205085987,-1.35,0,1.645,-0.084,0.03,0.1827
relative_RSRP,filename_sensitivity,scenario_interpretation_sensitivity_only,ASUS,calibration,ploss=0|noise=-10,mgen-20260810-182024,2,0,-10,10,0.825008815181,-1.35,0,1.645,0,0,0
relative_RSRP,filename_sensitivity,scenario_interpretation_sensitivity_only,ASUS,calibration,ploss=0|noise=-5,mgen-20260810-174009,1,0,-5,10,0.538742864837,-1.35,0,1.645,-0.008,0.0415,0.083
relative_RSRP,filename_sensitivity,scenario_interpretation_sensitivity_only,ASUS,calibration,ploss=0|noise=-5,mgen-20260810-182607,2,0,-5,10,0.825008815181,-1.35,0,1.645,0,0,0
relative_RSRP,filename_sensitivity,scenario_interpretation_sensitivity_only,ASUS,spatial_validation_1,ploss=-20|noise=-30,mgen-20260810-172302,1,-20,-30,10,1.12479360657,-2.99,1.42108547152e-14,1.36,0,0,0
relative_RSRP,filename_sensitivity,scenario_interpretation_sensitivity_only,ASUS,spatial_validation_1,ploss=-20|noise=-30,mgen-20260810-180852,2,-20,-30,10,1.12479360657,-2.99,1.42108547152e-14,1.36,0,0,0
relative_RSRP,filename_sensitivity,scenario_interpretation_sensitivity_only,ASUS,spatial_validation_1,ploss=-15|noise=-30,mgen-20260810-171719,1,-15,-30,10,1.12479360657,-2.99,1.42108547152e-14,1.36,0,0,0
relative_RSRP,filename_sensitivity,scenario_interpretation_sensitivity_only,ASUS,spatial_validation_1,ploss=-15|noise=-30,mgen-20260810-180309,2,-15,-30,10,1.12479360657,-2.99,1.42108547152e-14,1.36,0,0,0
relative_RSRP,filename_sensitivity,scenario_interpretation_sensitivity_only,ASUS,spatial_validation_1,ploss=-10|noise=-30,mgen-20260810-171135,1,-10,-30,10,1.12479360657,-2.99,1.42108547152e-14,1.36,0,0,0
relative_RSRP,filename_sensitivity,scenario_interpretation_sensitivity_only,ASUS,spatial_validation_1,ploss=-10|noise=-30,mgen-20260810-175727,2,-10,-30,10,1.12479360657,-2.99,1.42108547152e-14,1.36,0,0,0
relative_RSRP,filename_sensitivity,scenario_interpretation_sensitivity_only,ASUS,spatial_validation_1,ploss=-5|noise=-30,mgen-20260810-170448,1,-5,-30,10,1.12479360657,-2.99,1.42108547152e-14,1.36,0,0,0
relative_RSRP,filename_sensitivity,scenario_interpretation_sensitivity_only,ASUS,spatial_validation_1,ploss=-5|noise=-30,mgen-20260810-175146,2,-5,-30,10,1.12479360657,-2.99,1.42108547152e-14,1.36,0,0,0
relative_RSRP,filename_sensitivity,scenario_interpretation_sensitivity_only,ASUS,spatial_validation_1,ploss=-5|noise=-7,mgen-20260810-193641,1,-5,-7,10,0.465909622891,-2.99,1.42108547152e-14,1.36,-0.2044,-0.004,0.083
relative_RSRP,filename_sensitivity,scenario_interpretation_sensitivity_only,ASUS,spatial_validation_1,ploss=-5|noise=-7,mgen-20260810-194833,2,-5,-7,10,1.01221940568,-2.99,1.42108547152e-14,1.36,-0.0083,0,0
relative_RSRP,filename_sensitivity,scenario_interpretation_sensitivity_only,ASUS,spatial_validation_1,ploss=0|noise=-20,mgen-20260810-172844,1,0,-20,10,1.12479360657,-2.99,1.42108547152e-14,1.36,0,0,0
relative_RSRP,filename_sensitivity,scenario_interpretation_sensitivity_only,ASUS,spatial_validation_1,ploss=0|noise=-20,mgen-20260810-181441,2,0,-20,10,1.12479360657,-2.99,1.42108547152e-14,1.36,0,0,0
relative_RSRP,filename_sensitivity,scenario_interpretation_sensitivity_only,ASUS,spatial_validation_1,ploss=0|noise=-10,mgen-20260810-173427,1,0,-10,10,0.4845542234,-2.99,1.42108547152e-14,1.36,-0.084,0.03,0.1827
relative_RSRP,filename_sensitivity,scenario_interpretation_sensitivity_only,ASUS,spatial_validation_1,ploss=0|noise=-10,mgen-20260810-182024,2,0,-10,10,1.12479360657,-2.99,1.42108547152e-14,1.36,0,0,0
relative_RSRP,filename_sensitivity,scenario_interpretation_sensitivity_only,ASUS,spatial_validation_1,ploss=0|noise=-5,mgen-20260810-174009,1,0,-5,10,0.789927772994,-2.99,1.42108547152e-14,1.36,-0.008,0.0415,0.083
relative_RSRP,filename_sensitivity,scenario_interpretation_sensitivity_only,ASUS,spatial_validation_1,ploss=0|noise=-5,mgen-20260810-182607,2,0,-5,10,1.12479360657,-2.99,1.42108547152e-14,1.36,0,0,0
relative_RSRP,filename_sensitivity,scenario_interpretation_sensitivity_only,ASUS,spatial_validation_2,ploss=-20|noise=-30,mgen-20260810-172302,1,-20,-30,10,0.918952778365,-8.72,-0.475,1.81,0,0,0
relative_RSRP,filename_sensitivity,scenario_interpretation_sensitivity_only,ASUS,spatial_validation_2,ploss=-20|noise=-30,mgen-20260810-180852,2,-20,-30,10,0.918952778365,-8.72,-0.475,1.81,0,0,0
relative_RSRP,filename_sensitivity,scenario_interpretation_sensitivity_only,ASUS,spatial_validation_2,ploss=-15|noise=-30,mgen-20260810-171719,1,-15,-30,10,0.918952778365,-8.72,-0.475,1.81,0,0,0
relative_RSRP,filename_sensitivity,scenario_interpretation_sensitivity_only,ASUS,spatial_validation_2,ploss=-15|noise=-30,mgen-20260810-180309,2,-15,-30,10,0.918952778365,-8.72,-0.475,1.81,0,0,0
relative_RSRP,filename_sensitivity,scenario_interpretation_sensitivity_only,ASUS,spatial_validation_2,ploss=-10|noise=-30,mgen-20260810-171135,1,-10,-30,10,0.918952778365,-8.72,-0.475,1.81,0,0,0
relative_RSRP,filename_sensitivity,scenario_interpretation_sensitivity_only,ASUS,spatial_validation_2,ploss=-10|noise=-30,mgen-20260810-175727,2,-10,-30,10,0.918952778365,-8.72,-0.475,1.81,0,0,0
relative_RSRP,filename_sensitivity,scenario_interpretation_sensitivity_only,ASUS,spatial_validation_2,ploss=-5|noise=-30,mgen-20260810-170448,1,-5,-30,10,0.918952778365,-8.72,-0.475,1.81,0,0,0
relative_RSRP,filename_sensitivity,scenario_interpretation_sensitivity_only,ASUS,spatial_validation_2,ploss=-5|noise=-30,mgen-20260810-175146,2,-5,-30,10,0.918952778365,-8.72,-0.475,1.81,0,0,0
relative_RSRP,filename_sensitivity,scenario_interpretation_sensitivity_only,ASUS,spatial_validation_2,ploss=-5|noise=-7,mgen-20260810-193641,1,-5,-7,10,0.384096664108,-8.72,-0.475,1.81,-0.2044,-0.004,0.083
relative_RSRP,filename_sensitivity,scenario_interpretation_sensitivity_only,ASUS,spatial_validation_2,ploss=-5|noise=-7,mgen-20260810-194833,2,-5,-7,10,0.819223209188,-8.72,-0.475,1.81,-0.0083,0,0
relative_RSRP,filename_sensitivity,scenario_interpretation_sensitivity_only,ASUS,spatial_validation_2,ploss=0|noise=-20,mgen-20260810-172844,1,0,-20,10,0.918952778365,-8.72,-0.475,1.81,0,0,0
relative_RSRP,filename_sensitivity,scenario_interpretation_sensitivity_only,ASUS,spatial_validation_2,ploss=0|noise=-20,mgen-20260810-181441,2,0,-20,10,0.918952778365,-8.72,-0.475,1.81,0,0,0
relative_RSRP,filename_sensitivity,scenario_interpretation_sensitivity_only,ASUS,spatial_validation_2,ploss=0|noise=-10,mgen-20260810-173427,1,0,-10,10,0.398192632239,-8.72,-0.475,1.81,-0.084,0.03,0.1827
relative_RSRP,filename_sensitivity,scenario_interpretation_sensitivity_only,ASUS,spatial_validation_2,ploss=0|noise=-10,mgen-20260810-182024,2,0,-10,10,0.918952778365,-8.72,-0.475,1.81,0,0,0
relative_RSRP,filename_sensitivity,scenario_interpretation_sensitivity_only,ASUS,spatial_validation_2,ploss=0|noise=-5,mgen-20260810-174009,1,0,-5,10,0.648854498485,-8.72,-0.475,1.81,-0.008,0.0415,0.083
relative_RSRP,filename_sensitivity,scenario_interpretation_sensitivity_only,ASUS,spatial_validation_2,ploss=0|noise=-5,mgen-20260810-182607,2,0,-5,10,0.918952778365,-8.72,-0.475,1.81,0,0,0
relative_RSRP,filename_sensitivity,scenario_interpretation_sensitivity_only,ASUS,spatial_validation_3,ploss=-20|noise=-30,mgen-20260810-172302,1,-20,-30,10,1.01964599157,-3.11,-0.35,0.575,0,0,0
relative_RSRP,filename_sensitivity,scenario_interpretation_sensitivity_only,ASUS,spatial_validation_3,ploss=-20|noise=-30,mgen-20260810-180852,2,-20,-30,10,1.01964599157,-3.11,-0.35,0.575,0,0,0
relative_RSRP,filename_sensitivity,scenario_interpretation_sensitivity_only,ASUS,spatial_validation_3,ploss=-15|noise=-30,mgen-20260810-171719,1,-15,-30,10,1.01964599157,-3.11,-0.35,0.575,0,0,0
relative_RSRP,filename_sensitivity,scenario_interpretation_sensitivity_only,ASUS,spatial_validation_3,ploss=-15|noise=-30,mgen-20260810-180309,2,-15,-30,10,1.01964599157,-3.11,-0.35,0.575,0,0,0
relative_RSRP,filename_sensitivity,scenario_interpretation_sensitivity_only,ASUS,spatial_validation_3,ploss=-10|noise=-30,mgen-20260810-171135,1,-10,-30,10,1.01964599157,-3.11,-0.35,0.575,0,0,0
relative_RSRP,filename_sensitivity,scenario_interpretation_sensitivity_only,ASUS,spatial_validation_3,ploss=-10|noise=-30,mgen-20260810-175727,2,-10,-30,10,1.01964599157,-3.11,-0.35,0.575,0,0,0
relative_RSRP,filename_sensitivity,scenario_interpretation_sensitivity_only,ASUS,spatial_validation_3,ploss=-5|noise=-30,mgen-20260810-170448,1,-5,-30,10,1.01964599157,-3.11,-0.35,0.575,0,0,0
relative_RSRP,filename_sensitivity,scenario_interpretation_sensitivity_only,ASUS,spatial_validation_3,ploss=-5|noise=-30,mgen-20260810-175146,2,-5,-30,10,1.01964599157,-3.11,-0.35,0.575,0,0,0
relative_RSRP,filename_sensitivity,scenario_interpretation_sensitivity_only,ASUS,spatial_validation_3,ploss=-5|noise=-7,mgen-20260810-193641,1,-5,-7,10,0.399180964674,-3.11,-0.35,0.575,-0.2044,-0.004,0.083
relative_RSRP,filename_sensitivity,scenario_interpretation_sensitivity_only,ASUS,spatial_validation_3,ploss=-5|noise=-7,mgen-20260810-194833,2,-5,-7,10,0.896642650371,-3.11,-0.35,0.575,-0.0083,0,0
relative_RSRP,filename_sensitivity,scenario_interpretation_sensitivity_only,ASUS,spatial_validation_3,ploss=0|noise=-20,mgen-20260810-172844,1,0,-20,10,1.01964599157,-3.11,-0.35,0.575,0,0,0
relative_RSRP,filename_sensitivity,scenario_interpretation_sensitivity_only,ASUS,spatial_validation_3,ploss=0|noise=-20,mgen-20260810-181441,2,0,-20,10,1.01964599157,-3.11,-0.35,0.575,0,0,0
relative_RSRP,filename_sensitivity,scenario_interpretation_sensitivity_only,ASUS,spatial_validation_3,ploss=0|noise=-10,mgen-20260810-173427,1,0,-10,10,0.377945653927,-3.11,-0.35,0.575,-0.084,0.03,0.1827
relative_RSRP,filename_sensitivity,scenario_interpretation_sensitivity_only,ASUS,spatial_validation_3,ploss=0|noise=-10,mgen-20260810-182024,2,0,-10,10,1.01964599157,-3.11,-0.35,0.575,0,0,0
relative_RSRP,filename_sensitivity,scenario_interpretation_sensitivity_only,ASUS,spatial_validation_3,ploss=0|noise=-5,mgen-20260810-174009,1,0,-5,10,0.724079498539,-3.11,-0.35,0.575,-0.008,0.0415,0.083
relative_RSRP,filename_sensitivity,scenario_interpretation_sensitivity_only,ASUS,spatial_validation_3,ploss=0|noise=-5,mgen-20260810-182607,2,0,-5,10,1.01964599157,-3.11,-0.35,0.575,0,0,0
relative_RSRP,filename_sensitivity,scenario_interpretation_sensitivity_only,ASUS,spatial_validation_4,ploss=-20|noise=-30,mgen-20260810-172302,1,-20,-30,10,1.09999557069,-3.445,-0.075,2.865,0,0,0
relative_RSRP,filename_sensitivity,scenario_interpretation_sensitivity_only,ASUS,spatial_validation_4,ploss=-20|noise=-30,mgen-20260810-180852,2,-20,-30,10,1.09999557069,-3.445,-0.075,2.865,0,0,0
relative_RSRP,filename_sensitivity,scenario_interpretation_sensitivity_only,ASUS,spatial_validation_4,ploss=-15|noise=-30,mgen-20260810-171719,1,-15,-30,10,1.09999557069,-3.445,-0.075,2.865,0,0,0
relative_RSRP,filename_sensitivity,scenario_interpretation_sensitivity_only,ASUS,spatial_validation_4,ploss=-15|noise=-30,mgen-20260810-180309,2,-15,-30,10,1.09999557069,-3.445,-0.075,2.865,0,0,0
relative_RSRP,filename_sensitivity,scenario_interpretation_sensitivity_only,ASUS,spatial_validation_4,ploss=-10|noise=-30,mgen-20260810-171135,1,-10,-30,10,1.09999557069,-3.445,-0.075,2.865,0,0,0
relative_RSRP,filename_sensitivity,scenario_interpretation_sensitivity_only,ASUS,spatial_validation_4,ploss=-10|noise=-30,mgen-20260810-175727,2,-10,-30,10,1.09999557069,-3.445,-0.075,2.865,0,0,0
relative_RSRP,filename_sensitivity,scenario_interpretation_sensitivity_only,ASUS,spatial_validation_4,ploss=-5|noise=-30,mgen-20260810-170448,1,-5,-30,10,1.09999557069,-3.445,-0.075,2.865,0,0,0
relative_RSRP,filename_sensitivity,scenario_interpretation_sensitivity_only,ASUS,spatial_validation_4,ploss=-5|noise=-30,mgen-20260810-175146,2,-5,-30,10,1.09999557069,-3.445,-0.075,2.865,0,0,0
relative_RSRP,filename_sensitivity,scenario_interpretation_sensitivity_only,ASUS,spatial_validation_4,ploss=-5|noise=-7,mgen-20260810-193641,1,-5,-7,10,0.455882812304,-3.445,-0.075,2.865,-0.2044,-0.004,0.083
relative_RSRP,filename_sensitivity,scenario_interpretation_sensitivity_only,ASUS,spatial_validation_4,ploss=-5|noise=-7,mgen-20260810-194833,2,-5,-7,10,0.987800246772,-3.445,-0.075,2.865,-0.0083,0,0
relative_RSRP,filename_sensitivity,scenario_interpretation_sensitivity_only,ASUS,spatial_validation_4,ploss=0|noise=-20,mgen-20260810-172844,1,0,-20,10,1.09999557069,-3.445,-0.075,2.865,0,0,0
relative_RSRP,filename_sensitivity,scenario_interpretation_sensitivity_only,ASUS,spatial_validation_4,ploss=0|noise=-20,mgen-20260810-181441,2,0,-20,10,1.09999557069,-3.445,-0.075,2.865,0,0,0
relative_RSRP,filename_sensitivity,scenario_interpretation_sensitivity_only,ASUS,spatial_validation_4,ploss=0|noise=-10,mgen-20260810-173427,1,0,-10,10,0.45996609077,-3.445,-0.075,2.865,-0.084,0.03,0.1827
relative_RSRP,filename_sensitivity,scenario_interpretation_sensitivity_only,ASUS,spatial_validation_4,ploss=0|noise=-10,mgen-20260810-182024,2,0,-10,10,1.09999557069,-3.445,-0.075,2.865,0,0,0
relative_RSRP,filename_sensitivity,scenario_interpretation_sensitivity_only,ASUS,spatial_validation_4,ploss=0|noise=-5,mgen-20260810-174009,1,0,-5,10,0.766489080092,-3.445,-0.075,2.865,-0.008,0.0415,0.083
relative_RSRP,filename_sensitivity,scenario_interpretation_sensitivity_only,ASUS,spatial_validation_4,ploss=0|noise=-5,mgen-20260810-182607,2,0,-5,10,1.09999557069,-3.445,-0.075,2.865,0,0,0
relative_RSRP,primary,primary_calibration_and_locked_spatial_validation,ASUS,calibration,ploss=-20|noise=-30,mgen-20260810-172302,1,-20,-30,10,1.10484767318,-3.16,0,3.545,0,0,0
relative_RSRP,primary,primary_calibration_and_locked_spatial_validation,ASUS,calibration,ploss=-20|noise=-30,mgen-20260810-180852,2,-20,-30,10,1.10484767318,-3.16,0,3.545,0,0,0
relative_RSRP,primary,primary_calibration_and_locked_spatial_validation,ASUS,calibration,ploss=-15|noise=-30,mgen-20260810-171719,1,-15,-30,10,1.10484767318,-3.16,0,3.545,0,0,0
relative_RSRP,primary,primary_calibration_and_locked_spatial_validation,ASUS,calibration,ploss=-15|noise=-30,mgen-20260810-180309,2,-15,-30,10,1.10484767318,-3.16,0,3.545,0,0,0
relative_RSRP,primary,primary_calibration_and_locked_spatial_validation,ASUS,calibration,ploss=-10|noise=-30,mgen-20260810-171135,1,-10,-30,10,1.10484767318,-3.16,0,3.545,0,0,0
relative_RSRP,primary,primary_calibration_and_locked_spatial_validation,ASUS,calibration,ploss=-10|noise=-30,mgen-20260810-175727,2,-10,-30,10,1.10484767318,-3.16,0,3.545,0,0,0
relative_RSRP,primary,primary_calibration_and_locked_spatial_validation,ASUS,calibration,ploss=-5|noise=-30,mgen-20260810-170448,1,-5,-30,10,1.10484767318,-3.16,0,3.545,0,0,0
relative_RSRP,primary,primary_calibration_and_locked_spatial_validation,ASUS,calibration,ploss=-5|noise=-30,mgen-20260810-175146,2,-5,-30,10,1.10484767318,-3.16,0,3.545,0,0,0
relative_RSRP,primary,primary_calibration_and_locked_spatial_validation,ASUS,calibration,ploss=-5|noise=-7,mgen-20260810-193641,1,-5,-7,10,0.466844828098,-3.16,0,3.545,-0.2044,-0.004,0.083
relative_RSRP,primary,primary_calibration_and_locked_spatial_validation,ASUS,calibration,ploss=-5|noise=-7,mgen-20260810-194833,2,-5,-7,10,0.992651907853,-3.16,0,3.545,-0.0083,0,0
relative_RSRP,primary,primary_calibration_and_locked_spatial_validation,ASUS,calibration,ploss=0|noise=-20,mgen-20260810-172844,1,0,-20,10,1.10484767318,-3.16,0,3.545,0,0,0
relative_RSRP,primary,primary_calibration_and_locked_spatial_validation,ASUS,calibration,ploss=0|noise=-20,mgen-20260810-181441,2,0,-20,10,1.10484767318,-3.16,0,3.545,0,0,0
relative_RSRP,primary,primary_calibration_and_locked_spatial_validation,ASUS,calibration,ploss=0|noise=-10,mgen-20260810-173427,1,0,-10,10,0.480803194187,-3.16,0,3.545,-0.084,0.03,0.1827
relative_RSRP,primary,primary_calibration_and_locked_spatial_validation,ASUS,calibration,ploss=0|noise=-10,mgen-20260810-182024,2,0,-10,10,1.10484767318,-3.16,0,3.545,0,0,0
relative_RSRP,primary,primary_calibration_and_locked_spatial_validation,ASUS,calibration,ploss=0|noise=-5,mgen-20260810-174009,1,0,-5,10,0.771876655534,-3.16,0,3.545,-0.008,0.0415,0.083
relative_RSRP,primary,primary_calibration_and_locked_spatial_validation,ASUS,calibration,ploss=0|noise=-5,mgen-20260810-182607,2,0,-5,10,1.10484767318,-3.16,0,3.545,0,0,0
relative_RSRP,primary,primary_calibration_and_locked_spatial_validation,ASUS,spatial_validation_1,ploss=-20|noise=-30,mgen-20260810-172302,1,-20,-30,10,0.904850518211,-2.08,0.375,2.555,0,0,0
relative_RSRP,primary,primary_calibration_and_locked_spatial_validation,ASUS,spatial_validation_1,ploss=-20|noise=-30,mgen-20260810-180852,2,-20,-30,10,0.904850518211,-2.08,0.375,2.555,0,0,0
relative_RSRP,primary,primary_calibration_and_locked_spatial_validation,ASUS,spatial_validation_1,ploss=-15|noise=-30,mgen-20260810-171719,1,-15,-30,10,0.904850518211,-2.08,0.375,2.555,0,0,0
relative_RSRP,primary,primary_calibration_and_locked_spatial_validation,ASUS,spatial_validation_1,ploss=-15|noise=-30,mgen-20260810-180309,2,-15,-30,10,0.904850518211,-2.08,0.375,2.555,0,0,0
relative_RSRP,primary,primary_calibration_and_locked_spatial_validation,ASUS,spatial_validation_1,ploss=-10|noise=-30,mgen-20260810-171135,1,-10,-30,10,0.904850518211,-2.08,0.375,2.555,0,0,0
relative_RSRP,primary,primary_calibration_and_locked_spatial_validation,ASUS,spatial_validation_1,ploss=-10|noise=-30,mgen-20260810-175727,2,-10,-30,10,0.904850518211,-2.08,0.375,2.555,0,0,0
relative_RSRP,primary,primary_calibration_and_locked_spatial_validation,ASUS,spatial_validation_1,ploss=-5|noise=-30,mgen-20260810-170448,1,-5,-30,10,0.904850518211,-2.08,0.375,2.555,0,0,0
relative_RSRP,primary,primary_calibration_and_locked_spatial_validation,ASUS,spatial_validation_1,ploss=-5|noise=-30,mgen-20260810-175146,2,-5,-30,10,0.904850518211,-2.08,0.375,2.555,0,0,0
relative_RSRP,primary,primary_calibration_and_locked_spatial_validation,ASUS,spatial_validation_1,ploss=-5|noise=-7,mgen-20260810-193641,1,-5,-7,10,0.369994403953,-2.08,0.375,2.555,-0.2044,-0.004,0.083
relative_RSRP,primary,primary_calibration_and_locked_spatial_validation,ASUS,spatial_validation_1,ploss=-5|noise=-7,mgen-20260810-194833,2,-5,-7,10,0.805120949034,-2.08,0.375,2.555,-0.0083,0,0
relative_RSRP,primary,primary_calibration_and_locked_spatial_validation,ASUS,spatial_validation_1,ploss=0|noise=-20,mgen-20260810-172844,1,0,-20,10,0.904850518211,-2.08,0.375,2.555,0,0,0
relative_RSRP,primary,primary_calibration_and_locked_spatial_validation,ASUS,spatial_validation_1,ploss=0|noise=-20,mgen-20260810-181441,2,0,-20,10,0.904850518211,-2.08,0.375,2.555,0,0,0
relative_RSRP,primary,primary_calibration_and_locked_spatial_validation,ASUS,spatial_validation_1,ploss=0|noise=-10,mgen-20260810-173427,1,0,-10,10,0.384090372085,-2.08,0.375,2.555,-0.084,0.03,0.1827
relative_RSRP,primary,primary_calibration_and_locked_spatial_validation,ASUS,spatial_validation_1,ploss=0|noise=-10,mgen-20260810-182024,2,0,-10,10,0.904850518211,-2.08,0.375,2.555,0,0,0
relative_RSRP,primary,primary_calibration_and_locked_spatial_validation,ASUS,spatial_validation_1,ploss=0|noise=-5,mgen-20260810-174009,1,0,-5,10,0.63475223833,-2.08,0.375,2.555,-0.008,0.0415,0.083
relative_RSRP,primary,primary_calibration_and_locked_spatial_validation,ASUS,spatial_validation_1,ploss=0|noise=-5,mgen-20260810-182607,2,0,-5,10,0.904850518211,-2.08,0.375,2.555,0,0,0
relative_RSRP,primary,primary_calibration_and_locked_spatial_validation,ASUS,spatial_validation_2,ploss=-20|noise=-30,mgen-20260810-172302,1,-20,-30,10,1.1002031688,-5.775,0.275,2.68,0,0,0
relative_RSRP,primary,primary_calibration_and_locked_spatial_validation,ASUS,spatial_validation_2,ploss=-20|noise=-30,mgen-20260810-180852,2,-20,-30,10,1.1002031688,-5.775,0.275,2.68,0,0,0
relative_RSRP,primary,primary_calibration_and_locked_spatial_validation,ASUS,spatial_validation_2,ploss=-15|noise=-30,mgen-20260810-171719,1,-15,-30,10,1.1002031688,-5.775,0.275,2.68,0,0,0
relative_RSRP,primary,primary_calibration_and_locked_spatial_validation,ASUS,spatial_validation_2,ploss=-15|noise=-30,mgen-20260810-180309,2,-15,-30,10,1.1002031688,-5.775,0.275,2.68,0,0,0
relative_RSRP,primary,primary_calibration_and_locked_spatial_validation,ASUS,spatial_validation_2,ploss=-10|noise=-30,mgen-20260810-171135,1,-10,-30,10,1.1002031688,-5.775,0.275,2.68,0,0,0
relative_RSRP,primary,primary_calibration_and_locked_spatial_validation,ASUS,spatial_validation_2,ploss=-10|noise=-30,mgen-20260810-175727,2,-10,-30,10,1.1002031688,-5.775,0.275,2.68,0,0,0
relative_RSRP,primary,primary_calibration_and_locked_spatial_validation,ASUS,spatial_validation_2,ploss=-5|noise=-30,mgen-20260810-170448,1,-5,-30,10,1.1002031688,-5.775,0.275,2.68,0,0,0
relative_RSRP,primary,primary_calibration_and_locked_spatial_validation,ASUS,spatial_validation_2,ploss=-5|noise=-30,mgen-20260810-175146,2,-5,-30,10,1.1002031688,-5.775,0.275,2.68,0,0,0
relative_RSRP,primary,primary_calibration_and_locked_spatial_validation,ASUS,spatial_validation_2,ploss=-5|noise=-7,mgen-20260810-193641,1,-5,-7,10,0.435817710962,-5.775,0.275,2.68,-0.2044,-0.004,0.083
relative_RSRP,primary,primary_calibration_and_locked_spatial_validation,ASUS,spatial_validation_2,ploss=-5|noise=-7,mgen-20260810-194833,2,-5,-7,10,0.985202501948,-5.775,0.275,2.68,-0.0083,0,0
relative_RSRP,primary,primary_calibration_and_locked_spatial_validation,ASUS,spatial_validation_2,ploss=0|noise=-20,mgen-20260810-172844,1,0,-20,10,1.1002031688,-5.775,0.275,2.68,0,0,0
relative_RSRP,primary,primary_calibration_and_locked_spatial_validation,ASUS,spatial_validation_2,ploss=0|noise=-20,mgen-20260810-181441,2,0,-20,10,1.1002031688,-5.775,0.275,2.68,0,0,0
relative_RSRP,primary,primary_calibration_and_locked_spatial_validation,ASUS,spatial_validation_2,ploss=0|noise=-10,mgen-20260810-173427,1,0,-10,10,0.470522948032,-5.775,0.275,2.68,-0.084,0.03,0.1827
relative_RSRP,primary,primary_calibration_and_locked_spatial_validation,ASUS,spatial_validation_2,ploss=0|noise=-10,mgen-20260810-182024,2,0,-10,10,1.1002031688,-5.775,0.275,2.68,0,0,0
relative_RSRP,primary,primary_calibration_and_locked_spatial_validation,ASUS,spatial_validation_2,ploss=0|noise=-5,mgen-20260810-174009,1,0,-5,10,0.767460235123,-5.775,0.275,2.68,-0.008,0.0415,0.083
relative_RSRP,primary,primary_calibration_and_locked_spatial_validation,ASUS,spatial_validation_2,ploss=0|noise=-5,mgen-20260810-182607,2,0,-5,10,1.1002031688,-5.775,0.275,2.68,0,0,0
relative_RSRP,primary,primary_calibration_and_locked_spatial_validation,ASUS,spatial_validation_3,ploss=-20|noise=-30,mgen-20260810-172302,1,-20,-30,10,1.12013356103,-2.915,-0.475,0.68,0,0,0
relative_RSRP,primary,primary_calibration_and_locked_spatial_validation,ASUS,spatial_validation_3,ploss=-20|noise=-30,mgen-20260810-180852,2,-20,-30,10,1.12013356103,-2.915,-0.475,0.68,0,0,0
relative_RSRP,primary,primary_calibration_and_locked_spatial_validation,ASUS,spatial_validation_3,ploss=-15|noise=-30,mgen-20260810-171719,1,-15,-30,10,1.12013356103,-2.915,-0.475,0.68,0,0,0
relative_RSRP,primary,primary_calibration_and_locked_spatial_validation,ASUS,spatial_validation_3,ploss=-15|noise=-30,mgen-20260810-180309,2,-15,-30,10,1.12013356103,-2.915,-0.475,0.68,0,0,0
relative_RSRP,primary,primary_calibration_and_locked_spatial_validation,ASUS,spatial_validation_3,ploss=-10|noise=-30,mgen-20260810-171135,1,-10,-30,10,1.12013356103,-2.915,-0.475,0.68,0,0,0
relative_RSRP,primary,primary_calibration_and_locked_spatial_validation,ASUS,spatial_validation_3,ploss=-10|noise=-30,mgen-20260810-175727,2,-10,-30,10,1.12013356103,-2.915,-0.475,0.68,0,0,0
relative_RSRP,primary,primary_calibration_and_locked_spatial_validation,ASUS,spatial_validation_3,ploss=-5|noise=-30,mgen-20260810-170448,1,-5,-30,10,1.12013356103,-2.915,-0.475,0.68,0,0,0
relative_RSRP,primary,primary_calibration_and_locked_spatial_validation,ASUS,spatial_validation_3,ploss=-5|noise=-30,mgen-20260810-175146,2,-5,-30,10,1.12013356103,-2.915,-0.475,0.68,0,0,0
relative_RSRP,primary,primary_calibration_and_locked_spatial_validation,ASUS,spatial_validation_3,ploss=-5|noise=-7,mgen-20260810-193641,1,-5,-7,10,0.453789064961,-2.915,-0.475,0.68,-0.2044,-0.004,0.083
relative_RSRP,primary,primary_calibration_and_locked_spatial_validation,ASUS,spatial_validation_3,ploss=-5|noise=-7,mgen-20260810-194833,2,-5,-7,10,1.00798137249,-2.915,-0.475,0.68,-0.0083,0,0
relative_RSRP,primary,primary_calibration_and_locked_spatial_validation,ASUS,spatial_validation_3,ploss=0|noise=-20,mgen-20260810-172844,1,0,-20,10,1.12013356103,-2.915,-0.475,0.68,0,0,0
relative_RSRP,primary,primary_calibration_and_locked_spatial_validation,ASUS,spatial_validation_3,ploss=0|noise=-20,mgen-20260810-181441,2,0,-20,10,1.12013356103,-2.915,-0.475,0.68,0,0,0
relative_RSRP,primary,primary_calibration_and_locked_spatial_validation,ASUS,spatial_validation_3,ploss=0|noise=-10,mgen-20260810-173427,1,0,-10,10,0.471417568224,-2.915,-0.475,0.68,-0.084,0.03,0.1827
relative_RSRP,primary,primary_calibration_and_locked_spatial_validation,ASUS,spatial_validation_3,ploss=0|noise=-10,mgen-20260810-182024,2,0,-10,10,1.12013356103,-2.915,-0.475,0.68,0,0,0
relative_RSRP,primary,primary_calibration_and_locked_spatial_validation,ASUS,spatial_validation_3,ploss=0|noise=-5,mgen-20260810-174009,1,0,-5,10,0.773214854603,-2.915,-0.475,0.68,-0.008,0.0415,0.083
relative_RSRP,primary,primary_calibration_and_locked_spatial_validation,ASUS,spatial_validation_3,ploss=0|noise=-5,mgen-20260810-182607,2,0,-5,10,1.12013356103,-2.915,-0.475,0.68,0,0,0
relative_RSRP,primary,primary_calibration_and_locked_spatial_validation,ASUS,spatial_validation_4,ploss=-20|noise=-30,mgen-20260810-172302,1,-20,-30,10,0.925675022297,-1.825,0.275,1.615,0,0,0
relative_RSRP,primary,primary_calibration_and_locked_spatial_validation,ASUS,spatial_validation_4,ploss=-20|noise=-30,mgen-20260810-180852,2,-20,-30,10,0.925675022297,-1.825,0.275,1.615,0,0,0
relative_RSRP,primary,primary_calibration_and_locked_spatial_validation,ASUS,spatial_validation_4,ploss=-15|noise=-30,mgen-20260810-171719,1,-15,-30,10,0.925675022297,-1.825,0.275,1.615,0,0,0
relative_RSRP,primary,primary_calibration_and_locked_spatial_validation,ASUS,spatial_validation_4,ploss=-15|noise=-30,mgen-20260810-180309,2,-15,-30,10,0.925675022297,-1.825,0.275,1.615,0,0,0
relative_RSRP,primary,primary_calibration_and_locked_spatial_validation,ASUS,spatial_validation_4,ploss=-10|noise=-30,mgen-20260810-171135,1,-10,-30,10,0.925675022297,-1.825,0.275,1.615,0,0,0
relative_RSRP,primary,primary_calibration_and_locked_spatial_validation,ASUS,spatial_validation_4,ploss=-10|noise=-30,mgen-20260810-175727,2,-10,-30,10,0.925675022297,-1.825,0.275,1.615,0,0,0
relative_RSRP,primary,primary_calibration_and_locked_spatial_validation,ASUS,spatial_validation_4,ploss=-5|noise=-30,mgen-20260810-170448,1,-5,-30,10,0.925675022297,-1.825,0.275,1.615,0,0,0
relative_RSRP,primary,primary_calibration_and_locked_spatial_validation,ASUS,spatial_validation_4,ploss=-5|noise=-30,mgen-20260810-175146,2,-5,-30,10,0.925675022297,-1.825,0.275,1.615,0,0,0
relative_RSRP,primary,primary_calibration_and_locked_spatial_validation,ASUS,spatial_validation_4,ploss=-5|noise=-7,mgen-20260810-193641,1,-5,-7,10,0.39081890804,-1.825,0.275,1.615,-0.2044,-0.004,0.083
relative_RSRP,primary,primary_calibration_and_locked_spatial_validation,ASUS,spatial_validation_4,ploss=-5|noise=-7,mgen-20260810-194833,2,-5,-7,10,0.825945453121,-1.825,0.275,1.615,-0.0083,0,0
relative_RSRP,primary,primary_calibration_and_locked_spatial_validation,ASUS,spatial_validation_4,ploss=0|noise=-20,mgen-20260810-172844,1,0,-20,10,0.925675022297,-1.825,0.275,1.615,0,0,0
relative_RSRP,primary,primary_calibration_and_locked_spatial_validation,ASUS,spatial_validation_4,ploss=0|noise=-20,mgen-20260810-181441,2,0,-20,10,0.925675022297,-1.825,0.275,1.615,0,0,0
relative_RSRP,primary,primary_calibration_and_locked_spatial_validation,ASUS,spatial_validation_4,ploss=0|noise=-10,mgen-20260810-173427,1,0,-10,10,0.40488958656,-1.825,0.275,1.615,-0.084,0.03,0.1827
relative_RSRP,primary,primary_calibration_and_locked_spatial_validation,ASUS,spatial_validation_4,ploss=0|noise=-10,mgen-20260810-182024,2,0,-10,10,0.925675022297,-1.825,0.275,1.615,0,0,0
relative_RSRP,primary,primary_calibration_and_locked_spatial_validation,ASUS,spatial_validation_4,ploss=0|noise=-5,mgen-20260810-174009,1,0,-5,10,0.655576742417,-1.825,0.275,1.615,-0.008,0.0415,0.083
relative_RSRP,primary,primary_calibration_and_locked_spatial_validation,ASUS,spatial_validation_4,ploss=0|noise=-5,mgen-20260810-182607,2,0,-5,10,0.925675022297,-1.825,0.275,1.615,0,0,0
relative_RSRP,s25_robustness,device_robustness_sensitivity_only,S25,calibration,ploss=-20|noise=-30,mgen-20260810-172302,1,-20,-30,10,1.11384454856,-2.885,-0.5,1.06,0,0,0
relative_RSRP,s25_robustness,device_robustness_sensitivity_only,S25,calibration,ploss=-20|noise=-30,mgen-20260810-180852,2,-20,-30,10,1.11384454856,-2.885,-0.5,1.06,0,0,0
relative_RSRP,s25_robustness,device_robustness_sensitivity_only,S25,calibration,ploss=-15|noise=-30,mgen-20260810-171719,1,-15,-30,10,1.11384454856,-2.885,-0.5,1.06,0,0,0
relative_RSRP,s25_robustness,device_robustness_sensitivity_only,S25,calibration,ploss=-15|noise=-30,mgen-20260810-180309,2,-15,-30,10,1.11384454856,-2.885,-0.5,1.06,0,0,0
relative_RSRP,s25_robustness,device_robustness_sensitivity_only,S25,calibration,ploss=-10|noise=-30,mgen-20260810-171135,1,-10,-30,10,1.11384454856,-2.885,-0.5,1.06,0,0,0
relative_RSRP,s25_robustness,device_robustness_sensitivity_only,S25,calibration,ploss=-10|noise=-30,mgen-20260810-175727,2,-10,-30,10,1.11384454856,-2.885,-0.5,1.06,0,0,0
relative_RSRP,s25_robustness,device_robustness_sensitivity_only,S25,calibration,ploss=-5|noise=-30,mgen-20260810-170448,1,-5,-30,10,1.11384454856,-2.885,-0.5,1.06,0,0,0
relative_RSRP,s25_robustness,device_robustness_sensitivity_only,S25,calibration,ploss=-5|noise=-30,mgen-20260810-175146,2,-5,-30,10,1.11384454856,-2.885,-0.5,1.06,0,0,0
relative_RSRP,s25_robustness,device_robustness_sensitivity_only,S25,calibration,ploss=-5|noise=-7,mgen-20260810-193641,1,-5,-7,10,0.432246243629,-2.885,-0.5,1.06,-0.2044,-0.004,0.083
relative_RSRP,s25_robustness,device_robustness_sensitivity_only,S25,calibration,ploss=-5|noise=-7,mgen-20260810-194833,2,-5,-7,10,0.988256975213,-2.885,-0.5,1.06,-0.0083,0,0
relative_RSRP,s25_robustness,device_robustness_sensitivity_only,S25,calibration,ploss=0|noise=-20,mgen-20260810-172844,1,0,-20,10,1.11384454856,-2.885,-0.5,1.06,0,0,0
relative_RSRP,s25_robustness,device_robustness_sensitivity_only,S25,calibration,ploss=0|noise=-20,mgen-20260810-181441,2,0,-20,10,1.11384454856,-2.885,-0.5,1.06,0,0,0
relative_RSRP,s25_robustness,device_robustness_sensitivity_only,S25,calibration,ploss=0|noise=-10,mgen-20260810-173427,1,0,-10,10,0.466644416241,-2.885,-0.5,1.06,-0.084,0.03,0.1827
relative_RSRP,s25_robustness,device_robustness_sensitivity_only,S25,calibration,ploss=0|noise=-10,mgen-20260810-182024,2,0,-10,10,1.11384454856,-2.885,-0.5,1.06,0,0,0
relative_RSRP,s25_robustness,device_robustness_sensitivity_only,S25,calibration,ploss=0|noise=-5,mgen-20260810-174009,1,0,-5,10,0.789508970908,-2.885,-0.5,1.06,-0.008,0.0415,0.083
relative_RSRP,s25_robustness,device_robustness_sensitivity_only,S25,calibration,ploss=0|noise=-5,mgen-20260810-182607,2,0,-5,10,1.11384454856,-2.885,-0.5,1.06,0,0,0
relative_RSRP,s25_robustness,device_robustness_sensitivity_only,S25,spatial_validation_1,ploss=-20|noise=-30,mgen-20260810-172302,1,-20,-30,10,0.90000238418,-1.705,0.725,2.755,0,0,0
relative_RSRP,s25_robustness,device_robustness_sensitivity_only,S25,spatial_validation_1,ploss=-20|noise=-30,mgen-20260810-180852,2,-20,-30,10,0.90000238418,-1.705,0.725,2.755,0,0,0
relative_RSRP,s25_robustness,device_robustness_sensitivity_only,S25,spatial_validation_1,ploss=-15|noise=-30,mgen-20260810-171719,1,-15,-30,10,0.90000238418,-1.705,0.725,2.755,0,0,0
relative_RSRP,s25_robustness,device_robustness_sensitivity_only,S25,spatial_validation_1,ploss=-15|noise=-30,mgen-20260810-180309,2,-15,-30,10,0.90000238418,-1.705,0.725,2.755,0,0,0
relative_RSRP,s25_robustness,device_robustness_sensitivity_only,S25,spatial_validation_1,ploss=-10|noise=-30,mgen-20260810-171135,1,-10,-30,10,0.90000238418,-1.705,0.725,2.755,0,0,0
relative_RSRP,s25_robustness,device_robustness_sensitivity_only,S25,spatial_validation_1,ploss=-10|noise=-30,mgen-20260810-175727,2,-10,-30,10,0.90000238418,-1.705,0.725,2.755,0,0,0
relative_RSRP,s25_robustness,device_robustness_sensitivity_only,S25,spatial_validation_1,ploss=-5|noise=-30,mgen-20260810-170448,1,-5,-30,10,0.90000238418,-1.705,0.725,2.755,0,0,0
relative_RSRP,s25_robustness,device_robustness_sensitivity_only,S25,spatial_validation_1,ploss=-5|noise=-30,mgen-20260810-175146,2,-5,-30,10,0.90000238418,-1.705,0.725,2.755,0,0,0
relative_RSRP,s25_robustness,device_robustness_sensitivity_only,S25,spatial_validation_1,ploss=-5|noise=-7,mgen-20260810-193641,1,-5,-7,10,0.344515372377,-1.705,0.725,2.755,-0.2044,-0.004,0.083
relative_RSRP,s25_robustness,device_robustness_sensitivity_only,S25,spatial_validation_1,ploss=-5|noise=-7,mgen-20260810-194833,2,-5,-7,10,0.80024759622,-1.705,0.725,2.755,-0.0083,0,0
relative_RSRP,s25_robustness,device_robustness_sensitivity_only,S25,spatial_validation_1,ploss=0|noise=-20,mgen-20260810-172844,1,0,-20,10,0.90000238418,-1.705,0.725,2.755,0,0,0
relative_RSRP,s25_robustness,device_robustness_sensitivity_only,S25,spatial_validation_1,ploss=0|noise=-20,mgen-20260810-181441,2,0,-20,10,0.90000238418,-1.705,0.725,2.755,0,0,0
relative_RSRP,s25_robustness,device_robustness_sensitivity_only,S25,spatial_validation_1,ploss=0|noise=-10,mgen-20260810-173427,1,0,-10,10,0.37918759818,-1.705,0.725,2.755,-0.084,0.03,0.1827
relative_RSRP,s25_robustness,device_robustness_sensitivity_only,S25,spatial_validation_1,ploss=0|noise=-10,mgen-20260810-182024,2,0,-10,10,0.90000238418,-1.705,0.725,2.755,0,0,0
relative_RSRP,s25_robustness,device_robustness_sensitivity_only,S25,spatial_validation_1,ploss=0|noise=-5,mgen-20260810-174009,1,0,-5,10,0.629904227229,-1.705,0.725,2.755,-0.008,0.0415,0.083
relative_RSRP,s25_robustness,device_robustness_sensitivity_only,S25,spatial_validation_1,ploss=0|noise=-5,mgen-20260810-182607,2,0,-5,10,0.90000238418,-1.705,0.725,2.755,0,0,0
relative_RSRP,s25_robustness,device_robustness_sensitivity_only,S25,spatial_validation_2,ploss=-20|noise=-30,mgen-20260810-172302,1,-20,-30,10,1.11492664873,-3.655,-1.7,2.42,0,0,0
relative_RSRP,s25_robustness,device_robustness_sensitivity_only,S25,spatial_validation_2,ploss=-20|noise=-30,mgen-20260810-180852,2,-20,-30,10,1.11492664873,-3.655,-1.7,2.42,0,0,0
relative_RSRP,s25_robustness,device_robustness_sensitivity_only,S25,spatial_validation_2,ploss=-15|noise=-30,mgen-20260810-171719,1,-15,-30,10,1.11492664873,-3.655,-1.7,2.42,0,0,0
relative_RSRP,s25_robustness,device_robustness_sensitivity_only,S25,spatial_validation_2,ploss=-15|noise=-30,mgen-20260810-180309,2,-15,-30,10,1.11492664873,-3.655,-1.7,2.42,0,0,0
relative_RSRP,s25_robustness,device_robustness_sensitivity_only,S25,spatial_validation_2,ploss=-10|noise=-30,mgen-20260810-171135,1,-10,-30,10,1.11492664873,-3.655,-1.7,2.42,0,0,0
relative_RSRP,s25_robustness,device_robustness_sensitivity_only,S25,spatial_validation_2,ploss=-10|noise=-30,mgen-20260810-175727,2,-10,-30,10,1.11492664873,-3.655,-1.7,2.42,0,0,0
relative_RSRP,s25_robustness,device_robustness_sensitivity_only,S25,spatial_validation_2,ploss=-5|noise=-30,mgen-20260810-170448,1,-5,-30,10,1.11492664873,-3.655,-1.7,2.42,0,0,0
relative_RSRP,s25_robustness,device_robustness_sensitivity_only,S25,spatial_validation_2,ploss=-5|noise=-30,mgen-20260810-175146,2,-5,-30,10,1.11492664873,-3.655,-1.7,2.42,0,0,0
relative_RSRP,s25_robustness,device_robustness_sensitivity_only,S25,spatial_validation_2,ploss=-5|noise=-7,mgen-20260810-193641,1,-5,-7,10,0.477326514647,-3.655,-1.7,2.42,-0.2044,-0.004,0.083
relative_RSRP,s25_robustness,device_robustness_sensitivity_only,S25,spatial_validation_2,ploss=-5|noise=-7,mgen-20260810-194833,2,-5,-7,10,1.00273088341,-3.655,-1.7,2.42,-0.0083,0,0
relative_RSRP,s25_robustness,device_robustness_sensitivity_only,S25,spatial_validation_2,ploss=0|noise=-20,mgen-20260810-172844,1,0,-20,10,1.11492664873,-3.655,-1.7,2.42,0,0,0
relative_RSRP,s25_robustness,device_robustness_sensitivity_only,S25,spatial_validation_2,ploss=0|noise=-20,mgen-20260810-181441,2,0,-20,10,1.11492664873,-3.655,-1.7,2.42,0,0,0
relative_RSRP,s25_robustness,device_robustness_sensitivity_only,S25,spatial_validation_2,ploss=0|noise=-10,mgen-20260810-173427,1,0,-10,10,0.491266296256,-3.655,-1.7,2.42,-0.084,0.03,0.1827
relative_RSRP,s25_robustness,device_robustness_sensitivity_only,S25,spatial_validation_2,ploss=0|noise=-10,mgen-20260810-182024,2,0,-10,10,1.11492664873,-3.655,-1.7,2.42,0,0,0
relative_RSRP,s25_robustness,device_robustness_sensitivity_only,S25,spatial_validation_2,ploss=0|noise=-5,mgen-20260810-174009,1,0,-5,10,0.78195563109,-3.655,-1.7,2.42,-0.008,0.0415,0.083
relative_RSRP,s25_robustness,device_robustness_sensitivity_only,S25,spatial_validation_2,ploss=0|noise=-5,mgen-20260810-182607,2,0,-5,10,1.11492664873,-3.655,-1.7,2.42,0,0,0
relative_RSRP,s25_robustness,device_robustness_sensitivity_only,S25,spatial_validation_3,ploss=-20|noise=-30,mgen-20260810-172302,1,-20,-30,10,1.13265255484,-2.295,-0.175,1.535,0,0,0
relative_RSRP,s25_robustness,device_robustness_sensitivity_only,S25,spatial_validation_3,ploss=-20|noise=-30,mgen-20260810-180852,2,-20,-30,10,1.13265255484,-2.295,-0.175,1.535,0,0,0
relative_RSRP,s25_robustness,device_robustness_sensitivity_only,S25,spatial_validation_3,ploss=-15|noise=-30,mgen-20260810-171719,1,-15,-30,10,1.13265255484,-2.295,-0.175,1.535,0,0,0
relative_RSRP,s25_robustness,device_robustness_sensitivity_only,S25,spatial_validation_3,ploss=-15|noise=-30,mgen-20260810-180309,2,-15,-30,10,1.13265255484,-2.295,-0.175,1.535,0,0,0
relative_RSRP,s25_robustness,device_robustness_sensitivity_only,S25,spatial_validation_3,ploss=-10|noise=-30,mgen-20260810-171135,1,-10,-30,10,1.13265255484,-2.295,-0.175,1.535,0,0,0
relative_RSRP,s25_robustness,device_robustness_sensitivity_only,S25,spatial_validation_3,ploss=-10|noise=-30,mgen-20260810-175727,2,-10,-30,10,1.13265255484,-2.295,-0.175,1.535,0,0,0
relative_RSRP,s25_robustness,device_robustness_sensitivity_only,S25,spatial_validation_3,ploss=-5|noise=-30,mgen-20260810-170448,1,-5,-30,10,1.13265255484,-2.295,-0.175,1.535,0,0,0
relative_RSRP,s25_robustness,device_robustness_sensitivity_only,S25,spatial_validation_3,ploss=-5|noise=-30,mgen-20260810-175146,2,-5,-30,10,1.13265255484,-2.295,-0.175,1.535,0,0,0
relative_RSRP,s25_robustness,device_robustness_sensitivity_only,S25,spatial_validation_3,ploss=-5|noise=-7,mgen-20260810-193641,1,-5,-7,10,0.478797760868,-2.295,-0.175,1.535,-0.2044,-0.004,0.083
relative_RSRP,s25_robustness,device_robustness_sensitivity_only,S25,spatial_validation_3,ploss=-5|noise=-7,mgen-20260810-194833,2,-5,-7,10,1.02059438064,-2.295,-0.175,1.535,-0.0083,0,0
relative_RSRP,s25_robustness,device_robustness_sensitivity_only,S25,spatial_validation_3,ploss=0|noise=-20,mgen-20260810-172844,1,0,-20,10,1.13265255484,-2.295,-0.175,1.535,0,0,0
relative_RSRP,s25_robustness,device_robustness_sensitivity_only,S25,spatial_validation_3,ploss=0|noise=-20,mgen-20260810-181441,2,0,-20,10,1.13265255484,-2.295,-0.175,1.535,0,0,0
relative_RSRP,s25_robustness,device_robustness_sensitivity_only,S25,spatial_validation_3,ploss=0|noise=-10,mgen-20260810-173427,1,0,-10,10,0.458992658058,-2.295,-0.175,1.535,-0.084,0.03,0.1827
relative_RSRP,s25_robustness,device_robustness_sensitivity_only,S25,spatial_validation_3,ploss=0|noise=-10,mgen-20260810-182024,2,0,-10,10,1.13265255484,-2.295,-0.175,1.535,0,0,0
relative_RSRP,s25_robustness,device_robustness_sensitivity_only,S25,spatial_validation_3,ploss=0|noise=-5,mgen-20260810-174009,1,0,-5,10,0.771785913761,-2.295,-0.175,1.535,-0.008,0.0415,0.083
relative_RSRP,s25_robustness,device_robustness_sensitivity_only,S25,spatial_validation_3,ploss=0|noise=-5,mgen-20260810-182607,2,0,-5,10,1.13265255484,-2.295,-0.175,1.535,0,0,0
relative_RSRP,s25_robustness,device_robustness_sensitivity_only,S25,spatial_validation_4,ploss=-20|noise=-30,mgen-20260810-172302,1,-20,-30,10,1.10082735026,-2.01,1.375,5.35,0,0,0
relative_RSRP,s25_robustness,device_robustness_sensitivity_only,S25,spatial_validation_4,ploss=-20|noise=-30,mgen-20260810-180852,2,-20,-30,10,1.10082735026,-2.01,1.375,5.35,0,0,0
relative_RSRP,s25_robustness,device_robustness_sensitivity_only,S25,spatial_validation_4,ploss=-15|noise=-30,mgen-20260810-171719,1,-15,-30,10,1.10082735026,-2.01,1.375,5.35,0,0,0
relative_RSRP,s25_robustness,device_robustness_sensitivity_only,S25,spatial_validation_4,ploss=-15|noise=-30,mgen-20260810-180309,2,-15,-30,10,1.10082735026,-2.01,1.375,5.35,0,0,0
relative_RSRP,s25_robustness,device_robustness_sensitivity_only,S25,spatial_validation_4,ploss=-10|noise=-30,mgen-20260810-171135,1,-10,-30,10,1.10082735026,-2.01,1.375,5.35,0,0,0
relative_RSRP,s25_robustness,device_robustness_sensitivity_only,S25,spatial_validation_4,ploss=-10|noise=-30,mgen-20260810-175727,2,-10,-30,10,1.10082735026,-2.01,1.375,5.35,0,0,0
relative_RSRP,s25_robustness,device_robustness_sensitivity_only,S25,spatial_validation_4,ploss=-5|noise=-30,mgen-20260810-170448,1,-5,-30,10,1.10082735026,-2.01,1.375,5.35,0,0,0
relative_RSRP,s25_robustness,device_robustness_sensitivity_only,S25,spatial_validation_4,ploss=-5|noise=-30,mgen-20260810-175146,2,-5,-30,10,1.10082735026,-2.01,1.375,5.35,0,0,0
relative_RSRP,s25_robustness,device_robustness_sensitivity_only,S25,spatial_validation_4,ploss=-5|noise=-7,mgen-20260810-193641,1,-5,-7,10,0.45703427052,-2.01,1.375,5.35,-0.2044,-0.004,0.083
relative_RSRP,s25_robustness,device_robustness_sensitivity_only,S25,spatial_validation_4,ploss=-5|noise=-7,mgen-20260810-194833,2,-5,-7,10,0.988631583676,-2.01,1.375,5.35,-0.0083,0,0
relative_RSRP,s25_robustness,device_robustness_sensitivity_only,S25,spatial_validation_4,ploss=0|noise=-20,mgen-20260810-172844,1,0,-20,10,1.10082735026,-2.01,1.375,5.35,0,0,0
relative_RSRP,s25_robustness,device_robustness_sensitivity_only,S25,spatial_validation_4,ploss=0|noise=-20,mgen-20260810-181441,2,0,-20,10,1.10082735026,-2.01,1.375,5.35,0,0,0
relative_RSRP,s25_robustness,device_robustness_sensitivity_only,S25,spatial_validation_4,ploss=0|noise=-10,mgen-20260810-173427,1,0,-10,10,0.477166994994,-2.01,1.375,5.35,-0.084,0.03,0.1827
relative_RSRP,s25_robustness,device_robustness_sensitivity_only,S25,spatial_validation_4,ploss=0|noise=-10,mgen-20260810-182024,2,0,-10,10,1.10082735026,-2.01,1.375,5.35,0,0,0
relative_RSRP,s25_robustness,device_robustness_sensitivity_only,S25,spatial_validation_4,ploss=0|noise=-5,mgen-20260810-174009,1,0,-5,10,0.767856332624,-2.01,1.375,5.35,-0.008,0.0415,0.083
relative_RSRP,s25_robustness,device_robustness_sensitivity_only,S25,spatial_validation_4,ploss=0|noise=-5,mgen-20260810-182607,2,0,-5,10,1.10082735026,-2.01,1.375,5.35,0,0,0
SINR,filename_sensitivity,scenario_interpretation_sensitivity_only,ASUS,calibration,ploss=-20|noise=-30,mgen-20260810-172302,1,-20,-30,10,1.31330210577,12.395,16.125,18.685,28.5528,30.879,33.2436
SINR,filename_sensitivity,scenario_interpretation_sensitivity_only,ASUS,calibration,ploss=-20|noise=-30,mgen-20260810-180852,2,-20,-30,10,0.881635040643,12.395,16.125,18.685,25.5,26.6335,28.5008
SINR,filename_sensitivity,scenario_interpretation_sensitivity_only,ASUS,calibration,ploss=-15|noise=-30,mgen-20260810-171719,1,-15,-30,10,1.26743073398,12.395,16.125,18.685,29.6233,29.642,32.6114
SINR,filename_sensitivity,scenario_interpretation_sensitivity_only,ASUS,calibration,ploss=-15|noise=-30,mgen-20260810-180309,2,-15,-30,10,1.34651920986,12.395,16.125,18.685,30.283,30.292,32.6089
SINR,filename_sensitivity,scenario_interpretation_sensitivity_only,ASUS,calibration,ploss=-10|noise=-30,mgen-20260810-171135,1,-10,-30,10,1.81033785602,12.395,16.125,18.685,38.9617,39.5355,40.5195
SINR,filename_sensitivity,scenario_interpretation_sensitivity_only,ASUS,calibration,ploss=-10|noise=-30,mgen-20260810-175727,2,-10,-30,10,1.81301550801,12.395,16.125,18.685,39.35,39.9365,42.8
SINR,filename_sensitivity,scenario_interpretation_sensitivity_only,ASUS,calibration,ploss=-5|noise=-30,mgen-20260810-170448,1,-5,-30,10,1.87076364332,12.395,16.125,18.685,41.845,42.7,43.975
SINR,filename_sensitivity,scenario_interpretation_sensitivity_only,ASUS,calibration,ploss=-5|noise=-30,mgen-20260810-175146,2,-5,-30,10,1.88119330071,12.395,16.125,18.685,42.98,44.6,44.9
SINR,filename_sensitivity,scenario_interpretation_sensitivity_only,ASUS,calibration,ploss=-5|noise=-7,mgen-20260810-193641,1,-5,-7,10,0.253545413752,12.395,16.125,18.685,10.265,10.642,11.9635
SINR,filename_sensitivity,scenario_interpretation_sensitivity_only,ASUS,calibration,ploss=-5|noise=-7,mgen-20260810-194833,2,-5,-7,10,0.343317354962,12.395,16.125,18.685,9.354,10.022,10.5503
SINR,filename_sensitivity,scenario_interpretation_sensitivity_only,ASUS,calibration,ploss=0|noise=-20,mgen-20260810-172844,1,0,-20,10,1.8636370618,12.395,16.125,18.685,40.8928,42.2045,42.7009
SINR,filename_sensitivity,scenario_interpretation_sensitivity_only,ASUS,calibration,ploss=0|noise=-20,mgen-20260810-181441,2,0,-20,10,1.72759313971,12.395,16.125,18.685,35.97,36.9,37.8689
SINR,filename_sensitivity,scenario_interpretation_sensitivity_only,ASUS,calibration,ploss=0|noise=-10,mgen-20260810-173427,1,0,-10,10,0.0549759985029,12.395,16.125,18.685,17.4568,18.554,18.9876
SINR,filename_sensitivity,scenario_interpretation_sensitivity_only,ASUS,calibration,ploss=0|noise=-10,mgen-20260810-182024,2,0,-10,10,0.506843507563,12.395,16.125,18.685,22.8507,23.5655,24.554
SINR,filename_sensitivity,scenario_interpretation_sensitivity_only,ASUS,calibration,ploss=0|noise=-5,mgen-20260810-174009,1,0,-5,10,0.844594710515,12.395,16.125,18.685,5.117,5.559,6.423
SINR,filename_sensitivity,scenario_interpretation_sensitivity_only,ASUS,calibration,ploss=0|noise=-5,mgen-20260810-182607,2,0,-5,10,0.434602839453,12.395,16.125,18.685,8.4939,9.254,9.6886
SINR,filename_sensitivity,scenario_interpretation_sensitivity_only,ASUS,spatial_validation_1,ploss=-20|noise=-30,mgen-20260810-172302,1,-20,-30,10,1.45434421172,10.89,13.65,18.12,28.5528,30.879,33.2436
SINR,filename_sensitivity,scenario_interpretation_sensitivity_only,ASUS,spatial_validation_1,ploss=-20|noise=-30,mgen-20260810-180852,2,-20,-30,10,1.08202250122,10.89,13.65,18.12,25.5,26.6335,28.5008
SINR,filename_sensitivity,scenario_interpretation_sensitivity_only,ASUS,spatial_validation_1,ploss=-15|noise=-30,mgen-20260810-171719,1,-15,-30,10,1.42241055953,10.89,13.65,18.12,29.6233,29.642,32.6114
SINR,filename_sensitivity,scenario_interpretation_sensitivity_only,ASUS,spatial_validation_1,ploss=-15|noise=-30,mgen-20260810-180309,2,-15,-30,10,1.48790733535,10.89,13.65,18.12,30.283,30.292,32.6089
SINR,filename_sensitivity,scenario_interpretation_sensitivity_only,ASUS,spatial_validation_1,ploss=-10|noise=-30,mgen-20260810-171135,1,-10,-30,10,1.83871614231,10.89,13.65,18.12,38.9617,39.5355,40.5195
SINR,filename_sensitivity,scenario_interpretation_sensitivity_only,ASUS,spatial_validation_1,ploss=-10|noise=-30,mgen-20260810-175727,2,-10,-30,10,1.83430477567,10.89,13.65,18.12,39.35,39.9365,42.8
SINR,filename_sensitivity,scenario_interpretation_sensitivity_only,ASUS,spatial_validation_1,ploss=-5|noise=-30,mgen-20260810-170448,1,-5,-30,10,1.8802690334,10.89,13.65,18.12,41.845,42.7,43.975
SINR,filename_sensitivity,scenario_interpretation_sensitivity_only,ASUS,spatial_validation_1,ploss=-5|noise=-30,mgen-20260810-175146,2,-5,-30,10,1.88591447446,10.89,13.65,18.12,42.98,44.6,44.9
SINR,filename_sensitivity,scenario_interpretation_sensitivity_only,ASUS,spatial_validation_1,ploss=-5|noise=-7,mgen-20260810-193641,1,-5,-7,10,0.108174970379,10.89,13.65,18.12,10.265,10.642,11.9635
SINR,filename_sensitivity,scenario_interpretation_sensitivity_only,ASUS,spatial_validation_1,ploss=-5|noise=-7,mgen-20260810-194833,2,-5,-7,10,0.172575853391,10.89,13.65,18.12,9.354,10.022,10.5503
SINR,filename_sensitivity,scenario_interpretation_sensitivity_only,ASUS,spatial_validation_1,ploss=0|noise=-20,mgen-20260810-172844,1,0,-20,10,1.87704888105,10.89,13.65,18.12,40.8928,42.2045,42.7009
SINR,filename_sensitivity,scenario_interpretation_sensitivity_only,ASUS,spatial_validation_1,ploss=0|noise=-20,mgen-20260810-181441,2,0,-20,10,1.78223462799,10.89,13.65,18.12,35.97,36.9,37.8689
SINR,filename_sensitivity,scenario_interpretation_sensitivity_only,ASUS,spatial_validation_1,ploss=0|noise=-10,mgen-20260810-173427,1,0,-10,10,0.168501769279,10.89,13.65,18.12,17.4568,18.554,18.9876
SINR,filename_sensitivity,scenario_interpretation_sensitivity_only,ASUS,spatial_validation_1,ploss=0|noise=-10,mgen-20260810-182024,2,0,-10,10,0.718472777515,10.89,13.65,18.12,22.8507,23.5655,24.554
SINR,filename_sensitivity,scenario_interpretation_sensitivity_only,ASUS,spatial_validation_1,ploss=0|noise=-5,mgen-20260810-174009,1,0,-5,10,0.615024943726,10.89,13.65,18.12,5.117,5.559,6.423
SINR,filename_sensitivity,scenario_interpretation_sensitivity_only,ASUS,spatial_validation_1,ploss=0|noise=-5,mgen-20260810-182607,2,0,-5,10,0.244163894905,10.89,13.65,18.12,8.4939,9.254,9.6886
SINR,filename_sensitivity,scenario_interpretation_sensitivity_only,ASUS,spatial_validation_2,ploss=-20|noise=-30,mgen-20260810-172302,1,-20,-30,10,0.739532471756,12.27,21.45,24.535,28.5528,30.879,33.2436
SINR,filename_sensitivity,scenario_interpretation_sensitivity_only,ASUS,spatial_validation_2,ploss=-20|noise=-30,mgen-20260810-180852,2,-20,-30,10,0.320661593892,12.27,21.45,24.535,25.5,26.6335,28.5008
SINR,filename_sensitivity,scenario_interpretation_sensitivity_only,ASUS,spatial_validation_2,ploss=-15|noise=-30,mgen-20260810-171719,1,-15,-30,10,0.673349203001,12.27,21.45,24.535,29.6233,29.642,32.6114
SINR,filename_sensitivity,scenario_interpretation_sensitivity_only,ASUS,spatial_validation_2,ploss=-15|noise=-30,mgen-20260810-180309,2,-15,-30,10,0.763734337388,12.27,21.45,24.535,30.283,30.292,32.6089
SINR,filename_sensitivity,scenario_interpretation_sensitivity_only,ASUS,spatial_validation_2,ploss=-10|noise=-30,mgen-20260810-171135,1,-10,-30,10,1.507076523,12.27,21.45,24.535,38.9617,39.5355,40.5195
SINR,filename_sensitivity,scenario_interpretation_sensitivity_only,ASUS,spatial_validation_2,ploss=-10|noise=-30,mgen-20260810-175727,2,-10,-30,10,1.54183697928,12.27,21.45,24.535,39.35,39.9365,42.8
SINR,filename_sensitivity,scenario_interpretation_sensitivity_only,ASUS,spatial_validation_2,ploss=-5|noise=-30,mgen-20260810-170448,1,-5,-30,10,1.65384469428,12.27,21.45,24.535,41.845,42.7,43.975
SINR,filename_sensitivity,scenario_interpretation_sensitivity_only,ASUS,spatial_validation_2,ploss=-5|noise=-30,mgen-20260810-175146,2,-5,-30,10,1.69044558221,12.27,21.45,24.535,42.98,44.6,44.9
SINR,filename_sensitivity,scenario_interpretation_sensitivity_only,ASUS,spatial_validation_2,ploss=-5|noise=-7,mgen-20260810-193641,1,-5,-7,10,0.642882064862,12.27,21.45,24.535,10.265,10.642,11.9635
SINR,filename_sensitivity,scenario_interpretation_sensitivity_only,ASUS,spatial_validation_2,ploss=-5|noise=-7,mgen-20260810-194833,2,-5,-7,10,0.736554986458,12.27,21.45,24.535,9.354,10.022,10.5503
SINR,filename_sensitivity,scenario_interpretation_sensitivity_only,ASUS,spatial_validation_2,ploss=0|noise=-20,mgen-20260810-172844,1,0,-20,10,1.62667685878,12.27,21.45,24.535,40.8928,42.2045,42.7009
SINR,filename_sensitivity,scenario_interpretation_sensitivity_only,ASUS,spatial_validation_2,ploss=0|noise=-20,mgen-20260810-181441,2,0,-20,10,1.32879492976,12.27,21.45,24.535,35.97,36.9,37.8689
SINR,filename_sensitivity,scenario_interpretation_sensitivity_only,ASUS,spatial_validation_2,ploss=0|noise=-10,mgen-20260810-173427,1,0,-10,10,0.0754864770566,12.27,21.45,24.535,17.4568,18.554,18.9876
SINR,filename_sensitivity,scenario_interpretation_sensitivity_only,ASUS,spatial_validation_2,ploss=0|noise=-10,mgen-20260810-182024,2,0,-10,10,0.0974545060861,12.27,21.45,24.535,22.8507,23.5655,24.554
SINR,filename_sensitivity,scenario_interpretation_sensitivity_only,ASUS,spatial_validation_2,ploss=0|noise=-5,mgen-20260810-174009,1,0,-5,10,1.14181967114,12.27,21.45,24.535,5.117,5.559,6.423
SINR,filename_sensitivity,scenario_interpretation_sensitivity_only,ASUS,spatial_validation_2,ploss=0|noise=-5,mgen-20260810-182607,2,0,-5,10,0.82131278837,12.27,21.45,24.535,8.4939,9.254,9.6886
SINR,filename_sensitivity,scenario_interpretation_sensitivity_only,ASUS,spatial_validation_3,ploss=-20|noise=-30,mgen-20260810-172302,1,-20,-30,10,1.08737023735,16.4,19.275,20.625,28.5528,30.879,33.2436
SINR,filename_sensitivity,scenario_interpretation_sensitivity_only,ASUS,spatial_validation_3,ploss=-20|noise=-30,mgen-20260810-180852,2,-20,-30,10,0.592621623418,16.4,19.275,20.625,25.5,26.6335,28.5008
SINR,filename_sensitivity,scenario_interpretation_sensitivity_only,ASUS,spatial_validation_3,ploss=-15|noise=-30,mgen-20260810-171719,1,-15,-30,10,1.02124452722,16.4,19.275,20.625,29.6233,29.642,32.6114
SINR,filename_sensitivity,scenario_interpretation_sensitivity_only,ASUS,spatial_validation_3,ploss=-15|noise=-30,mgen-20260810-180309,2,-15,-30,10,1.11817260501,16.4,19.275,20.625,30.283,30.292,32.6089
SINR,filename_sensitivity,scenario_interpretation_sensitivity_only,ASUS,spatial_validation_3,ploss=-10|noise=-30,mgen-20260810-171135,1,-10,-30,10,1.76792072933,16.4,19.275,20.625,38.9617,39.5355,40.5195
SINR,filename_sensitivity,scenario_interpretation_sensitivity_only,ASUS,spatial_validation_3,ploss=-10|noise=-30,mgen-20260810-175727,2,-10,-30,10,1.78462537734,16.4,19.275,20.625,39.35,39.9365,42.8
SINR,filename_sensitivity,scenario_interpretation_sensitivity_only,ASUS,spatial_validation_3,ploss=-5|noise=-30,mgen-20260810-170448,1,-5,-30,10,1.86580390667,16.4,19.275,20.625,41.845,42.7,43.975
SINR,filename_sensitivity,scenario_interpretation_sensitivity_only,ASUS,spatial_validation_3,ploss=-5|noise=-30,mgen-20260810-175146,2,-5,-30,10,1.88624256756,16.4,19.275,20.625,42.98,44.6,44.9
SINR,filename_sensitivity,scenario_interpretation_sensitivity_only,ASUS,spatial_validation_3,ploss=-5|noise=-7,mgen-20260810-193641,1,-5,-7,10,0.556483529486,16.4,19.275,20.625,10.265,10.642,11.9635
SINR,filename_sensitivity,scenario_interpretation_sensitivity_only,ASUS,spatial_validation_3,ploss=-5|noise=-7,mgen-20260810-194833,2,-5,-7,10,0.670690900563,16.4,19.275,20.625,9.354,10.022,10.5503
SINR,filename_sensitivity,scenario_interpretation_sensitivity_only,ASUS,spatial_validation_3,ploss=0|noise=-20,mgen-20260810-172844,1,0,-20,10,1.8506529444,16.4,19.275,20.625,40.8928,42.2045,42.7009
SINR,filename_sensitivity,scenario_interpretation_sensitivity_only,ASUS,spatial_validation_3,ploss=0|noise=-20,mgen-20260810-181441,2,0,-20,10,1.63651542273,16.4,19.275,20.625,35.97,36.9,37.8689
SINR,filename_sensitivity,scenario_interpretation_sensitivity_only,ASUS,spatial_validation_3,ploss=0|noise=-10,mgen-20260810-173427,1,0,-10,10,0.00336593607917,16.4,19.275,20.625,17.4568,18.554,18.9876
SINR,filename_sensitivity,scenario_interpretation_sensitivity_only,ASUS,spatial_validation_3,ploss=0|noise=-10,mgen-20260810-182024,2,0,-10,10,0.242143404263,16.4,19.275,20.625,22.8507,23.5655,24.554
SINR,filename_sensitivity,scenario_interpretation_sensitivity_only,ASUS,spatial_validation_3,ploss=0|noise=-5,mgen-20260810-174009,1,0,-5,10,1.19307932937,16.4,19.275,20.625,5.117,5.559,6.423
SINR,filename_sensitivity,scenario_interpretation_sensitivity_only,ASUS,spatial_validation_3,ploss=0|noise=-5,mgen-20260810-182607,2,0,-5,10,0.777714552356,16.4,19.275,20.625,8.4939,9.254,9.6886
SINR,filename_sensitivity,scenario_interpretation_sensitivity_only,ASUS,spatial_validation_4,ploss=-20|noise=-30,mgen-20260810-172302,1,-20,-30,10,1.05429309189,15.99,17.875,21.85,28.5528,30.879,33.2436
SINR,filename_sensitivity,scenario_interpretation_sensitivity_only,ASUS,spatial_validation_4,ploss=-20|noise=-30,mgen-20260810-180852,2,-20,-30,10,0.579985973042,15.99,17.875,21.85,25.5,26.6335,28.5008
SINR,filename_sensitivity,scenario_interpretation_sensitivity_only,ASUS,spatial_validation_4,ploss=-15|noise=-30,mgen-20260810-171719,1,-15,-30,10,0.991192146657,15.99,17.875,21.85,29.6233,29.642,32.6114
SINR,filename_sensitivity,scenario_interpretation_sensitivity_only,ASUS,spatial_validation_4,ploss=-15|noise=-30,mgen-20260810-180309,2,-15,-30,10,1.08445873663,15.99,17.875,21.85,30.283,30.292,32.6089
SINR,filename_sensitivity,scenario_interpretation_sensitivity_only,ASUS,spatial_validation_4,ploss=-10|noise=-30,mgen-20260810-171135,1,-10,-30,10,1.72347354296,15.99,17.875,21.85,38.9617,39.5355,40.5195
SINR,filename_sensitivity,scenario_interpretation_sensitivity_only,ASUS,spatial_validation_4,ploss=-10|noise=-30,mgen-20260810-175727,2,-10,-30,10,1.74170056447,15.99,17.875,21.85,39.35,39.9365,42.8
SINR,filename_sensitivity,scenario_interpretation_sensitivity_only,ASUS,spatial_validation_4,ploss=-5|noise=-30,mgen-20260810-170448,1,-5,-30,10,1.82559536432,15.99,17.875,21.85,41.845,42.7,43.975
SINR,filename_sensitivity,scenario_interpretation_sensitivity_only,ASUS,spatial_validation_4,ploss=-5|noise=-30,mgen-20260810-175146,2,-5,-30,10,1.84797813872,15.99,17.875,21.85,42.98,44.6,44.9
SINR,filename_sensitivity,scenario_interpretation_sensitivity_only,ASUS,spatial_validation_4,ploss=-5|noise=-7,mgen-20260810-193641,1,-5,-7,10,0.524874820568,15.99,17.875,21.85,10.265,10.642,11.9635
SINR,filename_sensitivity,scenario_interpretation_sensitivity_only,ASUS,spatial_validation_4,ploss=-5|noise=-7,mgen-20260810-194833,2,-5,-7,10,0.635610158528,15.99,17.875,21.85,9.354,10.022,10.5503
SINR,filename_sensitivity,scenario_interpretation_sensitivity_only,ASUS,spatial_validation_4,ploss=0|noise=-20,mgen-20260810-172844,1,0,-20,10,1.80914113167,15.99,17.875,21.85,40.8928,42.2045,42.7009
SINR,filename_sensitivity,scenario_interpretation_sensitivity_only,ASUS,spatial_validation_4,ploss=0|noise=-20,mgen-20260810-181441,2,0,-20,10,1.59051364473,15.99,17.875,21.85,35.97,36.9,37.8689
SINR,filename_sensitivity,scenario_interpretation_sensitivity_only,ASUS,spatial_validation_4,ploss=0|noise=-10,mgen-20260810-173427,1,0,-10,10,0.00489049512928,15.99,17.875,21.85,17.4568,18.554,18.9876
SINR,filename_sensitivity,scenario_interpretation_sensitivity_only,ASUS,spatial_validation_4,ploss=0|noise=-10,mgen-20260810-182024,2,0,-10,10,0.243685737983,15.99,17.875,21.85,22.8507,23.5655,24.554
SINR,filename_sensitivity,scenario_interpretation_sensitivity_only,ASUS,spatial_validation_4,ploss=0|noise=-5,mgen-20260810-174009,1,0,-5,10,1.14996939546,15.99,17.875,21.85,5.117,5.559,6.423
SINR,filename_sensitivity,scenario_interpretation_sensitivity_only,ASUS,spatial_validation_4,ploss=0|noise=-5,mgen-20260810-182607,2,0,-5,10,0.739961054479,15.99,17.875,21.85,8.4939,9.254,9.6886
SINR,primary,primary_calibration_and_locked_spatial_validation,ASUS,calibration,ploss=-20|noise=-30,mgen-20260810-172302,1,-20,-30,10,1.24043451596,12.59,17.1,19.27,28.5528,30.879,33.2436
SINR,primary,primary_calibration_and_locked_spatial_validation,ASUS,calibration,ploss=-20|noise=-30,mgen-20260810-180852,2,-20,-30,10,0.796764356801,12.59,17.1,19.27,25.5,26.6335,28.5008
SINR,primary,primary_calibration_and_locked_spatial_validation,ASUS,calibration,ploss=-15|noise=-30,mgen-20260810-171719,1,-15,-30,10,1.19015029521,12.59,17.1,19.27,29.6233,29.642,32.6114
SINR,primary,primary_calibration_and_locked_spatial_validation,ASUS,calibration,ploss=-15|noise=-30,mgen-20260810-180309,2,-15,-30,10,1.27299921422,12.59,17.1,19.27,30.283,30.292,32.6089
SINR,primary,primary_calibration_and_locked_spatial_validation,ASUS,calibration,ploss=-10|noise=-30,mgen-20260810-171135,1,-10,-30,10,1.77801162414,12.59,17.1,19.27,38.9617,39.5355,40.5195
SINR,primary,primary_calibration_and_locked_spatial_validation,ASUS,calibration,ploss=-10|noise=-30,mgen-20260810-175727,2,-10,-30,10,1.78380067442,12.59,17.1,19.27,39.35,39.9365,42.8
SINR,primary,primary_calibration_and_locked_spatial_validation,ASUS,calibration,ploss=-5|noise=-30,mgen-20260810-170448,1,-5,-30,10,1.84674010054,12.59,17.1,19.27,41.845,42.7,43.975
SINR,primary,primary_calibration_and_locked_spatial_validation,ASUS,calibration,ploss=-5|noise=-30,mgen-20260810-175146,2,-5,-30,10,1.85935975711,12.59,17.1,19.27,42.98,44.6,44.9
SINR,primary,primary_calibration_and_locked_spatial_validation,ASUS,calibration,ploss=-5|noise=-7,mgen-20260810-193641,1,-5,-7,10,0.304664345432,12.59,17.1,19.27,10.265,10.642,11.9635
SINR,primary,primary_calibration_and_locked_spatial_validation,ASUS,calibration,ploss=-5|noise=-7,mgen-20260810-194833,2,-5,-7,10,0.397902578763,12.59,17.1,19.27,9.354,10.022,10.5503
SINR,primary,primary_calibration_and_locked_spatial_validation,ASUS,calibration,ploss=0|noise=-20,mgen-20260810-172844,1,0,-20,10,1.83784796838,12.59,17.1,19.27,40.8928,42.2045,42.7009
SINR,primary,primary_calibration_and_locked_spatial_validation,ASUS,calibration,ploss=0|noise=-20,mgen-20260810-181441,2,0,-20,10,1.68438876067,12.59,17.1,19.27,35.97,36.9,37.8689
SINR,primary,primary_calibration_and_locked_spatial_validation,ASUS,calibration,ploss=0|noise=-10,mgen-20260810-173427,1,0,-10,10,0.0324709436144,12.59,17.1,19.27,17.4568,18.554,18.9876
SINR,primary,primary_calibration_and_locked_spatial_validation,ASUS,calibration,ploss=0|noise=-10,mgen-20260810-182024,2,0,-10,10,0.430757814999,12.59,17.1,19.27,22.8507,23.5655,24.554
SINR,primary,primary_calibration_and_locked_spatial_validation,ASUS,calibration,ploss=0|noise=-5,mgen-20260810-174009,1,0,-5,10,0.893593773091,12.59,17.1,19.27,5.117,5.559,6.423
SINR,primary,primary_calibration_and_locked_spatial_validation,ASUS,calibration,ploss=0|noise=-5,mgen-20260810-182607,2,0,-5,10,0.490649008018,12.59,17.1,19.27,8.4939,9.254,9.6886
SINR,primary,primary_calibration_and_locked_spatial_validation,ASUS,spatial_validation_1,ploss=-20|noise=-30,mgen-20260810-172302,1,-20,-30,10,1.39239924891,11.065,15.525,18.045,28.5528,30.879,33.2436
SINR,primary,primary_calibration_and_locked_spatial_validation,ASUS,spatial_validation_1,ploss=-20|noise=-30,mgen-20260810-180852,2,-20,-30,10,0.988065573842,11.065,15.525,18.045,25.5,26.6335,28.5008
SINR,primary,primary_calibration_and_locked_spatial_validation,ASUS,spatial_validation_1,ploss=-15|noise=-30,mgen-20260810-171719,1,-15,-30,10,1.35363632016,11.065,15.525,18.045,29.6233,29.642,32.6114
SINR,primary,primary_calibration_and_locked_spatial_validation,ASUS,spatial_validation_1,ploss=-15|noise=-30,mgen-20260810-180309,2,-15,-30,10,1.42604882442,11.065,15.525,18.045,30.283,30.292,32.6089
SINR,primary,primary_calibration_and_locked_spatial_validation,ASUS,spatial_validation_1,ploss=-10|noise=-30,mgen-20260810-171135,1,-10,-30,10,1.82878150498,11.065,15.525,18.045,38.9617,39.5355,40.5195
SINR,primary,primary_calibration_and_locked_spatial_validation,ASUS,spatial_validation_1,ploss=-10|noise=-30,mgen-20260810-175727,2,-10,-30,10,1.82721190032,11.065,15.525,18.045,39.35,39.9365,42.8
SINR,primary,primary_calibration_and_locked_spatial_validation,ASUS,spatial_validation_1,ploss=-5|noise=-30,mgen-20260810-170448,1,-5,-30,10,1.8778763533,11.065,15.525,18.045,41.845,42.7,43.975
SINR,primary,primary_calibration_and_locked_spatial_validation,ASUS,spatial_validation_1,ploss=-5|noise=-30,mgen-20260810-175146,2,-5,-30,10,1.88532610105,11.065,15.525,18.045,42.98,44.6,44.9
SINR,primary,primary_calibration_and_locked_spatial_validation,ASUS,spatial_validation_1,ploss=-5|noise=-7,mgen-20260810-193641,1,-5,-7,10,0.173145314563,11.065,15.525,18.045,10.265,10.642,11.9635
SINR,primary,primary_calibration_and_locked_spatial_validation,ASUS,spatial_validation_1,ploss=-5|noise=-7,mgen-20260810-194833,2,-5,-7,10,0.250841083385,11.065,15.525,18.045,9.354,10.022,10.5503
SINR,primary,primary_calibration_and_locked_spatial_validation,ASUS,spatial_validation_1,ploss=0|noise=-20,mgen-20260810-172844,1,0,-20,10,1.87315088067,11.065,15.525,18.045,40.8928,42.2045,42.7009
SINR,primary,primary_calibration_and_locked_spatial_validation,ASUS,spatial_validation_1,ploss=0|noise=-20,mgen-20260810-181441,2,0,-20,10,1.76113485216,11.065,15.525,18.045,35.97,36.9,37.8689
SINR,primary,primary_calibration_and_locked_spatial_validation,ASUS,spatial_validation_1,ploss=0|noise=-10,mgen-20260810-173427,1,0,-10,10,0.105039375313,11.065,15.525,18.045,17.4568,18.554,18.9876
SINR,primary,primary_calibration_and_locked_spatial_validation,ASUS,spatial_validation_1,ploss=0|noise=-10,mgen-20260810-182024,2,0,-10,10,0.614218524526,11.065,15.525,18.045,22.8507,23.5655,24.554
SINR,primary,primary_calibration_and_locked_spatial_validation,ASUS,spatial_validation_1,ploss=0|noise=-5,mgen-20260810-174009,1,0,-5,10,0.725966430022,11.065,15.525,18.045,5.117,5.559,6.423
SINR,primary,primary_calibration_and_locked_spatial_validation,ASUS,spatial_validation_1,ploss=0|noise=-5,mgen-20260810-182607,2,0,-5,10,0.332926488027,11.065,15.525,18.045,8.4939,9.254,9.6886
SINR,primary,primary_calibration_and_locked_spatial_validation,ASUS,spatial_validation_2,ploss=-20|noise=-30,mgen-20260810-172302,1,-20,-30,10,0.837161474843,14.965,20.875,23.225,28.5528,30.879,33.2436
SINR,primary,primary_calibration_and_locked_spatial_validation,ASUS,spatial_validation_2,ploss=-20|noise=-30,mgen-20260810-180852,2,-20,-30,10,0.374990362558,14.965,20.875,23.225,25.5,26.6335,28.5008
SINR,primary,primary_calibration_and_locked_spatial_validation,ASUS,spatial_validation_2,ploss=-15|noise=-30,mgen-20260810-171719,1,-15,-30,10,0.766307569206,14.965,20.875,23.225,29.6233,29.642,32.6114
SINR,primary,primary_calibration_and_locked_spatial_validation,ASUS,spatial_validation_2,ploss=-15|noise=-30,mgen-20260810-180309,2,-15,-30,10,0.863265922023,14.965,20.875,23.225,30.283,30.292,32.6089
SINR,primary,primary_calibration_and_locked_spatial_validation,ASUS,spatial_validation_2,ploss=-10|noise=-30,mgen-20260810-171135,1,-10,-30,10,1.61567464772,14.965,20.875,23.225,38.9617,39.5355,40.5195
SINR,primary,primary_calibration_and_locked_spatial_validation,ASUS,spatial_validation_2,ploss=-10|noise=-30,mgen-20260810-175727,2,-10,-30,10,1.64711077705,14.965,20.875,23.225,39.35,39.9365,42.8
SINR,primary,primary_calibration_and_locked_spatial_validation,ASUS,spatial_validation_2,ploss=-5|noise=-30,mgen-20260810-170448,1,-5,-30,10,1.75331491108,14.965,20.875,23.225,41.845,42.7,43.975
SINR,primary,primary_calibration_and_locked_spatial_validation,ASUS,spatial_validation_2,ploss=-5|noise=-30,mgen-20260810-175146,2,-5,-30,10,1.78631143109,14.965,20.875,23.225,42.98,44.6,44.9
SINR,primary,primary_calibration_and_locked_spatial_validation,ASUS,spatial_validation_2,ploss=-5|noise=-7,mgen-20260810-193641,1,-5,-7,10,0.693771866042,14.965,20.875,23.225,10.265,10.642,11.9635
SINR,primary,primary_calibration_and_locked_spatial_validation,ASUS,spatial_validation_2,ploss=-5|noise=-7,mgen-20260810-194833,2,-5,-7,10,0.802247506346,14.965,20.875,23.225,9.354,10.022,10.5503
SINR,primary,primary_calibration_and_locked_spatial_validation,ASUS,spatial_validation_2,ploss=0|noise=-20,mgen-20260810-172844,1,0,-20,10,1.72867858309,14.965,20.875,23.225,40.8928,42.2045,42.7009
SINR,primary,primary_calibration_and_locked_spatial_validation,ASUS,spatial_validation_2,ploss=0|noise=-20,mgen-20260810-181441,2,0,-20,10,1.44314996116,14.965,20.875,23.225,35.97,36.9,37.8689
SINR,primary,primary_calibration_and_locked_spatial_validation,ASUS,spatial_validation_2,ploss=0|noise=-10,mgen-20260810-173427,1,0,-10,10,0.0491463758071,14.965,20.875,23.225,17.4568,18.554,18.9876
SINR,primary,primary_calibration_and_locked_spatial_validation,ASUS,spatial_validation_2,ploss=0|noise=-10,mgen-20260810-182024,2,0,-10,10,0.108370782372,14.965,20.875,23.225,22.8507,23.5655,24.554
SINR,primary,primary_calibration_and_locked_spatial_validation,ASUS,spatial_validation_2,ploss=0|noise=-5,mgen-20260810-174009,1,0,-5,10,1.26566378416,14.965,20.875,23.225,5.117,5.559,6.423
SINR,primary,primary_calibration_and_locked_spatial_validation,ASUS,spatial_validation_2,ploss=0|noise=-5,mgen-20260810-182607,2,0,-5,10,0.900652873547,14.965,20.875,23.225,8.4939,9.254,9.6886
SINR,primary,primary_calibration_and_locked_spatial_validation,ASUS,spatial_validation_3,ploss=-20|noise=-30,mgen-20260810-172302,1,-20,-30,10,0.99932373543,15.775,20.2,21.845,28.5528,30.879,33.2436
SINR,primary,primary_calibration_and_locked_spatial_validation,ASUS,spatial_validation_3,ploss=-20|noise=-30,mgen-20260810-180852,2,-20,-30,10,0.519345871151,15.775,20.2,21.845,25.5,26.6335,28.5008
SINR,primary,primary_calibration_and_locked_spatial_validation,ASUS,spatial_validation_3,ploss=-15|noise=-30,mgen-20260810-171719,1,-15,-30,10,0.932534191771,15.775,20.2,21.845,29.6233,29.642,32.6114
SINR,primary,primary_calibration_and_locked_spatial_validation,ASUS,spatial_validation_3,ploss=-15|noise=-30,mgen-20260810-180309,2,-15,-30,10,1.02859989599,15.775,20.2,21.845,30.283,30.292,32.6089
SINR,primary,primary_calibration_and_locked_spatial_validation,ASUS,spatial_validation_3,ploss=-10|noise=-30,mgen-20260810-171135,1,-10,-30,10,1.70353847656,15.775,20.2,21.845,38.9617,39.5355,40.5195
SINR,primary,primary_calibration_and_locked_spatial_validation,ASUS,spatial_validation_3,ploss=-10|noise=-30,mgen-20260810-175727,2,-10,-30,10,1.72422318732,15.775,20.2,21.845,39.35,39.9365,42.8
SINR,primary,primary_calibration_and_locked_spatial_validation,ASUS,spatial_validation_3,ploss=-5|noise=-30,mgen-20260810-170448,1,-5,-30,10,1.81215764623,15.775,20.2,21.845,41.845,42.7,43.975
SINR,primary,primary_calibration_and_locked_spatial_validation,ASUS,spatial_validation_3,ploss=-5|noise=-30,mgen-20260810-175146,2,-5,-30,10,1.8359582725,15.775,20.2,21.845,42.98,44.6,44.9
SINR,primary,primary_calibration_and_locked_spatial_validation,ASUS,spatial_validation_3,ploss=-5|noise=-7,mgen-20260810-193641,1,-5,-7,10,0.570384342577,15.775,20.2,21.845,10.265,10.642,11.9635
SINR,primary,primary_calibration_and_locked_spatial_validation,ASUS,spatial_validation_3,ploss=-5|noise=-7,mgen-20260810-194833,2,-5,-7,10,0.679532677044,15.775,20.2,21.845,9.354,10.022,10.5503
SINR,primary,primary_calibration_and_locked_spatial_validation,ASUS,spatial_validation_3,ploss=0|noise=-20,mgen-20260810-172844,1,0,-20,10,1.79445482127,15.775,20.2,21.845,40.8928,42.2045,42.7009
SINR,primary,primary_calibration_and_locked_spatial_validation,ASUS,spatial_validation_3,ploss=0|noise=-20,mgen-20260810-181441,2,0,-20,10,1.56109183889,15.775,20.2,21.845,35.97,36.9,37.8689
SINR,primary,primary_calibration_and_locked_spatial_validation,ASUS,spatial_validation_3,ploss=0|noise=-10,mgen-20260810-173427,1,0,-10,10,0.0122874351617,15.775,20.2,21.845,17.4568,18.554,18.9876
SINR,primary,primary_calibration_and_locked_spatial_validation,ASUS,spatial_validation_3,ploss=0|noise=-10,mgen-20260810-182024,2,0,-10,10,0.197883717312,15.775,20.2,21.845,22.8507,23.5655,24.554
SINR,primary,primary_calibration_and_locked_spatial_validation,ASUS,spatial_validation_3,ploss=0|noise=-5,mgen-20260810-174009,1,0,-5,10,1.17285377584,15.775,20.2,21.845,5.117,5.559,6.423
SINR,primary,primary_calibration_and_locked_spatial_validation,ASUS,spatial_validation_3,ploss=0|noise=-5,mgen-20260810-182607,2,0,-5,10,0.781035454403,15.775,20.2,21.845,8.4939,9.254,9.6886
SINR,primary,primary_calibration_and_locked_spatial_validation,ASUS,spatial_validation_4,ploss=-20|noise=-30,mgen-20260810-172302,1,-20,-30,10,1.36697012379,11.98,14.2,18.985,28.5528,30.879,33.2436
SINR,primary,primary_calibration_and_locked_spatial_validation,ASUS,spatial_validation_4,ploss=-20|noise=-30,mgen-20260810-180852,2,-20,-30,10,0.967754506401,11.98,14.2,18.985,25.5,26.6335,28.5008
SINR,primary,primary_calibration_and_locked_spatial_validation,ASUS,spatial_validation_4,ploss=-15|noise=-30,mgen-20260810-171719,1,-15,-30,10,1.32823180342,11.98,14.2,18.985,29.6233,29.642,32.6114
SINR,primary,primary_calibration_and_locked_spatial_validation,ASUS,spatial_validation_4,ploss=-15|noise=-30,mgen-20260810-180309,2,-15,-30,10,1.40018568316,11.98,14.2,18.985,30.283,30.292,32.6089
SINR,primary,primary_calibration_and_locked_spatial_validation,ASUS,spatial_validation_4,ploss=-10|noise=-30,mgen-20260810-171135,1,-10,-30,10,1.80843119074,11.98,14.2,18.985,38.9617,39.5355,40.5195
SINR,primary,primary_calibration_and_locked_spatial_validation,ASUS,spatial_validation_4,ploss=-10|noise=-30,mgen-20260810-175727,2,-10,-30,10,1.80788208465,11.98,14.2,18.985,39.35,39.9365,42.8
SINR,primary,primary_calibration_and_locked_spatial_validation,ASUS,spatial_validation_4,ploss=-5|noise=-30,mgen-20260810-170448,1,-5,-30,10,1.86027986871,11.98,14.2,18.985,41.845,42.7,43.975
SINR,primary,primary_calibration_and_locked_spatial_validation,ASUS,spatial_validation_4,ploss=-5|noise=-30,mgen-20260810-175146,2,-5,-30,10,1.86859592725,11.98,14.2,18.985,42.98,44.6,44.9
SINR,primary,primary_calibration_and_locked_spatial_validation,ASUS,spatial_validation_4,ploss=-5|noise=-7,mgen-20260810-193641,1,-5,-7,10,0.169865174766,11.98,14.2,18.985,10.265,10.642,11.9635
SINR,primary,primary_calibration_and_locked_spatial_validation,ASUS,spatial_validation_4,ploss=-5|noise=-7,mgen-20260810-194833,2,-5,-7,10,0.245877239865,11.98,14.2,18.985,9.354,10.022,10.5503
SINR,primary,primary_calibration_and_locked_spatial_validation,ASUS,spatial_validation_4,ploss=0|noise=-20,mgen-20260810-172844,1,0,-20,10,1.85489672097,11.98,14.2,18.985,40.8928,42.2045,42.7009
SINR,primary,primary_calibration_and_locked_spatial_validation,ASUS,spatial_validation_4,ploss=0|noise=-20,mgen-20260810-181441,2,0,-20,10,1.73802119402,11.98,14.2,18.985,35.97,36.9,37.8689
SINR,primary,primary_calibration_and_locked_spatial_validation,ASUS,spatial_validation_4,ploss=0|noise=-10,mgen-20260810-173427,1,0,-10,10,0.105462663072,11.98,14.2,18.985,17.4568,18.554,18.9876
SINR,primary,primary_calibration_and_locked_spatial_validation,ASUS,spatial_validation_4,ploss=0|noise=-10,mgen-20260810-182024,2,0,-10,10,0.602173296741,11.98,14.2,18.985,22.8507,23.5655,24.554
SINR,primary,primary_calibration_and_locked_spatial_validation,ASUS,spatial_validation_4,ploss=0|noise=-5,mgen-20260810-174009,1,0,-5,10,0.713469857115,11.98,14.2,18.985,5.117,5.559,6.423
SINR,primary,primary_calibration_and_locked_spatial_validation,ASUS,spatial_validation_4,ploss=0|noise=-5,mgen-20260810-182607,2,0,-5,10,0.326314000306,11.98,14.2,18.985,8.4939,9.254,9.6886
SINR,s25_robustness,device_robustness_sensitivity_only,S25,calibration,ploss=-20|noise=-30,mgen-20260810-172302,1,-20,-30,10,0.702445336297,20.31,22.825,23.675,28.5528,30.879,33.2436
SINR,s25_robustness,device_robustness_sensitivity_only,S25,calibration,ploss=-20|noise=-30,mgen-20260810-180852,2,-20,-30,10,0.234586422231,20.31,22.825,23.675,25.5,26.6335,28.5008
SINR,s25_robustness,device_robustness_sensitivity_only,S25,calibration,ploss=-15|noise=-30,mgen-20260810-171719,1,-15,-30,10,0.621033920742,20.31,22.825,23.675,29.6233,29.642,32.6114
SINR,s25_robustness,device_robustness_sensitivity_only,S25,calibration,ploss=-15|noise=-30,mgen-20260810-180309,2,-15,-30,10,0.724934470053,20.31,22.825,23.675,30.283,30.292,32.6089
SINR,s25_robustness,device_robustness_sensitivity_only,S25,calibration,ploss=-10|noise=-30,mgen-20260810-171135,1,-10,-30,10,1.60677842256,20.31,22.825,23.675,38.9617,39.5355,40.5195
SINR,s25_robustness,device_robustness_sensitivity_only,S25,calibration,ploss=-10|noise=-30,mgen-20260810-175727,2,-10,-30,10,1.65168336832,20.31,22.825,23.675,39.35,39.9365,42.8
SINR,s25_robustness,device_robustness_sensitivity_only,S25,calibration,ploss=-5|noise=-30,mgen-20260810-170448,1,-5,-30,10,1.7805942796,20.31,22.825,23.675,41.845,42.7,43.975
SINR,s25_robustness,device_robustness_sensitivity_only,S25,calibration,ploss=-5|noise=-30,mgen-20260810-175146,2,-5,-30,10,1.82421844255,20.31,22.825,23.675,42.98,44.6,44.9
SINR,s25_robustness,device_robustness_sensitivity_only,S25,calibration,ploss=-5|noise=-7,mgen-20260810-193641,1,-5,-7,10,0.980296836318,20.31,22.825,23.675,10.265,10.642,11.9635
SINR,s25_robustness,device_robustness_sensitivity_only,S25,calibration,ploss=-5|noise=-7,mgen-20260810-194833,2,-5,-7,10,1.09350498257,20.31,22.825,23.675,9.354,10.022,10.5503
SINR,s25_robustness,device_robustness_sensitivity_only,S25,calibration,ploss=0|noise=-20,mgen-20260810-172844,1,0,-20,10,1.74772291679,20.31,22.825,23.675,40.8928,42.2045,42.7009
SINR,s25_robustness,device_robustness_sensitivity_only,S25,calibration,ploss=0|noise=-20,mgen-20260810-181441,2,0,-20,10,1.39266561492,20.31,22.825,23.675,35.97,36.9,37.8689
SINR,s25_robustness,device_robustness_sensitivity_only,S25,calibration,ploss=0|noise=-10,mgen-20260810-173427,1,0,-10,10,0.152825763429,20.31,22.825,23.675,17.4568,18.554,18.9876
SINR,s25_robustness,device_robustness_sensitivity_only,S25,calibration,ploss=0|noise=-10,mgen-20260810-182024,2,0,-10,10,0.0259374512436,20.31,22.825,23.675,22.8507,23.5655,24.554
SINR,s25_robustness,device_robustness_sensitivity_only,S25,calibration,ploss=0|noise=-5,mgen-20260810-174009,1,0,-5,10,1.52507258209,20.31,22.825,23.675,5.117,5.559,6.423
SINR,s25_robustness,device_robustness_sensitivity_only,S25,calibration,ploss=0|noise=-5,mgen-20260810-182607,2,0,-5,10,1.1916780405,20.31,22.825,23.675,8.4939,9.254,9.6886
SINR,s25_robustness,device_robustness_sensitivity_only,S25,spatial_validation_1,ploss=-20|noise=-30,mgen-20260810-172302,1,-20,-30,10,1.23725129877,14.835,17.075,19.635,28.5528,30.879,33.2436
SINR,s25_robustness,device_robustness_sensitivity_only,S25,spatial_validation_1,ploss=-20|noise=-30,mgen-20260810-180852,2,-20,-30,10,0.77407198629,14.835,17.075,19.635,25.5,26.6335,28.5008
SINR,s25_robustness,device_robustness_sensitivity_only,S25,spatial_validation_1,ploss=-15|noise=-30,mgen-20260810-171719,1,-15,-30,10,1.18314051675,14.835,17.075,19.635,29.6233,29.642,32.6114
SINR,s25_robustness,device_robustness_sensitivity_only,S25,spatial_validation_1,ploss=-15|noise=-30,mgen-20260810-180309,2,-15,-30,10,1.26998155093,14.835,17.075,19.635,30.283,30.292,32.6089
SINR,s25_robustness,device_robustness_sensitivity_only,S25,spatial_validation_1,ploss=-10|noise=-30,mgen-20260810-171135,1,-10,-30,10,1.80321909941,14.835,17.075,19.635,38.9617,39.5355,40.5195
SINR,s25_robustness,device_robustness_sensitivity_only,S25,spatial_validation_1,ploss=-10|noise=-30,mgen-20260810-175727,2,-10,-30,10,1.81048104738,14.835,17.075,19.635,39.35,39.9365,42.8
SINR,s25_robustness,device_robustness_sensitivity_only,S25,spatial_validation_1,ploss=-5|noise=-30,mgen-20260810-170448,1,-5,-30,10,1.87585499627,14.835,17.075,19.635,41.845,42.7,43.975
SINR,s25_robustness,device_robustness_sensitivity_only,S25,spatial_validation_1,ploss=-5|noise=-30,mgen-20260810-175146,2,-5,-30,10,1.88940271893,14.835,17.075,19.635,42.98,44.6,44.9
SINR,s25_robustness,device_robustness_sensitivity_only,S25,spatial_validation_1,ploss=-5|noise=-7,mgen-20260810-193641,1,-5,-7,10,0.363528226987,14.835,17.075,19.635,10.265,10.642,11.9635
SINR,s25_robustness,device_robustness_sensitivity_only,S25,spatial_validation_1,ploss=-5|noise=-7,mgen-20260810-194833,2,-5,-7,10,0.465687240346,14.835,17.075,19.635,9.354,10.022,10.5503
SINR,s25_robustness,device_robustness_sensitivity_only,S25,spatial_validation_1,ploss=0|noise=-20,mgen-20260810-172844,1,0,-20,10,1.86618708075,14.835,17.075,19.635,40.8928,42.2045,42.7009
SINR,s25_robustness,device_robustness_sensitivity_only,S25,spatial_validation_1,ploss=0|noise=-20,mgen-20260810-181441,2,0,-20,10,1.70373337626,14.835,17.075,19.635,35.97,36.9,37.8689
SINR,s25_robustness,device_robustness_sensitivity_only,S25,spatial_validation_1,ploss=0|noise=-10,mgen-20260810-173427,1,0,-10,10,0.0172759283266,14.835,17.075,19.635,17.4568,18.554,18.9876
SINR,s25_robustness,device_robustness_sensitivity_only,S25,spatial_validation_1,ploss=0|noise=-10,mgen-20260810-182024,2,0,-10,10,0.399190616519,14.835,17.075,19.635,22.8507,23.5655,24.554
SINR,s25_robustness,device_robustness_sensitivity_only,S25,spatial_validation_1,ploss=0|noise=-5,mgen-20260810-174009,1,0,-5,10,0.988096853578,14.835,17.075,19.635,5.117,5.559,6.423
SINR,s25_robustness,device_robustness_sensitivity_only,S25,spatial_validation_1,ploss=0|noise=-5,mgen-20260810-182607,2,0,-5,10,0.565903530723,14.835,17.075,19.635,8.4939,9.254,9.6886
SINR,s25_robustness,device_robustness_sensitivity_only,S25,spatial_validation_2,ploss=-20|noise=-30,mgen-20260810-172302,1,-20,-30,10,1.34098554313,12.55,15,19.725,28.5528,30.879,33.2436
SINR,s25_robustness,device_robustness_sensitivity_only,S25,spatial_validation_2,ploss=-20|noise=-30,mgen-20260810-180852,2,-20,-30,10,0.9275628976,12.55,15,19.725,25.5,26.6335,28.5008
SINR,s25_robustness,device_robustness_sensitivity_only,S25,spatial_validation_2,ploss=-15|noise=-30,mgen-20260810-171719,1,-15,-30,10,1.29902589691,12.55,15,19.725,29.6233,29.642,32.6114
SINR,s25_robustness,device_robustness_sensitivity_only,S25,spatial_validation_2,ploss=-15|noise=-30,mgen-20260810-180309,2,-15,-30,10,1.37415193697,12.55,15,19.725,30.283,30.292,32.6089
SINR,s25_robustness,device_robustness_sensitivity_only,S25,spatial_validation_2,ploss=-10|noise=-30,mgen-20260810-171135,1,-10,-30,10,1.80847407331,12.55,15,19.725,38.9617,39.5355,40.5195
SINR,s25_robustness,device_robustness_sensitivity_only,S25,spatial_validation_2,ploss=-10|noise=-30,mgen-20260810-175727,2,-10,-30,10,1.80957194947,12.55,15,19.725,39.35,39.9365,42.8
SINR,s25_robustness,device_robustness_sensitivity_only,S25,spatial_validation_2,ploss=-5|noise=-30,mgen-20260810-170448,1,-5,-30,10,1.8647091877,12.55,15,19.725,41.845,42.7,43.975
SINR,s25_robustness,device_robustness_sensitivity_only,S25,spatial_validation_2,ploss=-5|noise=-30,mgen-20260810-175146,2,-5,-30,10,1.87414517673,12.55,15,19.725,42.98,44.6,44.9
SINR,s25_robustness,device_robustness_sensitivity_only,S25,spatial_validation_2,ploss=-5|noise=-7,mgen-20260810-193641,1,-5,-7,10,0.205449352928,12.55,15,19.725,10.265,10.642,11.9635
SINR,s25_robustness,device_robustness_sensitivity_only,S25,spatial_validation_2,ploss=-5|noise=-7,mgen-20260810-194833,2,-5,-7,10,0.288021192436,12.55,15,19.725,9.354,10.022,10.5503
SINR,s25_robustness,device_robustness_sensitivity_only,S25,spatial_validation_2,ploss=0|noise=-20,mgen-20260810-172844,1,0,-20,10,1.85841408068,12.55,15,19.725,40.8928,42.2045,42.7009
SINR,s25_robustness,device_robustness_sensitivity_only,S25,spatial_validation_2,ploss=0|noise=-20,mgen-20260810-181441,2,0,-20,10,1.73200014459,12.55,15,19.725,35.97,36.9,37.8689
SINR,s25_robustness,device_robustness_sensitivity_only,S25,spatial_validation_2,ploss=0|noise=-10,mgen-20260810-173427,1,0,-10,10,0.0811055269761,12.55,15,19.725,17.4568,18.554,18.9876
SINR,s25_robustness,device_robustness_sensitivity_only,S25,spatial_validation_2,ploss=0|noise=-10,mgen-20260810-182024,2,0,-10,10,0.558234360398,12.55,15,19.725,22.8507,23.5655,24.554
SINR,s25_robustness,device_robustness_sensitivity_only,S25,spatial_validation_2,ploss=0|noise=-5,mgen-20260810-174009,1,0,-5,10,0.77389566138,12.55,15,19.725,5.117,5.559,6.423
SINR,s25_robustness,device_robustness_sensitivity_only,S25,spatial_validation_2,ploss=0|noise=-5,mgen-20260810-182607,2,0,-5,10,0.373817126237,12.55,15,19.725,8.4939,9.254,9.6886
SINR,s25_robustness,device_robustness_sensitivity_only,S25,spatial_validation_3,ploss=-20|noise=-30,mgen-20260810-172302,1,-20,-30,10,0.89025741151,15.435,20.375,23.495,28.5528,30.879,33.2436
SINR,s25_robustness,device_robustness_sensitivity_only,S25,spatial_validation_3,ploss=-20|noise=-30,mgen-20260810-180852,2,-20,-30,10,0.423652612352,15.435,20.375,23.495,25.5,26.6335,28.5008
SINR,s25_robustness,device_robustness_sensitivity_only,S25,spatial_validation_3,ploss=-15|noise=-30,mgen-20260810-171719,1,-15,-30,10,0.821190353477,15.435,20.375,23.495,29.6233,29.642,32.6114
SINR,s25_robustness,device_robustness_sensitivity_only,S25,spatial_validation_3,ploss=-15|noise=-30,mgen-20260810-180309,2,-15,-30,10,0.917447109683,15.435,20.375,23.495,30.283,30.292,32.6089
SINR,s25_robustness,device_robustness_sensitivity_only,S25,spatial_validation_3,ploss=-10|noise=-30,mgen-20260810-171135,1,-10,-30,10,1.64095929123,15.435,20.375,23.495,38.9617,39.5355,40.5195
SINR,s25_robustness,device_robustness_sensitivity_only,S25,spatial_validation_3,ploss=-10|noise=-30,mgen-20260810-175727,2,-10,-30,10,1.66873488063,15.435,20.375,23.495,39.35,39.9365,42.8
SINR,s25_robustness,device_robustness_sensitivity_only,S25,spatial_validation_3,ploss=-5|noise=-30,mgen-20260810-170448,1,-5,-30,10,1.76873471959,15.435,20.375,23.495,41.845,42.7,43.975
SINR,s25_robustness,device_robustness_sensitivity_only,S25,spatial_validation_3,ploss=-5|noise=-30,mgen-20260810-175146,2,-5,-30,10,1.79867962683,15.435,20.375,23.495,42.98,44.6,44.9
SINR,s25_robustness,device_robustness_sensitivity_only,S25,spatial_validation_3,ploss=-5|noise=-7,mgen-20260810-193641,1,-5,-7,10,0.643705008664,15.435,20.375,23.495,10.265,10.642,11.9635
SINR,s25_robustness,device_robustness_sensitivity_only,S25,spatial_validation_3,ploss=-5|noise=-7,mgen-20260810-194833,2,-5,-7,10,0.752484670267,15.435,20.375,23.495,9.354,10.022,10.5503
SINR,s25_robustness,device_robustness_sensitivity_only,S25,spatial_validation_3,ploss=0|noise=-20,mgen-20260810-172844,1,0,-20,10,1.74641923405,15.435,20.375,23.495,40.8928,42.2045,42.7009
SINR,s25_robustness,device_robustness_sensitivity_only,S25,spatial_validation_3,ploss=0|noise=-20,mgen-20260810-181441,2,0,-20,10,1.47900738277,15.435,20.375,23.495,35.97,36.9,37.8689
SINR,s25_robustness,device_robustness_sensitivity_only,S25,spatial_validation_3,ploss=0|noise=-10,mgen-20260810-173427,1,0,-10,10,0.0324943735276,15.435,20.375,23.495,17.4568,18.554,18.9876
SINR,s25_robustness,device_robustness_sensitivity_only,S25,spatial_validation_3,ploss=0|noise=-10,mgen-20260810-182024,2,0,-10,10,0.13830557025,15.435,20.375,23.495,22.8507,23.5655,24.554
SINR,s25_robustness,device_robustness_sensitivity_only,S25,spatial_validation_3,ploss=0|noise=-5,mgen-20260810-174009,1,0,-5,10,1.22796749778,15.435,20.375,23.495,5.117,5.559,6.423
SINR,s25_robustness,device_robustness_sensitivity_only,S25,spatial_validation_3,ploss=0|noise=-5,mgen-20260810-182607,2,0,-5,10,0.852161269505,15.435,20.375,23.495,8.4939,9.254,9.6886
SINR,s25_robustness,device_robustness_sensitivity_only,S25,spatial_validation_4,ploss=-20|noise=-30,mgen-20260810-172302,1,-20,-30,10,0.660515622529,15.745,21.9,25.345,28.5528,30.879,33.2436
SINR,s25_robustness,device_robustness_sensitivity_only,S25,spatial_validation_4,ploss=-20|noise=-30,mgen-20260810-180852,2,-20,-30,10,0.252141170121,15.745,21.9,25.345,25.5,26.6335,28.5008
SINR,s25_robustness,device_robustness_sensitivity_only,S25,spatial_validation_4,ploss=-15|noise=-30,mgen-20260810-171719,1,-15,-30,10,0.592515681889,15.745,21.9,25.345,29.6233,29.642,32.6114
SINR,s25_robustness,device_robustness_sensitivity_only,S25,spatial_validation_4,ploss=-15|noise=-30,mgen-20260810-180309,2,-15,-30,10,0.682982261546,15.745,21.9,25.345,30.283,30.292,32.6089
SINR,s25_robustness,device_robustness_sensitivity_only,S25,spatial_validation_4,ploss=-10|noise=-30,mgen-20260810-171135,1,-10,-30,10,1.4747509949,15.745,21.9,25.345,38.9617,39.5355,40.5195
SINR,s25_robustness,device_robustness_sensitivity_only,S25,spatial_validation_4,ploss=-10|noise=-30,mgen-20260810-175727,2,-10,-30,10,1.51825803946,15.745,21.9,25.345,39.35,39.9365,42.8
SINR,s25_robustness,device_robustness_sensitivity_only,S25,spatial_validation_4,ploss=-5|noise=-30,mgen-20260810-170448,1,-5,-30,10,1.64533499649,15.745,21.9,25.345,41.845,42.7,43.975
SINR,s25_robustness,device_robustness_sensitivity_only,S25,spatial_validation_4,ploss=-5|noise=-30,mgen-20260810-175146,2,-5,-30,10,1.69047513008,15.745,21.9,25.345,42.98,44.6,44.9
SINR,s25_robustness,device_robustness_sensitivity_only,S25,spatial_validation_4,ploss=-5|noise=-7,mgen-20260810-193641,1,-5,-7,10,0.776824545849,15.745,21.9,25.345,10.265,10.642,11.9635
SINR,s25_robustness,device_robustness_sensitivity_only,S25,spatial_validation_4,ploss=-5|noise=-7,mgen-20260810-194833,2,-5,-7,10,0.879389635517,15.745,21.9,25.345,9.354,10.022,10.5503
SINR,s25_robustness,device_robustness_sensitivity_only,S25,spatial_validation_4,ploss=0|noise=-20,mgen-20260810-172844,1,0,-20,10,1.6120337657,15.745,21.9,25.345,40.8928,42.2045,42.7009
SINR,s25_robustness,device_robustness_sensitivity_only,S25,spatial_validation_4,ploss=0|noise=-20,mgen-20260810-181441,2,0,-20,10,1.27508185445,15.745,21.9,25.345,35.97,36.9,37.8689
SINR,s25_robustness,device_robustness_sensitivity_only,S25,spatial_validation_4,ploss=0|noise=-10,mgen-20260810-173427,1,0,-10,10,0.106608777147,15.745,21.9,25.345,17.4568,18.554,18.9876
SINR,s25_robustness,device_robustness_sensitivity_only,S25,spatial_validation_4,ploss=0|noise=-10,mgen-20260810-182024,2,0,-10,10,0.0568368164218,15.745,21.9,25.345,22.8507,23.5655,24.554
SINR,s25_robustness,device_robustness_sensitivity_only,S25,spatial_validation_4,ploss=0|noise=-5,mgen-20260810-174009,1,0,-5,10,1.30239645397,15.745,21.9,25.345,5.117,5.559,6.423
SINR,s25_robustness,device_robustness_sensitivity_only,S25,spatial_validation_4,ploss=0|noise=-5,mgen-20260810-182607,2,0,-5,10,0.970849637106,15.745,21.9,25.345,8.4939,9.254,9.6886
