app,real_rf_state_id,target_rsrp_dbm,target_rsrq_db,target_snr_db,observations,traces,within_application_time_probability,equal_trace_within_application_probability
Amazon_Prime,rsrp=-100|rsrq=-11|snr=4,-100,-11,4,12,3,0.0179372197309,0.0180003590066
Amazon_Prime,rsrp=-100|rsrq=-11|snr=3,-100,-11,3,10,3,0.0149476831091,0.0149883108138
Amazon_Prime,rsrp=-101|rsrq=-14|snr=-2,-101,-14,-2,10,1,0.0149476831091,0.014880952381
Amazon_Prime,rsrp=-99|rsrq=-9|snr=8,-99,-9,8,8,1,0.0119581464873,0.0120481927711
Amazon_Prime,rsrp=-100|rsrq=-10|snr=7,-100,-10,7,8,2,0.0119581464873,0.0120301565544
Amazon_Prime,rsrp=-100|rsrq=-11|snr=5,-100,-11,5,8,2,0.0119581464873,0.0119940841209
Amazon_Prime,rsrp=-100|rsrq=-13|snr=3,-100,-13,3,8,3,0.0119581464873,0.0119225834046
Amazon_Prime,rsrp=-99|rsrq=-10|snr=3,-99,-10,3,6,1,0.00896860986547,0.00903614457831
Amazon_Prime,rsrp=-100|rsrq=-10|snr=1,-100,-10,1,6,2,0.00896860986547,0.00901810836159
Amazon_Prime,rsrp=-100|rsrq=-10|snr=0,-100,-10,0,6,2,0.00896860986547,0.00900028686173
Amazon_Prime,rsrp=-100|rsrq=-10|snr=4,-100,-10,4,6,2,0.00896860986547,0.00900007214487
Amazon_Prime,rsrp=-100|rsrq=-10|snr=3,-100,-10,3,6,2,0.00896860986547,0.00896442914515
Amazon_Prime,rsrp=-100|rsrq=-15|snr=2,-100,-15,2,6,3,0.00896860986547,0.00896442914515
Amazon_Prime,rsrp=-101|rsrq=-11|snr=2,-101,-11,2,6,2,0.00896860986547,0.00896442914515
Amazon_Prime,rsrp=-99|rsrq=-14|snr=-1,-99,-14,-1,6,2,0.00896860986547,0.00896421442829
Amazon_Prime,rsrp=-100|rsrq=-12|snr=2,-100,-12,2,6,2,0.00896860986547,0.00894639292843
Amazon_Prime,rsrp=-98|rsrq=-11|snr=8,-98,-11,8,6,2,0.00896860986547,0.00894639292843
Amazon_Prime,rsrp=-101|rsrq=-14|snr=0,-101,-14,0,6,1,0.00896860986547,0.00892857142857
Amazon_Prime,rsrp=-101|rsrq=-15|snr=3,-101,-15,3,6,1,0.00896860986547,0.00892857142857
Amazon_Prime,rsrp=-98|rsrq=-12|snr=2,-98,-12,2,6,1,0.00896860986547,0.00892857142857
Amazon_Prime,rsrp=-98|rsrq=-14|snr=4,-98,-14,4,6,1,0.00896860986547,0.00892857142857
Amazon_Prime,rsrp=-99|rsrq=-10|snr=2,-99,-10,2,5,2,0.00747384155456,0.00749426276535
Amazon_Prime,rsrp=-100|rsrq=-10|snr=-1,-100,-10,-1,4,1,0.00597907324365,0.00602409638554
Amazon_Prime,rsrp=-100|rsrq=-10|snr=2,-100,-10,2,4,1,0.00597907324365,0.00602409638554
Amazon_Prime,rsrp=-100|rsrq=-15|snr=1,-100,-15,1,4,1,0.00597907324365,0.00602409638554
Amazon_Prime,rsrp=-99|rsrq=-10|snr=8,-99,-10,8,4,1,0.00597907324365,0.00602409638554
Amazon_Prime,rsrp=-99|rsrq=-11|snr=1,-99,-11,1,4,1,0.00597907324365,0.00602409638554
Amazon_Prime,rsrp=-100|rsrq=-11|snr=10,-100,-11,10,4,2,0.00597907324365,0.00600606016882
Amazon_Prime,rsrp=-100|rsrq=-12|snr=6,-100,-12,6,4,2,0.00597907324365,0.00600606016882
Amazon_Prime,rsrp=-98|rsrq=-12|snr=3,-98,-12,3,4,2,0.00597907324365,0.00600606016882
Amazon_Prime,rsrp=-99|rsrq=-10|snr=11,-99,-10,11,4,2,0.00597907324365,0.00600606016882
Amazon_Prime,rsrp=-99|rsrq=-10|snr=6,-99,-10,6,4,2,0.00597907324365,0.00600606016882
Amazon_Prime,rsrp=-99|rsrq=-11|snr=-1,-99,-11,-1,4,2,0.00597907324365,0.00600606016882
Amazon_Prime,rsrp=-99|rsrq=-11|snr=10,-99,-11,10,4,2,0.00597907324365,0.00600606016882
Amazon_Prime,rsrp=-99|rsrq=-11|snr=2,-99,-11,2,4,2,0.00597907324365,0.00600606016882
Amazon_Prime,rsrp=-99|rsrq=-11|snr=3,-99,-11,3,4,2,0.00597907324365,0.00600606016882
Amazon_Prime,rsrp=-99|rsrq=-13|snr=4,-99,-13,4,4,2,0.00597907324365,0.00600606016882
Amazon_Prime,rsrp=-100|rsrq=-11|snr=7,-100,-11,7,4,2,0.00597907324365,0.00598823866896
Amazon_Prime,rsrp=-100|rsrq=-12|snr=0,-100,-12,0,4,2,0.00597907324365,0.00598823866896
Amazon_Prime,rsrp=-100|rsrq=-14|snr=3,-100,-14,3,4,2,0.00597907324365,0.00598823866896
Amazon_Prime,rsrp=-100|rsrq=-14|snr=4,-100,-14,4,4,2,0.00597907324365,0.00598823866896
Amazon_Prime,rsrp=-99|rsrq=-12|snr=4,-99,-12,4,4,2,0.00597907324365,0.00598823866896
Amazon_Prime,rsrp=-100|rsrq=-12|snr=4,-100,-12,4,4,1,0.00597907324365,0.0059880239521
Amazon_Prime,rsrp=-100|rsrq=-15|snr=3,-100,-15,3,4,1,0.00597907324365,0.0059880239521
Amazon_Prime,rsrp=-98|rsrq=-10|snr=1,-98,-10,1,4,1,0.00597907324365,0.0059880239521
Amazon_Prime,rsrp=-99|rsrq=-13|snr=-2,-99,-13,-2,4,1,0.00597907324365,0.0059880239521
Amazon_Prime,rsrp=-100|rsrq=-11|snr=6,-100,-11,6,4,2,0.00597907324365,0.00597020245224
Amazon_Prime,rsrp=-100|rsrq=-14|snr=0,-100,-14,0,4,2,0.00597907324365,0.00597020245224
Amazon_Prime,rsrp=-100|rsrq=-14|snr=1,-100,-14,1,4,2,0.00597907324365,0.00597020245224
Amazon_Prime,rsrp=-100|rsrq=-14|snr=7,-100,-14,7,4,2,0.00597907324365,0.00597020245224
Amazon_Prime,rsrp=-100|rsrq=-15|snr=-1,-100,-15,-1,4,2,0.00597907324365,0.00597020245224
Amazon_Prime,rsrp=-98|rsrq=-12|snr=9,-98,-12,9,4,2,0.00597907324365,0.00597020245224
Amazon_Prime,rsrp=-98|rsrq=-14|snr=1,-98,-14,1,4,2,0.00597907324365,0.00597020245224
Amazon_Prime,rsrp=-99|rsrq=-11|snr=4,-99,-11,4,4,2,0.00597907324365,0.00597020245224
Amazon_Prime,rsrp=-99|rsrq=-13|snr=2,-99,-13,2,4,2,0.00597907324365,0.00597020245224
Amazon_Prime,rsrp=-99|rsrq=-13|snr=7,-99,-13,7,4,2,0.00597907324365,0.00597020245224
Amazon_Prime,rsrp=-99|rsrq=-14|snr=2,-99,-14,2,4,2,0.00597907324365,0.00597020245224
Amazon_Prime,rsrp=-99|rsrq=-15|snr=1,-99,-15,1,4,2,0.00597907324365,0.00597020245224
Amazon_Prime,rsrp=-100|rsrq=-13|snr=2,-100,-13,2,4,1,0.00597907324365,0.00595238095238
Amazon_Prime,rsrp=-100|rsrq=-13|snr=4,-100,-13,4,4,1,0.00597907324365,0.00595238095238
Amazon_Prime,rsrp=-100|rsrq=-17|snr=1,-100,-17,1,4,1,0.00597907324365,0.00595238095238
Amazon_Prime,rsrp=-100|rsrq=-17|snr=2,-100,-17,2,4,2,0.00597907324365,0.00595238095238
Amazon_Prime,rsrp=-101|rsrq=-11|snr=5,-101,-11,5,4,1,0.00597907324365,0.00595238095238
Amazon_Prime,rsrp=-101|rsrq=-12|snr=1,-101,-12,1,4,1,0.00597907324365,0.00595238095238
Amazon_Prime,rsrp=-101|rsrq=-15|snr=0,-101,-15,0,4,1,0.00597907324365,0.00595238095238
Amazon_Prime,rsrp=-101|rsrq=-15|snr=1,-101,-15,1,4,1,0.00597907324365,0.00595238095238
Amazon_Prime,rsrp=-101|rsrq=-16|snr=-1,-101,-16,-1,4,1,0.00597907324365,0.00595238095238
Amazon_Prime,rsrp=-101|rsrq=-16|snr=1,-101,-16,1,4,1,0.00597907324365,0.00595238095238
Amazon_Prime,rsrp=-98|rsrq=-13|snr=4,-98,-13,4,4,1,0.00597907324365,0.00595238095238
Amazon_Prime,rsrp=-98|rsrq=-13|snr=5,-98,-13,5,4,1,0.00597907324365,0.00595238095238
Amazon_Prime,rsrp=-98|rsrq=-14|snr=2,-98,-14,2,4,1,0.00597907324365,0.00595238095238
Amazon_Prime,rsrp=-98|rsrq=-15|snr=2,-98,-15,2,4,1,0.00597907324365,0.00595238095238
Amazon_Prime,rsrp=-98|rsrq=-15|snr=5,-98,-15,5,4,1,0.00597907324365,0.00595238095238
Amazon_Prime,rsrp=-98|rsrq=-17|snr=3,-98,-17,3,4,1,0.00597907324365,0.00595238095238
Amazon_Prime,rsrp=-98|rsrq=-18|snr=1,-98,-18,1,4,1,0.00597907324365,0.00595238095238
Amazon_Prime,rsrp=-99|rsrq=-16|snr=3,-99,-16,3,4,1,0.00597907324365,0.00595238095238
Amazon_Prime,rsrp=-100|rsrq=-10|snr=-4,-100,-10,-4,2,1,0.00298953662182,0.00301204819277
Amazon_Prime,rsrp=-100|rsrq=-10|snr=-6,-100,-10,-6,2,1,0.00298953662182,0.00301204819277
Amazon_Prime,rsrp=-100|rsrq=-10|snr=-7,-100,-10,-7,2,1,0.00298953662182,0.00301204819277
Amazon_Prime,rsrp=-100|rsrq=-10|snr=8,-100,-10,8,2,1,0.00298953662182,0.00301204819277
Amazon_Prime,rsrp=-100|rsrq=-11|snr=0,-100,-11,0,2,1,0.00298953662182,0.00301204819277
Amazon_Prime,rsrp=-100|rsrq=-12|snr=1,-100,-12,1,2,1,0.00298953662182,0.00301204819277
Amazon_Prime,rsrp=-100|rsrq=-12|snr=7,-100,-12,7,2,1,0.00298953662182,0.00301204819277
Amazon_Prime,rsrp=-100|rsrq=-13|snr=-7,-100,-13,-7,2,1,0.00298953662182,0.00301204819277
Amazon_Prime,rsrp=-100|rsrq=-16|snr=0,-100,-16,0,2,1,0.00298953662182,0.00301204819277
Amazon_Prime,rsrp=-100|rsrq=-18|snr=2,-100,-18,2,2,1,0.00298953662182,0.00301204819277
Amazon_Prime,rsrp=-100|rsrq=-9|snr=5,-100,-9,5,2,1,0.00298953662182,0.00301204819277
Amazon_Prime,rsrp=-101|rsrq=-10|snr=7,-101,-10,7,2,1,0.00298953662182,0.00301204819277
Amazon_Prime,rsrp=-101|rsrq=-11|snr=3,-101,-11,3,2,1,0.00298953662182,0.00301204819277
Amazon_Prime,rsrp=-101|rsrq=-12|snr=2,-101,-12,2,2,1,0.00298953662182,0.00301204819277
Amazon_Prime,rsrp=-102|rsrq=-10|snr=8,-102,-10,8,2,1,0.00298953662182,0.00301204819277
Amazon_Prime,rsrp=-102|rsrq=-16|snr=6,-102,-16,6,2,1,0.00298953662182,0.00301204819277
Amazon_Prime,rsrp=-98|rsrq=-11|snr=0,-98,-11,0,2,1,0.00298953662182,0.00301204819277
Amazon_Prime,rsrp=-98|rsrq=-11|snr=6,-98,-11,6,2,1,0.00298953662182,0.00301204819277
Amazon_Prime,rsrp=-98|rsrq=-13|snr=13,-98,-13,13,2,1,0.00298953662182,0.00301204819277
Amazon_Prime,rsrp=-98|rsrq=-9|snr=13,-98,-9,13,2,1,0.00298953662182,0.00301204819277
Amazon_Prime,rsrp=-99|rsrq=-10|snr=-8,-99,-10,-8,2,1,0.00298953662182,0.00301204819277
Amazon_Prime,rsrp=-99|rsrq=-10|snr=0,-99,-10,0,2,1,0.00298953662182,0.00301204819277
Amazon_Prime,rsrp=-99|rsrq=-10|snr=7,-99,-10,7,2,1,0.00298953662182,0.00301204819277
Amazon_Prime,rsrp=-99|rsrq=-10|snr=9,-99,-10,9,2,1,0.00298953662182,0.00301204819277
Amazon_Prime,rsrp=-99|rsrq=-11|snr=5,-99,-11,5,2,1,0.00298953662182,0.00301204819277
Amazon_Prime,rsrp=-99|rsrq=-12|snr=-6,-99,-12,-6,2,1,0.00298953662182,0.00301204819277
Amazon_Prime,rsrp=-99|rsrq=-12|snr=7,-99,-12,7,2,1,0.00298953662182,0.00301204819277
Amazon_Prime,rsrp=-99|rsrq=-12|snr=9,-99,-12,9,2,1,0.00298953662182,0.00301204819277
Amazon_Prime,rsrp=-99|rsrq=-13|snr=1,-99,-13,1,2,1,0.00298953662182,0.00301204819277
Amazon_Prime,rsrp=-99|rsrq=-13|snr=8,-99,-13,8,2,1,0.00298953662182,0.00301204819277
Amazon_Prime,rsrp=-99|rsrq=-9|snr=1,-99,-9,1,2,1,0.00298953662182,0.00301204819277
Amazon_Prime,rsrp=-99|rsrq=-9|snr=7,-99,-9,7,2,1,0.00298953662182,0.00301204819277
Amazon_Prime,rsrp=-100|rsrq=-10|snr=-5,-100,-10,-5,2,1,0.00298953662182,0.00299401197605
Amazon_Prime,rsrp=-100|rsrq=-10|snr=9,-100,-10,9,2,1,0.00298953662182,0.00299401197605
Amazon_Prime,rsrp=-100|rsrq=-11|snr=-2,-100,-11,-2,2,1,0.00298953662182,0.00299401197605
Amazon_Prime,rsrp=-100|rsrq=-11|snr=-4,-100,-11,-4,2,1,0.00298953662182,0.00299401197605
Amazon_Prime,rsrp=-100|rsrq=-11|snr=11,-100,-11,11,2,1,0.00298953662182,0.00299401197605
Amazon_Prime,rsrp=-100|rsrq=-12|snr=-1,-100,-12,-1,2,1,0.00298953662182,0.00299401197605
Amazon_Prime,rsrp=-100|rsrq=-12|snr=3,-100,-12,3,2,1,0.00298953662182,0.00299401197605
Amazon_Prime,rsrp=-100|rsrq=-13|snr=-1,-100,-13,-1,2,1,0.00298953662182,0.00299401197605
Amazon_Prime,rsrp=-100|rsrq=-13|snr=0,-100,-13,0,2,1,0.00298953662182,0.00299401197605
Amazon_Prime,rsrp=-100|rsrq=-14|snr=-1,-100,-14,-1,2,1,0.00298953662182,0.00299401197605
Amazon_Prime,rsrp=-100|rsrq=-15|snr=-3,-100,-15,-3,2,1,0.00298953662182,0.00299401197605
Amazon_Prime,rsrp=-100|rsrq=-9|snr=0,-100,-9,0,2,1,0.00298953662182,0.00299401197605
Amazon_Prime,rsrp=-101|rsrq=-16|snr=-2,-101,-16,-2,2,1,0.00298953662182,0.00299401197605
Amazon_Prime,rsrp=-98|rsrq=-10|snr=4,-98,-10,4,2,1,0.00298953662182,0.00299401197605
Amazon_Prime,rsrp=-98|rsrq=-10|snr=5,-98,-10,5,2,1,0.00298953662182,0.00299401197605
Amazon_Prime,rsrp=-98|rsrq=-10|snr=8,-98,-10,8,2,1,0.00298953662182,0.00299401197605
Amazon_Prime,rsrp=-98|rsrq=-11|snr=-1,-98,-11,-1,2,1,0.00298953662182,0.00299401197605
Amazon_Prime,rsrp=-98|rsrq=-11|snr=1,-98,-11,1,2,1,0.00298953662182,0.00299401197605
Amazon_Prime,rsrp=-98|rsrq=-12|snr=-2,-98,-12,-2,2,1,0.00298953662182,0.00299401197605
Amazon_Prime,rsrp=-98|rsrq=-13|snr=-1,-98,-13,-1,2,1,0.00298953662182,0.00299401197605
Amazon_Prime,rsrp=-98|rsrq=-13|snr=1,-98,-13,1,2,1,0.00298953662182,0.00299401197605
Amazon_Prime,rsrp=-98|rsrq=-13|snr=8,-98,-13,8,2,1,0.00298953662182,0.00299401197605
Amazon_Prime,rsrp=-98|rsrq=-16|snr=-2,-98,-16,-2,2,1,0.00298953662182,0.00299401197605
Amazon_Prime,rsrp=-99|rsrq=-10|snr=-4,-99,-10,-4,2,1,0.00298953662182,0.00299401197605
Amazon_Prime,rsrp=-99|rsrq=-10|snr=1,-99,-10,1,2,1,0.00298953662182,0.00299401197605
Amazon_Prime,rsrp=-99|rsrq=-10|snr=5,-99,-10,5,2,1,0.00298953662182,0.00299401197605
Amazon_Prime,rsrp=-99|rsrq=-11|snr=0,-99,-11,0,2,1,0.00298953662182,0.00299401197605
Amazon_Prime,rsrp=-99|rsrq=-11|snr=6,-99,-11,6,2,1,0.00298953662182,0.00299401197605
Amazon_Prime,rsrp=-99|rsrq=-11|snr=8,-99,-11,8,2,1,0.00298953662182,0.00299401197605
Amazon_Prime,rsrp=-99|rsrq=-11|snr=9,-99,-11,9,2,1,0.00298953662182,0.00299401197605
Amazon_Prime,rsrp=-99|rsrq=-12|snr=-1,-99,-12,-1,2,1,0.00298953662182,0.00299401197605
Amazon_Prime,rsrp=-99|rsrq=-12|snr=3,-99,-12,3,2,1,0.00298953662182,0.00299401197605
Amazon_Prime,rsrp=-99|rsrq=-13|snr=0,-99,-13,0,2,1,0.00298953662182,0.00299401197605
Amazon_Prime,rsrp=-99|rsrq=-13|snr=3,-99,-13,3,2,1,0.00298953662182,0.00299401197605
Amazon_Prime,rsrp=-99|rsrq=-14|snr=-2,-99,-14,-2,2,1,0.00298953662182,0.00299401197605
Amazon_Prime,rsrp=-99|rsrq=-15|snr=-1,-99,-15,-1,2,1,0.00298953662182,0.00299401197605
Amazon_Prime,rsrp=-99|rsrq=-15|snr=-4,-99,-15,-4,2,1,0.00298953662182,0.00299401197605
Amazon_Prime,rsrp=-100|rsrq=-11|snr=-3,-100,-11,-3,2,1,0.00298953662182,0.00297619047619
Amazon_Prime,rsrp=-100|rsrq=-11|snr=-9,-100,-11,-9,2,1,0.00298953662182,0.00297619047619
Amazon_Prime,rsrp=-100|rsrq=-12|snr=-2,-100,-12,-2,2,1,0.00298953662182,0.00297619047619
Amazon_Prime,rsrp=-100|rsrq=-13|snr=1,-100,-13,1,2,1,0.00298953662182,0.00297619047619
Amazon_Prime,rsrp=-100|rsrq=-13|snr=11,-100,-13,11,2,1,0.00298953662182,0.00297619047619
Amazon_Prime,rsrp=-100|rsrq=-13|snr=5,-100,-13,5,2,1,0.00298953662182,0.00297619047619
Amazon_Prime,rsrp=-100|rsrq=-14|snr=-3,-100,-14,-3,2,1,0.00298953662182,0.00297619047619
Amazon_Prime,rsrp=-100|rsrq=-15|snr=-2,-100,-15,-2,2,1,0.00298953662182,0.00297619047619
Amazon_Prime,rsrp=-100|rsrq=-15|snr=5,-100,-15,5,2,1,0.00298953662182,0.00297619047619
Amazon_Prime,rsrp=-100|rsrq=-16|snr=1,-100,-16,1,2,1,0.00298953662182,0.00297619047619
Amazon_Prime,rsrp=-101|rsrq=-10|snr=1,-101,-10,1,2,1,0.00298953662182,0.00297619047619
Amazon_Prime,rsrp=-101|rsrq=-10|snr=6,-101,-10,6,2,1,0.00298953662182,0.00297619047619
Amazon_Prime,rsrp=-101|rsrq=-11|snr=-4,-101,-11,-4,2,1,0.00298953662182,0.00297619047619
Amazon_Prime,rsrp=-101|rsrq=-11|snr=10,-101,-11,10,2,1,0.00298953662182,0.00297619047619
Amazon_Prime,rsrp=-101|rsrq=-11|snr=6,-101,-11,6,2,1,0.00298953662182,0.00297619047619
Amazon_Prime,rsrp=-101|rsrq=-12|snr=-3,-101,-12,-3,2,1,0.00298953662182,0.00297619047619
Amazon_Prime,rsrp=-101|rsrq=-12|snr=3,-101,-12,3,2,1,0.00298953662182,0.00297619047619
Amazon_Prime,rsrp=-101|rsrq=-12|snr=5,-101,-12,5,2,1,0.00298953662182,0.00297619047619
Amazon_Prime,rsrp=-101|rsrq=-12|snr=6,-101,-12,6,2,1,0.00298953662182,0.00297619047619
Amazon_Prime,rsrp=-101|rsrq=-13|snr=-1,-101,-13,-1,2,1,0.00298953662182,0.00297619047619
Amazon_Prime,rsrp=-101|rsrq=-13|snr=-2,-101,-13,-2,2,1,0.00298953662182,0.00297619047619
Amazon_Prime,rsrp=-101|rsrq=-13|snr=1,-101,-13,1,2,1,0.00298953662182,0.00297619047619
Amazon_Prime,rsrp=-101|rsrq=-13|snr=2,-101,-13,2,2,1,0.00298953662182,0.00297619047619
Amazon_Prime,rsrp=-101|rsrq=-13|snr=3,-101,-13,3,2,1,0.00298953662182,0.00297619047619
Amazon_Prime,rsrp=-101|rsrq=-13|snr=6,-101,-13,6,2,1,0.00298953662182,0.00297619047619
Amazon_Prime,rsrp=-101|rsrq=-13|snr=7,-101,-13,7,2,1,0.00298953662182,0.00297619047619
Amazon_Prime,rsrp=-101|rsrq=-14|snr=1,-101,-14,1,2,1,0.00298953662182,0.00297619047619
Amazon_Prime,rsrp=-101|rsrq=-14|snr=8,-101,-14,8,2,1,0.00298953662182,0.00297619047619
Amazon_Prime,rsrp=-101|rsrq=-15|snr=-2,-101,-15,-2,2,1,0.00298953662182,0.00297619047619
Amazon_Prime,rsrp=-101|rsrq=-15|snr=-3,-101,-15,-3,2,1,0.00298953662182,0.00297619047619
Amazon_Prime,rsrp=-101|rsrq=-15|snr=-4,-101,-15,-4,2,1,0.00298953662182,0.00297619047619
Amazon_Prime,rsrp=-101|rsrq=-15|snr=5,-101,-15,5,2,1,0.00298953662182,0.00297619047619
Amazon_Prime,rsrp=-101|rsrq=-15|snr=8,-101,-15,8,2,1,0.00298953662182,0.00297619047619
Amazon_Prime,rsrp=-101|rsrq=-15|snr=9,-101,-15,9,2,1,0.00298953662182,0.00297619047619
Amazon_Prime,rsrp=-101|rsrq=-16|snr=2,-101,-16,2,2,1,0.00298953662182,0.00297619047619
Amazon_Prime,rsrp=-101|rsrq=-18|snr=-2,-101,-18,-2,2,1,0.00298953662182,0.00297619047619
Amazon_Prime,rsrp=-97|rsrq=-11|snr=8,-97,-11,8,2,1,0.00298953662182,0.00297619047619
Amazon_Prime,rsrp=-97|rsrq=-12|snr=1,-97,-12,1,2,1,0.00298953662182,0.00297619047619
Amazon_Prime,rsrp=-97|rsrq=-12|snr=4,-97,-12,4,2,1,0.00298953662182,0.00297619047619
Amazon_Prime,rsrp=-97|rsrq=-13|snr=5,-97,-13,5,2,1,0.00298953662182,0.00297619047619
Amazon_Prime,rsrp=-97|rsrq=-14|snr=3,-97,-14,3,2,1,0.00298953662182,0.00297619047619
Amazon_Prime,rsrp=-97|rsrq=-14|snr=8,-97,-14,8,2,1,0.00298953662182,0.00297619047619
Amazon_Prime,rsrp=-97|rsrq=-14|snr=9,-97,-14,9,2,1,0.00298953662182,0.00297619047619
Amazon_Prime,rsrp=-97|rsrq=-15|snr=4,-97,-15,4,2,1,0.00298953662182,0.00297619047619
Amazon_Prime,rsrp=-97|rsrq=-16|snr=10,-97,-16,10,2,1,0.00298953662182,0.00297619047619
Amazon_Prime,rsrp=-97|rsrq=-16|snr=9,-97,-16,9,2,1,0.00298953662182,0.00297619047619
Amazon_Prime,rsrp=-98|rsrq=-10|snr=2,-98,-10,2,2,1,0.00298953662182,0.00297619047619
Amazon_Prime,rsrp=-98|rsrq=-11|snr=11,-98,-11,11,2,1,0.00298953662182,0.00297619047619
Amazon_Prime,rsrp=-98|rsrq=-11|snr=5,-98,-11,5,2,1,0.00298953662182,0.00297619047619
Amazon_Prime,rsrp=-98|rsrq=-12|snr=11,-98,-12,11,2,1,0.00298953662182,0.00297619047619
Amazon_Prime,rsrp=-98|rsrq=-12|snr=5,-98,-12,5,2,1,0.00298953662182,0.00297619047619
Amazon_Prime,rsrp=-98|rsrq=-13|snr=12,-98,-13,12,2,1,0.00298953662182,0.00297619047619
Amazon_Prime,rsrp=-98|rsrq=-13|snr=2,-98,-13,2,2,1,0.00298953662182,0.00297619047619
Amazon_Prime,rsrp=-98|rsrq=-13|snr=9,-98,-13,9,2,1,0.00298953662182,0.00297619047619
Amazon_Prime,rsrp=-98|rsrq=-14|snr=12,-98,-14,12,2,1,0.00298953662182,0.00297619047619
Amazon_Prime,rsrp=-98|rsrq=-14|snr=3,-98,-14,3,2,1,0.00298953662182,0.00297619047619
Amazon_Prime,rsrp=-98|rsrq=-14|snr=7,-98,-14,7,2,1,0.00298953662182,0.00297619047619
Amazon_Prime,rsrp=-98|rsrq=-14|snr=9,-98,-14,9,2,1,0.00298953662182,0.00297619047619
Amazon_Prime,rsrp=-98|rsrq=-15|snr=4,-98,-15,4,2,1,0.00298953662182,0.00297619047619
Amazon_Prime,rsrp=-98|rsrq=-15|snr=6,-98,-15,6,2,1,0.00298953662182,0.00297619047619
Amazon_Prime,rsrp=-98|rsrq=-16|snr=1,-98,-16,1,2,1,0.00298953662182,0.00297619047619
Amazon_Prime,rsrp=-98|rsrq=-16|snr=2,-98,-16,2,2,1,0.00298953662182,0.00297619047619
Amazon_Prime,rsrp=-98|rsrq=-16|snr=3,-98,-16,3,2,1,0.00298953662182,0.00297619047619
Amazon_Prime,rsrp=-98|rsrq=-16|snr=6,-98,-16,6,2,1,0.00298953662182,0.00297619047619
Amazon_Prime,rsrp=-98|rsrq=-16|snr=9,-98,-16,9,2,1,0.00298953662182,0.00297619047619
Amazon_Prime,rsrp=-98|rsrq=-17|snr=-2,-98,-17,-2,2,1,0.00298953662182,0.00297619047619
Amazon_Prime,rsrp=-98|rsrq=-17|snr=0,-98,-17,0,2,1,0.00298953662182,0.00297619047619
Amazon_Prime,rsrp=-98|rsrq=-17|snr=6,-98,-17,6,2,1,0.00298953662182,0.00297619047619
Amazon_Prime,rsrp=-98|rsrq=-18|snr=2,-98,-18,2,2,1,0.00298953662182,0.00297619047619
Amazon_Prime,rsrp=-99|rsrq=-13|snr=6,-99,-13,6,2,1,0.00298953662182,0.00297619047619
Amazon_Prime,rsrp=-99|rsrq=-13|snr=9,-99,-13,9,2,1,0.00298953662182,0.00297619047619
Amazon_Prime,rsrp=-99|rsrq=-14|snr=3,-99,-14,3,2,1,0.00298953662182,0.00297619047619
Amazon_Prime,rsrp=-99|rsrq=-14|snr=7,-99,-14,7,2,1,0.00298953662182,0.00297619047619
Amazon_Prime,rsrp=-99|rsrq=-14|snr=9,-99,-14,9,2,1,0.00298953662182,0.00297619047619
Amazon_Prime,rsrp=-99|rsrq=-15|snr=3,-99,-15,3,2,1,0.00298953662182,0.00297619047619
Amazon_Prime,rsrp=-99|rsrq=-15|snr=5,-99,-15,5,2,1,0.00298953662182,0.00297619047619
Amazon_Prime,rsrp=-99|rsrq=-15|snr=7,-99,-15,7,2,1,0.00298953662182,0.00297619047619
Amazon_Prime,rsrp=-99|rsrq=-15|snr=8,-99,-15,8,2,1,0.00298953662182,0.00297619047619
Amazon_Prime,rsrp=-99|rsrq=-16|snr=2,-99,-16,2,2,1,0.00298953662182,0.00297619047619
Amazon_Prime,rsrp=-99|rsrq=-16|snr=9,-99,-16,9,2,1,0.00298953662182,0.00297619047619
Amazon_Prime,rsrp=-100|rsrq=-11|snr=12,-100,-11,12,1,1,0.00149476831091,0.00150602409639
Amazon_Prime,rsrp=-99|rsrq=-9|snr=2,-99,-9,2,1,1,0.00149476831091,0.00149700598802
Download,rsrp=-97|rsrq=-16|snr=7,-97,-16,7,12,1,0.015037593985,0.0150943396226
Download,rsrp=-101|rsrq=-16|snr=5,-101,-16,5,11,1,0.0137844611529,0.0136645962733
Download,rsrp=-104|rsrq=-16|snr=0,-104,-16,0,9,1,0.0112781954887,0.011320754717
Download,rsrp=-104|rsrq=-18|snr=0,-104,-18,0,8,2,0.0100250626566,0.0100788153809
Download,rsrp=-103|rsrq=-15|snr=0,-103,-15,0,7,2,0.00877192982456,0.00884483719449
Download,rsrp=-96|rsrq=-15|snr=5,-96,-15,5,7,1,0.00877192982456,0.00869565217391
Download,rsrp=-99|rsrq=-16|snr=6,-99,-16,6,7,1,0.00877192982456,0.00869565217391
Download,rsrp=-103|rsrq=-17|snr=0,-103,-17,0,6,1,0.00751879699248,0.00759493670886
Download,rsrp=-103|rsrq=-17|snr=1,-103,-17,1,6,2,0.00751879699248,0.0075630921105
Download,rsrp=-104|rsrq=-17|snr=1,-104,-17,1,6,2,0.00751879699248,0.0075630921105
Download,rsrp=-104|rsrq=-14|snr=-2,-104,-14,-2,6,1,0.00751879699248,0.00754716981132
Download,rsrp=-96|rsrq=-15|snr=4,-96,-15,4,6,2,0.00751879699248,0.00748466736982
Download,rsrp=-96|rsrq=-16|snr=5,-96,-16,5,6,2,0.00751879699248,0.00748466736982
Download,rsrp=-99|rsrq=-12|snr=4,-99,-12,4,6,1,0.00751879699248,0.00745341614907
Download,rsrp=-102|rsrq=-17|snr=1,-102,-17,1,5,2,0.0062656641604,0.00631319162487
Download,rsrp=-104|rsrq=-14|snr=-4,-104,-14,-4,5,2,0.0062656641604,0.00630523047528
Download,rsrp=-97|rsrq=-16|snr=4,-97,-16,4,5,1,0.0062656641604,0.0062893081761
Download,rsrp=-100|rsrq=-14|snr=6,-100,-14,6,5,1,0.0062656641604,0.00621118012422
Download,rsrp=-98|rsrq=-16|snr=6,-98,-16,6,5,1,0.0062656641604,0.00621118012422
Download,rsrp=-102|rsrq=-15|snr=0,-102,-15,0,4,1,0.00501253132832,0.00506329113924
Download,rsrp=-103|rsrq=-12|snr=1,-103,-12,1,4,1,0.00501253132832,0.00506329113924
Download,rsrp=-103|rsrq=-14|snr=-1,-103,-14,-1,4,1,0.00501253132832,0.00506329113924
Download,rsrp=-104|rsrq=-17|snr=-3,-104,-17,-3,4,1,0.00501253132832,0.00506329113924
Download,rsrp=-103|rsrq=-12|snr=0,-103,-12,0,4,2,0.00501253132832,0.00504736884006
Download,rsrp=-103|rsrq=-13|snr=-1,-103,-13,-1,4,2,0.00501253132832,0.00504736884006
Download,rsrp=-103|rsrq=-13|snr=1,-103,-13,1,4,2,0.00501253132832,0.00504736884006
Download,rsrp=-103|rsrq=-13|snr=3,-103,-13,3,4,2,0.00501253132832,0.00504736884006
Download,rsrp=-104|rsrq=-13|snr=4,-104,-13,4,4,2,0.00501253132832,0.00504736884006
Download,rsrp=-105|rsrq=-14|snr=0,-105,-14,0,4,2,0.00501253132832,0.00504736884006
Download,rsrp=-103|rsrq=-16|snr=4,-103,-16,4,4,1,0.00501253132832,0.00503144654088
Download,rsrp=-104|rsrq=-17|snr=0,-104,-17,0,4,1,0.00501253132832,0.00503144654088
Download,rsrp=-104|rsrq=-18|snr=1,-104,-18,1,4,1,0.00501253132832,0.00503144654088
Download,rsrp=-104|rsrq=-19|snr=1,-104,-19,1,4,1,0.00501253132832,0.00503144654088
Download,rsrp=-105|rsrq=-18|snr=1,-105,-18,1,4,1,0.00501253132832,0.00503144654088
Download,rsrp=-96|rsrq=-16|snr=7,-96,-16,7,4,1,0.00501253132832,0.00503144654088
Download,rsrp=-97|rsrq=-14|snr=6,-97,-14,6,4,1,0.00501253132832,0.00503144654088
Download,rsrp=-97|rsrq=-16|snr=5,-97,-16,5,4,1,0.00501253132832,0.00503144654088
Download,rsrp=-98|rsrq=-12|snr=5,-98,-12,5,4,1,0.00501253132832,0.00503144654088
Download,rsrp=-99|rsrq=-15|snr=3,-99,-15,3,4,1,0.00501253132832,0.00503144654088
Download,rsrp=-102|rsrq=-15|snr=2,-102,-15,2,4,2,0.00501253132832,0.00501611761931
Download,rsrp=-96|rsrq=-13|snr=4,-96,-13,4,4,2,0.00501253132832,0.00500019532013
Download,rsrp=-96|rsrq=-15|snr=6,-96,-15,6,4,2,0.00501253132832,0.00500019532013
Download,rsrp=-96|rsrq=-16|snr=0,-96,-16,0,4,2,0.00501253132832,0.00500019532013
Download,rsrp=-96|rsrq=-16|snr=8,-96,-16,8,4,2,0.00501253132832,0.00500019532013
Download,rsrp=-96|rsrq=-17|snr=4,-96,-17,4,4,2,0.00501253132832,0.00500019532013
Download,rsrp=-97|rsrq=-11|snr=6,-97,-11,6,4,2,0.00501253132832,0.00500019532013
Download,rsrp=-97|rsrq=-15|snr=7,-97,-15,7,4,2,0.00501253132832,0.00500019532013
Download,rsrp=-99|rsrq=-15|snr=5,-99,-15,5,4,2,0.00501253132832,0.00500019532013
Download,rsrp=-100|rsrq=-12|snr=5,-100,-12,5,4,1,0.00501253132832,0.00496894409938
Download,rsrp=-100|rsrq=-14|snr=7,-100,-14,7,4,1,0.00501253132832,0.00496894409938
Download,rsrp=-100|rsrq=-15|snr=6,-100,-15,6,4,1,0.00501253132832,0.00496894409938
Download,rsrp=-100|rsrq=-16|snr=5,-100,-16,5,4,1,0.00501253132832,0.00496894409938
Download,rsrp=-100|rsrq=-16|snr=7,-100,-16,7,4,1,0.00501253132832,0.00496894409938
Download,rsrp=-101|rsrq=-10|snr=6,-101,-10,6,4,1,0.00501253132832,0.00496894409938
Download,rsrp=-95|rsrq=-11|snr=1,-95,-11,1,4,1,0.00501253132832,0.00496894409938
Download,rsrp=-95|rsrq=-13|snr=3,-95,-13,3,4,1,0.00501253132832,0.00496894409938
Download,rsrp=-95|rsrq=-15|snr=6,-95,-15,6,4,1,0.00501253132832,0.00496894409938
Download,rsrp=-95|rsrq=-16|snr=5,-95,-16,5,4,1,0.00501253132832,0.00496894409938
Download,rsrp=-96|rsrq=-13|snr=6,-96,-13,6,4,1,0.00501253132832,0.00496894409938
Download,rsrp=-96|rsrq=-15|snr=1,-96,-15,1,4,1,0.00501253132832,0.00496894409938
Download,rsrp=-96|rsrq=-17|snr=5,-96,-17,5,4,1,0.00501253132832,0.00496894409938
Download,rsrp=-96|rsrq=-17|snr=6,-96,-17,6,4,1,0.00501253132832,0.00496894409938
Download,rsrp=-97|rsrq=-12|snr=4,-97,-12,4,4,1,0.00501253132832,0.00496894409938
Download,rsrp=-98|rsrq=-16|snr=4,-98,-16,4,4,2,0.00501253132832,0.00496894409938
Download,rsrp=-99|rsrq=-13|snr=5,-99,-13,5,4,1,0.00501253132832,0.00496894409938
Download,rsrp=-99|rsrq=-13|snr=7,-99,-13,7,4,1,0.00501253132832,0.00496894409938
Download,rsrp=-103|rsrq=-16|snr=-5,-103,-16,-5,3,1,0.00375939849624,0.00379746835443
Download,rsrp=-104|rsrq=-12|snr=-3,-104,-12,-3,3,1,0.00375939849624,0.00379746835443
Download,rsrp=-103|rsrq=-16|snr=1,-103,-16,1,3,2,0.00375939849624,0.00378154605525
Download,rsrp=-103|rsrq=-18|snr=2,-103,-18,2,3,1,0.00375939849624,0.00377358490566
Download,rsrp=-104|rsrq=-18|snr=2,-104,-18,2,3,1,0.00375939849624,0.00377358490566
Download,rsrp=-105|rsrq=-18|snr=0,-105,-18,0,3,1,0.00375939849624,0.00377358490566
Download,rsrp=-97|rsrq=-12|snr=11,-97,-12,11,3,1,0.00375939849624,0.00377358490566
Download,rsrp=-97|rsrq=-16|snr=6,-97,-16,6,3,1,0.00375939849624,0.00377358490566
Download,rsrp=-98|rsrq=-15|snr=6,-98,-15,6,3,1,0.00375939849624,0.00377358490566
Download,rsrp=-98|rsrq=-17|snr=3,-98,-17,3,3,1,0.00375939849624,0.00377358490566
Download,rsrp=-98|rsrq=-17|snr=4,-98,-17,4,3,1,0.00375939849624,0.00377358490566
Download,rsrp=-94|rsrq=-16|snr=3,-94,-16,3,3,1,0.00375939849624,0.00372670807453
Download,rsrp=-94|rsrq=-17|snr=4,-94,-17,4,3,1,0.00375939849624,0.00372670807453
Download,rsrp=-97|rsrq=-13|snr=-2,-97,-13,-2,3,1,0.00375939849624,0.00372670807453
Download,rsrp=-99|rsrq=-16|snr=8,-99,-16,8,3,1,0.00375939849624,0.00372670807453
Download,rsrp=-101|rsrq=-13|snr=-3,-101,-13,-3,2,1,0.00250626566416,0.00253164556962
Download,rsrp=-101|rsrq=-14|snr=-4,-101,-14,-4,2,1,0.00250626566416,0.00253164556962
Download,rsrp=-102|rsrq=-10|snr=2,-102,-10,2,2,1,0.00250626566416,0.00253164556962
Download,rsrp=-102|rsrq=-12|snr=5,-102,-12,5,2,1,0.00250626566416,0.00253164556962
Download,rsrp=-102|rsrq=-12|snr=6,-102,-12,6,2,1,0.00250626566416,0.00253164556962
Download,rsrp=-102|rsrq=-13|snr=-2,-102,-13,-2,2,1,0.00250626566416,0.00253164556962
Download,rsrp=-102|rsrq=-13|snr=-6,-102,-13,-6,2,1,0.00250626566416,0.00253164556962
Download,rsrp=-102|rsrq=-16|snr=-4,-102,-16,-4,2,1,0.00250626566416,0.00253164556962
Download,rsrp=-102|rsrq=-16|snr=1,-102,-16,1,2,1,0.00250626566416,0.00253164556962
Download,rsrp=-102|rsrq=-16|snr=4,-102,-16,4,2,1,0.00250626566416,0.00253164556962
Download,rsrp=-102|rsrq=-17|snr=0,-102,-17,0,2,1,0.00250626566416,0.00253164556962
Download,rsrp=-102|rsrq=-17|snr=5,-102,-17,5,2,1,0.00250626566416,0.00253164556962
Download,rsrp=-102|rsrq=-18|snr=3,-102,-18,3,2,1,0.00250626566416,0.00253164556962
Download,rsrp=-103|rsrq=-11|snr=-4,-103,-11,-4,2,1,0.00250626566416,0.00253164556962
Download,rsrp=-103|rsrq=-11|snr=2,-103,-11,2,2,1,0.00250626566416,0.00253164556962
Download,rsrp=-103|rsrq=-12|snr=-3,-103,-12,-3,2,1,0.00250626566416,0.00253164556962
Download,rsrp=-103|rsrq=-12|snr=-5,-103,-12,-5,2,1,0.00250626566416,0.00253164556962
Download,rsrp=-103|rsrq=-12|snr=2,-103,-12,2,2,1,0.00250626566416,0.00253164556962
Download,rsrp=-103|rsrq=-12|snr=4,-103,-12,4,2,1,0.00250626566416,0.00253164556962
Download,rsrp=-103|rsrq=-14|snr=-7,-103,-14,-7,2,1,0.00250626566416,0.00253164556962
Download,rsrp=-103|rsrq=-14|snr=7,-103,-14,7,2,1,0.00250626566416,0.00253164556962
Download,rsrp=-103|rsrq=-15|snr=-1,-103,-15,-1,2,1,0.00250626566416,0.00253164556962
Download,rsrp=-103|rsrq=-15|snr=2,-103,-15,2,2,1,0.00250626566416,0.00253164556962
Download,rsrp=-103|rsrq=-16|snr=-1,-103,-16,-1,2,1,0.00250626566416,0.00253164556962
Download,rsrp=-103|rsrq=-16|snr=-3,-103,-16,-3,2,1,0.00250626566416,0.00253164556962
Download,rsrp=-103|rsrq=-16|snr=3,-103,-16,3,2,1,0.00250626566416,0.00253164556962
Download,rsrp=-103|rsrq=-17|snr=-3,-103,-17,-3,2,1,0.00250626566416,0.00253164556962
Download,rsrp=-103|rsrq=-18|snr=-4,-103,-18,-4,2,1,0.00250626566416,0.00253164556962
Download,rsrp=-103|rsrq=-19|snr=-2,-103,-19,-2,2,1,0.00250626566416,0.00253164556962
Download,rsrp=-103|rsrq=-20|snr=-3,-103,-20,-3,2,1,0.00250626566416,0.00253164556962
Download,rsrp=-104|rsrq=-11|snr=-2,-104,-11,-2,2,1,0.00250626566416,0.00253164556962
Download,rsrp=-104|rsrq=-11|snr=-5,-104,-11,-5,2,1,0.00250626566416,0.00253164556962
Download,rsrp=-104|rsrq=-11|snr=2,-104,-11,2,2,1,0.00250626566416,0.00253164556962
Download,rsrp=-104|rsrq=-11|snr=5,-104,-11,5,2,1,0.00250626566416,0.00253164556962
Download,rsrp=-104|rsrq=-12|snr=-4,-104,-12,-4,2,1,0.00250626566416,0.00253164556962
Download,rsrp=-104|rsrq=-13|snr=-4,-104,-13,-4,2,1,0.00250626566416,0.00253164556962
Download,rsrp=-104|rsrq=-13|snr=0,-104,-13,0,2,1,0.00250626566416,0.00253164556962
Download,rsrp=-104|rsrq=-14|snr=-1,-104,-14,-1,2,1,0.00250626566416,0.00253164556962
Download,rsrp=-104|rsrq=-14|snr=-5,-104,-14,-5,2,1,0.00250626566416,0.00253164556962
Download,rsrp=-104|rsrq=-14|snr=5,-104,-14,5,2,1,0.00250626566416,0.00253164556962
Download,rsrp=-104|rsrq=-15|snr=-2,-104,-15,-2,2,1,0.00250626566416,0.00253164556962
Download,rsrp=-104|rsrq=-16|snr=-1,-104,-16,-1,2,1,0.00250626566416,0.00253164556962
Download,rsrp=-104|rsrq=-17|snr=-1,-104,-17,-1,2,1,0.00250626566416,0.00253164556962
Download,rsrp=-104|rsrq=-17|snr=-2,-104,-17,-2,2,1,0.00250626566416,0.00253164556962
Download,rsrp=-104|rsrq=-17|snr=-5,-104,-17,-5,2,1,0.00250626566416,0.00253164556962
Download,rsrp=-104|rsrq=-18|snr=-1,-104,-18,-1,2,1,0.00250626566416,0.00253164556962
Download,rsrp=-104|rsrq=-18|snr=-3,-104,-18,-3,2,1,0.00250626566416,0.00253164556962
Download,rsrp=-105|rsrq=-14|snr=2,-105,-14,2,2,1,0.00250626566416,0.00253164556962
Download,rsrp=-101|rsrq=-17|snr=-1,-101,-17,-1,2,1,0.00250626566416,0.00251572327044
Download,rsrp=-102|rsrq=-11|snr=4,-102,-11,4,2,1,0.00250626566416,0.00251572327044
Download,rsrp=-102|rsrq=-17|snr=4,-102,-17,4,2,1,0.00250626566416,0.00251572327044
Download,rsrp=-102|rsrq=-18|snr=-1,-102,-18,-1,2,1,0.00250626566416,0.00251572327044
Download,rsrp=-102|rsrq=-18|snr=2,-102,-18,2,2,1,0.00250626566416,0.00251572327044
Download,rsrp=-103|rsrq=-11|snr=4,-103,-11,4,2,1,0.00250626566416,0.00251572327044
Download,rsrp=-103|rsrq=-12|snr=5,-103,-12,5,2,1,0.00250626566416,0.00251572327044
Download,rsrp=-103|rsrq=-13|snr=-3,-103,-13,-3,2,1,0.00250626566416,0.00251572327044
Download,rsrp=-103|rsrq=-14|snr=-3,-103,-14,-3,2,1,0.00250626566416,0.00251572327044
Download,rsrp=-103|rsrq=-14|snr=0,-103,-14,0,2,1,0.00250626566416,0.00251572327044
Download,rsrp=-103|rsrq=-14|snr=1,-103,-14,1,2,1,0.00250626566416,0.00251572327044
Download,rsrp=-103|rsrq=-15|snr=1,-103,-15,1,2,1,0.00250626566416,0.00251572327044
Download,rsrp=-103|rsrq=-16|snr=0,-103,-16,0,2,1,0.00250626566416,0.00251572327044
Download,rsrp=-103|rsrq=-17|snr=4,-103,-17,4,2,1,0.00250626566416,0.00251572327044
Download,rsrp=-103|rsrq=-18|snr=-1,-103,-18,-1,2,1,0.00250626566416,0.00251572327044
Download,rsrp=-103|rsrq=-18|snr=0,-103,-18,0,2,1,0.00250626566416,0.00251572327044
Download,rsrp=-103|rsrq=-18|snr=3,-103,-18,3,2,1,0.00250626566416,0.00251572327044
Download,rsrp=-103|rsrq=-18|snr=7,-103,-18,7,2,1,0.00250626566416,0.00251572327044
Download,rsrp=-103|rsrq=-19|snr=-3,-103,-19,-3,2,1,0.00250626566416,0.00251572327044
Download,rsrp=-103|rsrq=-19|snr=0,-103,-19,0,2,1,0.00250626566416,0.00251572327044
Download,rsrp=-104|rsrq=-11|snr=7,-104,-11,7,2,1,0.00250626566416,0.00251572327044
Download,rsrp=-104|rsrq=-12|snr=-1,-104,-12,-1,2,1,0.00250626566416,0.00251572327044
Download,rsrp=-104|rsrq=-12|snr=1,-104,-12,1,2,1,0.00250626566416,0.00251572327044
Download,rsrp=-104|rsrq=-12|snr=3,-104,-12,3,2,1,0.00250626566416,0.00251572327044
Download,rsrp=-104|rsrq=-13|snr=2,-104,-13,2,2,1,0.00250626566416,0.00251572327044
Download,rsrp=-104|rsrq=-15|snr=0,-104,-15,0,2,1,0.00250626566416,0.00251572327044
Download,rsrp=-104|rsrq=-15|snr=1,-104,-15,1,2,1,0.00250626566416,0.00251572327044
Download,rsrp=-104|rsrq=-15|snr=3,-104,-15,3,2,1,0.00250626566416,0.00251572327044
Download,rsrp=-104|rsrq=-16|snr=1,-104,-16,1,2,1,0.00250626566416,0.00251572327044
Download,rsrp=-104|rsrq=-16|snr=2,-104,-16,2,2,1,0.00250626566416,0.00251572327044
Download,rsrp=-104|rsrq=-17|snr=2,-104,-17,2,2,1,0.00250626566416,0.00251572327044
Download,rsrp=-104|rsrq=-17|snr=5,-104,-17,5,2,1,0.00250626566416,0.00251572327044
Download,rsrp=-104|rsrq=-18|snr=3,-104,-18,3,2,1,0.00250626566416,0.00251572327044
Download,rsrp=-104|rsrq=-19|snr=-2,-104,-19,-2,2,1,0.00250626566416,0.00251572327044
Download,rsrp=-104|rsrq=-19|snr=0,-104,-19,0,2,1,0.00250626566416,0.00251572327044
Download,rsrp=-104|rsrq=-19|snr=3,-104,-19,3,2,1,0.00250626566416,0.00251572327044
Download,rsrp=-105|rsrq=-11|snr=6,-105,-11,6,2,1,0.00250626566416,0.00251572327044
Download,rsrp=-105|rsrq=-14|snr=1,-105,-14,1,2,1,0.00250626566416,0.00251572327044
Download,rsrp=-105|rsrq=-16|snr=-2,-105,-16,-2,2,1,0.00250626566416,0.00251572327044
Download,rsrp=-105|rsrq=-16|snr=4,-105,-16,4,2,1,0.00250626566416,0.00251572327044
Download,rsrp=-105|rsrq=-17|snr=2,-105,-17,2,2,1,0.00250626566416,0.00251572327044
Download,rsrp=-95|rsrq=-11|snr=2,-95,-11,2,2,1,0.00250626566416,0.00251572327044
Download,rsrp=-96|rsrq=-10|snr=2,-96,-10,2,2,1,0.00250626566416,0.00251572327044
Download,rsrp=-96|rsrq=-11|snr=7,-96,-11,7,2,1,0.00250626566416,0.00251572327044
Download,rsrp=-96|rsrq=-14|snr=12,-96,-14,12,2,1,0.00250626566416,0.00251572327044
Download,rsrp=-96|rsrq=-15|snr=8,-96,-15,8,2,1,0.00250626566416,0.00251572327044
Download,rsrp=-96|rsrq=-17|snr=8,-96,-17,8,2,1,0.00250626566416,0.00251572327044
Download,rsrp=-96|rsrq=-9|snr=7,-96,-9,7,2,1,0.00250626566416,0.00251572327044
Download,rsrp=-97|rsrq=-10|snr=5,-97,-10,5,2,1,0.00250626566416,0.00251572327044
Download,rsrp=-97|rsrq=-11|snr=11,-97,-11,11,2,1,0.00250626566416,0.00251572327044
Download,rsrp=-97|rsrq=-11|snr=3,-97,-11,3,2,1,0.00250626566416,0.00251572327044
Download,rsrp=-97|rsrq=-12|snr=7,-97,-12,7,2,1,0.00250626566416,0.00251572327044
Download,rsrp=-97|rsrq=-13|snr=4,-97,-13,4,2,1,0.00250626566416,0.00251572327044
Download,rsrp=-97|rsrq=-13|snr=8,-97,-13,8,2,1,0.00250626566416,0.00251572327044
Download,rsrp=-97|rsrq=-14|snr=8,-97,-14,8,2,1,0.00250626566416,0.00251572327044
Download,rsrp=-97|rsrq=-15|snr=6,-97,-15,6,2,1,0.00250626566416,0.00251572327044
Download,rsrp=-97|rsrq=-17|snr=3,-97,-17,3,2,1,0.00250626566416,0.00251572327044
Download,rsrp=-97|rsrq=-17|snr=5,-97,-17,5,2,1,0.00250626566416,0.00251572327044
Download,rsrp=-97|rsrq=-9|snr=1,-97,-9,1,2,1,0.00250626566416,0.00251572327044
Download,rsrp=-97|rsrq=-9|snr=4,-97,-9,4,2,1,0.00250626566416,0.00251572327044
Download,rsrp=-97|rsrq=-9|snr=9,-97,-9,9,2,1,0.00250626566416,0.00251572327044
Download,rsrp=-98|rsrq=-10|snr=4,-98,-10,4,2,1,0.00250626566416,0.00251572327044
Download,rsrp=-98|rsrq=-11|snr=4,-98,-11,4,2,1,0.00250626566416,0.00251572327044
Download,rsrp=-98|rsrq=-12|snr=12,-98,-12,12,2,1,0.00250626566416,0.00251572327044
Download,rsrp=-98|rsrq=-12|snr=9,-98,-12,9,2,1,0.00250626566416,0.00251572327044
Download,rsrp=-98|rsrq=-13|snr=2,-98,-13,2,2,1,0.00250626566416,0.00251572327044
Download,rsrp=-98|rsrq=-13|snr=3,-98,-13,3,2,1,0.00250626566416,0.00251572327044
Download,rsrp=-98|rsrq=-14|snr=3,-98,-14,3,2,1,0.00250626566416,0.00251572327044
Download,rsrp=-98|rsrq=-14|snr=7,-98,-14,7,2,1,0.00250626566416,0.00251572327044
Download,rsrp=-98|rsrq=-15|snr=3,-98,-15,3,2,1,0.00250626566416,0.00251572327044
Download,rsrp=-98|rsrq=-15|snr=8,-98,-15,8,2,1,0.00250626566416,0.00251572327044
Download,rsrp=-98|rsrq=-16|snr=2,-98,-16,2,2,1,0.00250626566416,0.00251572327044
Download,rsrp=-98|rsrq=-16|snr=3,-98,-16,3,2,1,0.00250626566416,0.00251572327044
Download,rsrp=-98|rsrq=-17|snr=2,-98,-17,2,2,1,0.00250626566416,0.00251572327044
Download,rsrp=-98|rsrq=-17|snr=5,-98,-17,5,2,1,0.00250626566416,0.00251572327044
Download,rsrp=-99|rsrq=-11|snr=5,-99,-11,5,2,1,0.00250626566416,0.00251572327044
Download,rsrp=-99|rsrq=-11|snr=6,-99,-11,6,2,1,0.00250626566416,0.00251572327044
Download,rsrp=-99|rsrq=-12|snr=12,-99,-12,12,2,1,0.00250626566416,0.00251572327044
Download,rsrp=-99|rsrq=-12|snr=5,-99,-12,5,2,1,0.00250626566416,0.00251572327044
Download,rsrp=-99|rsrq=-16|snr=1,-99,-16,1,2,1,0.00250626566416,0.00251572327044
Download,rsrp=-99|rsrq=-17|snr=1,-99,-17,1,2,1,0.00250626566416,0.00251572327044
Download,rsrp=-99|rsrq=-17|snr=2,-99,-17,2,2,1,0.00250626566416,0.00251572327044
Download,rsrp=-99|rsrq=-17|snr=3,-99,-17,3,2,1,0.00250626566416,0.00251572327044
Download,rsrp=-100|rsrq=-11|snr=7,-100,-11,7,2,1,0.00250626566416,0.00248447204969
Download,rsrp=-100|rsrq=-11|snr=8,-100,-11,8,2,1,0.00250626566416,0.00248447204969
Download,rsrp=-100|rsrq=-12|snr=7,-100,-12,7,2,1,0.00250626566416,0.00248447204969
Download,rsrp=-100|rsrq=-12|snr=8,-100,-12,8,2,1,0.00250626566416,0.00248447204969
Download,rsrp=-100|rsrq=-13|snr=7,-100,-13,7,2,1,0.00250626566416,0.00248447204969
Download,rsrp=-100|rsrq=-14|snr=3,-100,-14,3,2,1,0.00250626566416,0.00248447204969
Download,rsrp=-100|rsrq=-14|snr=8,-100,-14,8,2,1,0.00250626566416,0.00248447204969
Download,rsrp=-100|rsrq=-15|snr=7,-100,-15,7,2,1,0.00250626566416,0.00248447204969
Download,rsrp=-100|rsrq=-16|snr=6,-100,-16,6,2,1,0.00250626566416,0.00248447204969
Download,rsrp=-101|rsrq=-11|snr=1,-101,-11,1,2,1,0.00250626566416,0.00248447204969
Download,rsrp=-101|rsrq=-11|snr=6,-101,-11,6,2,1,0.00250626566416,0.00248447204969
Download,rsrp=-101|rsrq=-11|snr=8,-101,-11,8,2,1,0.00250626566416,0.00248447204969
Download,rsrp=-101|rsrq=-12|snr=1,-101,-12,1,2,1,0.00250626566416,0.00248447204969
Download,rsrp=-101|rsrq=-13|snr=8,-101,-13,8,2,1,0.00250626566416,0.00248447204969
Download,rsrp=-101|rsrq=-15|snr=5,-101,-15,5,2,1,0.00250626566416,0.00248447204969
Download,rsrp=-101|rsrq=-16|snr=4,-101,-16,4,2,1,0.00250626566416,0.00248447204969
Download,rsrp=-101|rsrq=-16|snr=6,-101,-16,6,2,1,0.00250626566416,0.00248447204969
Download,rsrp=-101|rsrq=-17|snr=5,-101,-17,5,2,1,0.00250626566416,0.00248447204969
Download,rsrp=-102|rsrq=-17|snr=2,-102,-17,2,2,1,0.00250626566416,0.00248447204969
Download,rsrp=-94|rsrq=-10|snr=10,-94,-10,10,2,1,0.00250626566416,0.00248447204969
Download,rsrp=-94|rsrq=-11|snr=7,-94,-11,7,2,1,0.00250626566416,0.00248447204969
Download,rsrp=-94|rsrq=-15|snr=3,-94,-15,3,2,1,0.00250626566416,0.00248447204969
Download,rsrp=-94|rsrq=-15|snr=5,-94,-15,5,2,1,0.00250626566416,0.00248447204969
Download,rsrp=-94|rsrq=-16|snr=1,-94,-16,1,2,1,0.00250626566416,0.00248447204969
Download,rsrp=-94|rsrq=-16|snr=4,-94,-16,4,2,1,0.00250626566416,0.00248447204969
Download,rsrp=-94|rsrq=-16|snr=6,-94,-16,6,2,1,0.00250626566416,0.00248447204969
Download,rsrp=-94|rsrq=-17|snr=3,-94,-17,3,2,1,0.00250626566416,0.00248447204969
Download,rsrp=-94|rsrq=-9|snr=6,-94,-9,6,2,1,0.00250626566416,0.00248447204969
Download,rsrp=-95|rsrq=-12|snr=8,-95,-12,8,2,1,0.00250626566416,0.00248447204969
Download,rsrp=-95|rsrq=-14|snr=0,-95,-14,0,2,1,0.00250626566416,0.00248447204969
Download,rsrp=-95|rsrq=-14|snr=2,-95,-14,2,2,1,0.00250626566416,0.00248447204969
Download,rsrp=-95|rsrq=-14|snr=3,-95,-14,3,2,1,0.00250626566416,0.00248447204969
Download,rsrp=-95|rsrq=-15|snr=11,-95,-15,11,2,1,0.00250626566416,0.00248447204969
Download,rsrp=-95|rsrq=-16|snr=2,-95,-16,2,2,1,0.00250626566416,0.00248447204969
Download,rsrp=-95|rsrq=-16|snr=3,-95,-16,3,2,1,0.00250626566416,0.00248447204969
Download,rsrp=-95|rsrq=-16|snr=9,-95,-16,9,2,1,0.00250626566416,0.00248447204969
Download,rsrp=-96|rsrq=-10|snr=6,-96,-10,6,2,1,0.00250626566416,0.00248447204969
Download,rsrp=-96|rsrq=-11|snr=0,-96,-11,0,2,1,0.00250626566416,0.00248447204969
Download,rsrp=-96|rsrq=-11|snr=2,-96,-11,2,2,1,0.00250626566416,0.00248447204969
Download,rsrp=-96|rsrq=-11|snr=5,-96,-11,5,2,1,0.00250626566416,0.00248447204969
Download,rsrp=-96|rsrq=-12|snr=1,-96,-12,1,2,1,0.00250626566416,0.00248447204969
Download,rsrp=-96|rsrq=-12|snr=4,-96,-12,4,2,1,0.00250626566416,0.00248447204969
Download,rsrp=-96|rsrq=-12|snr=9,-96,-12,9,2,1,0.00250626566416,0.00248447204969
Download,rsrp=-96|rsrq=-14|snr=-3,-96,-14,-3,2,1,0.00250626566416,0.00248447204969
Download,rsrp=-96|rsrq=-14|snr=0,-96,-14,0,2,1,0.00250626566416,0.00248447204969
Download,rsrp=-96|rsrq=-14|snr=2,-96,-14,2,2,1,0.00250626566416,0.00248447204969
Download,rsrp=-96|rsrq=-14|snr=4,-96,-14,4,2,1,0.00250626566416,0.00248447204969
Download,rsrp=-96|rsrq=-16|snr=2,-96,-16,2,2,1,0.00250626566416,0.00248447204969
Download,rsrp=-96|rsrq=-16|snr=3,-96,-16,3,2,1,0.00250626566416,0.00248447204969
Download,rsrp=-96|rsrq=-16|snr=4,-96,-16,4,2,1,0.00250626566416,0.00248447204969
Download,rsrp=-96|rsrq=-17|snr=2,-96,-17,2,2,1,0.00250626566416,0.00248447204969
Download,rsrp=-96|rsrq=-9|snr=5,-96,-9,5,2,1,0.00250626566416,0.00248447204969
Download,rsrp=-97|rsrq=-11|snr=0,-97,-11,0,2,1,0.00250626566416,0.00248447204969
Download,rsrp=-97|rsrq=-11|snr=2,-97,-11,2,2,1,0.00250626566416,0.00248447204969
Download,rsrp=-97|rsrq=-12|snr=12,-97,-12,12,2,1,0.00250626566416,0.00248447204969
Download,rsrp=-97|rsrq=-14|snr=-1,-97,-14,-1,2,1,0.00250626566416,0.00248447204969
Download,rsrp=-97|rsrq=-14|snr=0,-97,-14,0,2,1,0.00250626566416,0.00248447204969
Download,rsrp=-98|rsrq=-11|snr=-1,-98,-11,-1,2,1,0.00250626566416,0.00248447204969
Download,rsrp=-98|rsrq=-11|snr=12,-98,-11,12,2,1,0.00250626566416,0.00248447204969
Download,rsrp=-98|rsrq=-12|snr=1,-98,-12,1,2,1,0.00250626566416,0.00248447204969
Download,rsrp=-98|rsrq=-12|snr=3,-98,-12,3,2,1,0.00250626566416,0.00248447204969
Download,rsrp=-98|rsrq=-15|snr=4,-98,-15,4,2,1,0.00250626566416,0.00248447204969
Download,rsrp=-98|rsrq=-15|snr=5,-98,-15,5,2,1,0.00250626566416,0.00248447204969
Download,rsrp=-98|rsrq=-16|snr=5,-98,-16,5,2,1,0.00250626566416,0.00248447204969
Download,rsrp=-98|rsrq=-16|snr=7,-98,-16,7,2,1,0.00250626566416,0.00248447204969
Download,rsrp=-98|rsrq=-9|snr=10,-98,-9,10,2,1,0.00250626566416,0.00248447204969
Download,rsrp=-99|rsrq=-10|snr=0,-99,-10,0,2,1,0.00250626566416,0.00248447204969
Download,rsrp=-99|rsrq=-10|snr=10,-99,-10,10,2,1,0.00250626566416,0.00248447204969
Download,rsrp=-99|rsrq=-10|snr=3,-99,-10,3,2,1,0.00250626566416,0.00248447204969
Download,rsrp=-99|rsrq=-10|snr=4,-99,-10,4,2,1,0.00250626566416,0.00248447204969
Download,rsrp=-99|rsrq=-11|snr=1,-99,-11,1,2,1,0.00250626566416,0.00248447204969
Download,rsrp=-99|rsrq=-11|snr=12,-99,-11,12,2,1,0.00250626566416,0.00248447204969
Download,rsrp=-99|rsrq=-11|snr=3,-99,-11,3,2,1,0.00250626566416,0.00248447204969
Download,rsrp=-99|rsrq=-11|snr=4,-99,-11,4,2,1,0.00250626566416,0.00248447204969
Download,rsrp=-99|rsrq=-11|snr=8,-99,-11,8,2,1,0.00250626566416,0.00248447204969
Download,rsrp=-99|rsrq=-12|snr=3,-99,-12,3,2,1,0.00250626566416,0.00248447204969
Download,rsrp=-99|rsrq=-13|snr=8,-99,-13,8,2,1,0.00250626566416,0.00248447204969
Download,rsrp=-99|rsrq=-14|snr=6,-99,-14,6,2,1,0.00250626566416,0.00248447204969
Download,rsrp=-99|rsrq=-15|snr=4,-99,-15,4,2,1,0.00250626566416,0.00248447204969
Download,rsrp=-99|rsrq=-15|snr=9,-99,-15,9,2,1,0.00250626566416,0.00248447204969
Download,rsrp=-99|rsrq=-16|snr=13,-99,-16,13,2,1,0.00250626566416,0.00248447204969
Download,rsrp=-99|rsrq=-16|snr=5,-99,-16,5,2,1,0.00250626566416,0.00248447204969
Download,rsrp=-99|rsrq=-17|snr=6,-99,-17,6,2,1,0.00250626566416,0.00248447204969
Download,rsrp=-99|rsrq=-9|snr=9,-99,-9,9,2,1,0.00250626566416,0.00248447204969
Download,rsrp=-102|rsrq=-14|snr=0,-102,-14,0,1,1,0.00125313283208,0.00126582278481
Download,rsrp=-103|rsrq=-14|snr=-4,-103,-14,-4,1,1,0.00125313283208,0.00126582278481
Download,rsrp=-103|rsrq=-14|snr=3,-103,-14,3,1,1,0.00125313283208,0.00126582278481
Download,rsrp=-98|rsrq=-11|snr=5,-98,-11,5,1,1,0.00125313283208,0.00125786163522
Download,rsrp=-95|rsrq=-13|snr=1,-95,-13,1,1,1,0.00125313283208,0.00124223602484
Download,rsrp=-96|rsrq=-18|snr=0,-96,-18,0,1,1,0.00125313283208,0.00124223602484
Download,rsrp=-98|rsrq=-11|snr=2,-98,-11,2,1,1,0.00125313283208,0.00124223602484
Netflix,rsrp=-80|rsrq=-10|snr=0,-80,-10,0,10,1,0.00662251655629,0.00661375661376
Netflix,rsrp=-81|rsrq=-10|snr=3,-81,-10,3,10,1,0.00662251655629,0.00661375661376
Netflix,rsrp=-92|rsrq=-13|snr=2,-92,-13,2,10,2,0.00662251655629,0.00661375661376
Netflix,rsrp=-101|rsrq=-12|snr=2,-101,-12,2,8,1,0.00529801324503,0.00532268795742
Netflix,rsrp=-100|rsrq=-11|snr=1,-100,-11,1,8,2,0.00529801324503,0.00531476729082
Netflix,rsrp=-101|rsrq=-12|snr=-1,-101,-12,-1,8,3,0.00529801324503,0.00529892595761
Netflix,rsrp=-80|rsrq=-10|snr=2,-80,-10,2,8,1,0.00529801324503,0.00529100529101
Netflix,rsrp=-81|rsrq=-10|snr=4,-81,-10,4,8,1,0.00529801324503,0.00529100529101
Netflix,rsrp=-90|rsrq=-11|snr=3,-90,-11,3,8,2,0.00529801324503,0.00529100529101
Netflix,rsrp=-90|rsrq=-12|snr=0,-90,-12,0,8,2,0.00529801324503,0.00529100529101
Netflix,rsrp=-90|rsrq=-13|snr=1,-90,-13,1,8,3,0.00529801324503,0.00529100529101
Netflix,rsrp=-91|rsrq=-14|snr=-1,-91,-14,-1,8,3,0.00529801324503,0.00529100529101
Netflix,rsrp=-100|rsrq=-12|snr=4,-100,-12,4,6,1,0.00397350993377,0.00399201596806
Netflix,rsrp=-101|rsrq=-11|snr=5,-101,-11,5,6,1,0.00397350993377,0.00399201596806
Netflix,rsrp=-101|rsrq=-11|snr=2,-101,-11,2,6,2,0.00397350993377,0.00398409530146
Netflix,rsrp=-101|rsrq=-11|snr=3,-101,-11,3,6,3,0.00397350993377,0.00398409530146
Netflix,rsrp=-101|rsrq=-13|snr=-2,-101,-13,-2,6,2,0.00397350993377,0.00398409530146
Netflix,rsrp=-97|rsrq=-16|snr=5,-97,-16,5,6,2,0.00397350993377,0.00398409530146
Netflix,rsrp=-102|rsrq=-12|snr=7,-102,-12,7,6,2,0.00397350993377,0.00397617463486
Netflix,rsrp=-80|rsrq=-10|snr=3,-80,-10,3,6,1,0.00397350993377,0.00396825396825
Netflix,rsrp=-80|rsrq=-11|snr=0,-80,-11,0,6,1,0.00397350993377,0.00396825396825
Netflix,rsrp=-80|rsrq=-11|snr=1,-80,-11,1,6,1,0.00397350993377,0.00396825396825
Netflix,rsrp=-81|rsrq=-10|snr=2,-81,-10,2,6,1,0.00397350993377,0.00396825396825
Netflix,rsrp=-81|rsrq=-11|snr=2,-81,-11,2,6,1,0.00397350993377,0.00396825396825
Netflix,rsrp=-90|rsrq=-12|snr=-1,-90,-12,-1,6,3,0.00397350993377,0.00396825396825
Netflix,rsrp=-90|rsrq=-12|snr=2,-90,-12,2,6,1,0.00397350993377,0.00396825396825
Netflix,rsrp=-90|rsrq=-14|snr=-8,-90,-14,-8,6,3,0.00397350993377,0.00396825396825
Netflix,rsrp=-90|rsrq=-15|snr=-1,-90,-15,-1,6,2,0.00397350993377,0.00396825396825
Netflix,rsrp=-91|rsrq=-12|snr=1,-91,-12,1,6,1,0.00397350993377,0.00396825396825
Netflix,rsrp=-91|rsrq=-13|snr=0,-91,-13,0,6,2,0.00397350993377,0.00396825396825
Netflix,rsrp=-91|rsrq=-13|snr=1,-91,-13,1,6,2,0.00397350993377,0.00396825396825
Netflix,rsrp=-92|rsrq=-13|snr=1,-92,-13,1,6,3,0.00397350993377,0.00396825396825
Netflix,rsrp=-92|rsrq=-14|snr=-6,-92,-14,-6,6,1,0.00397350993377,0.00396825396825
Netflix,rsrp=-93|rsrq=-14|snr=0,-93,-14,0,6,2,0.00397350993377,0.00396825396825
Netflix,rsrp=-93|rsrq=-16|snr=-3,-93,-16,-3,6,2,0.00397350993377,0.00396825396825
Netflix,rsrp=-89|rsrq=-11|snr=1,-89,-11,1,5,1,0.00331125827815,0.00330687830688
Netflix,rsrp=-101|rsrq=-11|snr=0,-101,-11,0,4,1,0.00264900662252,0.00266134397871
Netflix,rsrp=-101|rsrq=-12|snr=3,-101,-12,3,4,2,0.00264900662252,0.00266134397871
Netflix,rsrp=-101|rsrq=-12|snr=4,-101,-12,4,4,1,0.00264900662252,0.00266134397871
Netflix,rsrp=-101|rsrq=-13|snr=-4,-101,-13,-4,4,1,0.00264900662252,0.00266134397871
Netflix,rsrp=-101|rsrq=-13|snr=4,-101,-13,4,4,1,0.00264900662252,0.00266134397871
Netflix,rsrp=-101|rsrq=-14|snr=2,-101,-14,2,4,2,0.00264900662252,0.00266134397871
Netflix,rsrp=-104|rsrq=-12|snr=-2,-104,-12,-2,4,1,0.00264900662252,0.00266134397871
Netflix,rsrp=-98|rsrq=-16|snr=6,-98,-16,6,4,1,0.00264900662252,0.00266134397871
Netflix,rsrp=-101|rsrq=-10|snr=4,-101,-10,4,4,2,0.00264900662252,0.00265342331211
Netflix,rsrp=-101|rsrq=-11|snr=-1,-101,-11,-1,4,2,0.00264900662252,0.00265342331211
Netflix,rsrp=-101|rsrq=-13|snr=-3,-101,-13,-3,4,2,0.00264900662252,0.00265342331211
Netflix,rsrp=-101|rsrq=-13|snr=1,-101,-13,1,4,2,0.00264900662252,0.00265342331211
Netflix,rsrp=-101|rsrq=-14|snr=1,-101,-14,1,4,2,0.00264900662252,0.00265342331211
Netflix,rsrp=-101|rsrq=-17|snr=2,-101,-17,2,4,2,0.00264900662252,0.00265342331211
Netflix,rsrp=-102|rsrq=-12|snr=0,-102,-12,0,4,2,0.00264900662252,0.00265342331211
Netflix,rsrp=-102|rsrq=-14|snr=0,-102,-14,0,4,2,0.00264900662252,0.00265342331211
Netflix,rsrp=-103|rsrq=-11|snr=5,-103,-11,5,4,2,0.00264900662252,0.00265342331211
Netflix,rsrp=-98|rsrq=-15|snr=1,-98,-15,1,4,2,0.00264900662252,0.00265342331211
Netflix,rsrp=-99|rsrq=-13|snr=-2,-99,-13,-2,4,2,0.00264900662252,0.00265342331211
Netflix,rsrp=-99|rsrq=-13|snr=0,-99,-13,0,4,2,0.00264900662252,0.00265342331211
Netflix,rsrp=-99|rsrq=-13|snr=1,-99,-13,1,4,2,0.00264900662252,0.00265342331211
Netflix,rsrp=-100|rsrq=-11|snr=-1,-100,-11,-1,4,2,0.00264900662252,0.0026455026455
Netflix,rsrp=-100|rsrq=-11|snr=2,-100,-11,2,4,1,0.00264900662252,0.0026455026455
Netflix,rsrp=-102|rsrq=-11|snr=6,-102,-11,6,4,1,0.00264900662252,0.0026455026455
Netflix,rsrp=-103|rsrq=-9|snr=5,-103,-9,5,4,1,0.00264900662252,0.0026455026455
Netflix,rsrp=-80|rsrq=-10|snr=-1,-80,-10,-1,4,1,0.00264900662252,0.0026455026455
Netflix,rsrp=-80|rsrq=-10|snr=1,-80,-10,1,4,1,0.00264900662252,0.0026455026455
Netflix,rsrp=-80|rsrq=-9|snr=2,-80,-9,2,4,1,0.00264900662252,0.0026455026455
Netflix,rsrp=-81|rsrq=-10|snr=1,-81,-10,1,4,1,0.00264900662252,0.0026455026455
Netflix,rsrp=-81|rsrq=-11|snr=1,-81,-11,1,4,1,0.00264900662252,0.0026455026455
Netflix,rsrp=-81|rsrq=-11|snr=3,-81,-11,3,4,1,0.00264900662252,0.0026455026455
Netflix,rsrp=-81|rsrq=-11|snr=4,-81,-11,4,4,1,0.00264900662252,0.0026455026455
Netflix,rsrp=-81|rsrq=-12|snr=3,-81,-12,3,4,1,0.00264900662252,0.0026455026455
Netflix,rsrp=-81|rsrq=-9|snr=4,-81,-9,4,4,1,0.00264900662252,0.0026455026455
Netflix,rsrp=-88|rsrq=-11|snr=4,-88,-11,4,4,1,0.00264900662252,0.0026455026455
Netflix,rsrp=-88|rsrq=-16|snr=1,-88,-16,1,4,1,0.00264900662252,0.0026455026455
Netflix,rsrp=-88|rsrq=-17|snr=0,-88,-17,0,4,1,0.00264900662252,0.0026455026455
Netflix,rsrp=-89|rsrq=-11|snr=7,-89,-11,7,4,2,0.00264900662252,0.0026455026455
Netflix,rsrp=-89|rsrq=-12|snr=-7,-89,-12,-7,4,1,0.00264900662252,0.0026455026455
Netflix,rsrp=-89|rsrq=-12|snr=1,-89,-12,1,4,2,0.00264900662252,0.0026455026455
Netflix,rsrp=-89|rsrq=-12|snr=3,-89,-12,3,4,1,0.00264900662252,0.0026455026455
Netflix,rsrp=-89|rsrq=-12|snr=6,-89,-12,6,4,1,0.00264900662252,0.0026455026455
Netflix,rsrp=-89|rsrq=-13|snr=-4,-89,-13,-4,4,2,0.00264900662252,0.0026455026455
Netflix,rsrp=-89|rsrq=-14|snr=2,-89,-14,2,4,2,0.00264900662252,0.0026455026455
Netflix,rsrp=-89|rsrq=-14|snr=3,-89,-14,3,4,2,0.00264900662252,0.0026455026455
Netflix,rsrp=-89|rsrq=-15|snr=-2,-89,-15,-2,4,1,0.00264900662252,0.0026455026455
Netflix,rsrp=-89|rsrq=-15|snr=3,-89,-15,3,4,2,0.00264900662252,0.0026455026455
Netflix,rsrp=-89|rsrq=-16|snr=-7,-89,-16,-7,4,2,0.00264900662252,0.0026455026455
Netflix,rsrp=-89|rsrq=-16|snr=2,-89,-16,2,4,2,0.00264900662252,0.0026455026455
Netflix,rsrp=-89|rsrq=-16|snr=4,-89,-16,4,4,1,0.00264900662252,0.0026455026455
Netflix,rsrp=-90|rsrq=-12|snr=4,-90,-12,4,4,2,0.00264900662252,0.0026455026455
Netflix,rsrp=-90|rsrq=-13|snr=-1,-90,-13,-1,4,1,0.00264900662252,0.0026455026455
Netflix,rsrp=-90|rsrq=-13|snr=-2,-90,-13,-2,4,1,0.00264900662252,0.0026455026455
Netflix,rsrp=-90|rsrq=-13|snr=-4,-90,-13,-4,4,1,0.00264900662252,0.0026455026455
Netflix,rsrp=-90|rsrq=-15|snr=7,-90,-15,7,4,1,0.00264900662252,0.0026455026455
Netflix,rsrp=-90|rsrq=-16|snr=2,-90,-16,2,4,1,0.00264900662252,0.0026455026455
Netflix,rsrp=-91|rsrq=-13|snr=-1,-91,-13,-1,4,1,0.00264900662252,0.0026455026455
Netflix,rsrp=-91|rsrq=-14|snr=-5,-91,-14,-5,4,1,0.00264900662252,0.0026455026455
Netflix,rsrp=-91|rsrq=-16|snr=-12,-91,-16,-12,4,1,0.00264900662252,0.0026455026455
Netflix,rsrp=-92|rsrq=-12|snr=1,-92,-12,1,4,2,0.00264900662252,0.0026455026455
Netflix,rsrp=-92|rsrq=-12|snr=3,-92,-12,3,4,2,0.00264900662252,0.0026455026455
Netflix,rsrp=-92|rsrq=-13|snr=0,-92,-13,0,4,1,0.00264900662252,0.0026455026455
Netflix,rsrp=-92|rsrq=-14|snr=-1,-92,-14,-1,4,2,0.00264900662252,0.0026455026455
Netflix,rsrp=-92|rsrq=-15|snr=-4,-92,-15,-4,4,2,0.00264900662252,0.0026455026455
Netflix,rsrp=-93|rsrq=-12|snr=1,-93,-12,1,4,2,0.00264900662252,0.0026455026455
Netflix,rsrp=-93|rsrq=-13|snr=-3,-93,-13,-3,4,2,0.00264900662252,0.0026455026455
Netflix,rsrp=-93|rsrq=-13|snr=-9,-93,-13,-9,4,2,0.00264900662252,0.0026455026455
Netflix,rsrp=-93|rsrq=-13|snr=2,-93,-13,2,4,1,0.00264900662252,0.0026455026455
Netflix,rsrp=-93|rsrq=-13|snr=3,-93,-13,3,4,1,0.00264900662252,0.0026455026455
Netflix,rsrp=-93|rsrq=-14|snr=-1,-93,-14,-1,4,2,0.00264900662252,0.0026455026455
Netflix,rsrp=-93|rsrq=-14|snr=-9,-93,-14,-9,4,1,0.00264900662252,0.0026455026455
Netflix,rsrp=-94|rsrq=-13|snr=-3,-94,-13,-3,4,2,0.00264900662252,0.0026455026455
Netflix,rsrp=-95|rsrq=-16|snr=-3,-95,-16,-3,4,2,0.00264900662252,0.0026455026455
Netflix,rsrp=-97|rsrq=-14|snr=-1,-97,-14,-1,4,1,0.00264900662252,0.0026455026455
Netflix,rsrp=-97|rsrq=-14|snr=1,-97,-14,1,4,1,0.00264900662252,0.0026455026455
Netflix,rsrp=-97|rsrq=-15|snr=-1,-97,-15,-1,4,1,0.00264900662252,0.0026455026455
Netflix,rsrp=-97|rsrq=-15|snr=-3,-97,-15,-3,4,1,0.00264900662252,0.0026455026455
Netflix,rsrp=-97|rsrq=-15|snr=0,-97,-15,0,4,1,0.00264900662252,0.0026455026455
Netflix,rsrp=-97|rsrq=-15|snr=1,-97,-15,1,4,1,0.00264900662252,0.0026455026455
Netflix,rsrp=-98|rsrq=-12|snr=2,-98,-12,2,4,1,0.00264900662252,0.0026455026455
Netflix,rsrp=-98|rsrq=-13|snr=-1,-98,-13,-1,4,1,0.00264900662252,0.0026455026455
Netflix,rsrp=-98|rsrq=-15|snr=2,-98,-15,2,4,1,0.00264900662252,0.0026455026455
Netflix,rsrp=-100|rsrq=-10|snr=3,-100,-10,3,2,1,0.00132450331126,0.00133067198935
Netflix,rsrp=-100|rsrq=-10|snr=7,-100,-10,7,2,1,0.00132450331126,0.00133067198935
Netflix,rsrp=-100|rsrq=-10|snr=8,-100,-10,8,2,1,0.00132450331126,0.00133067198935
Netflix,rsrp=-100|rsrq=-11|snr=7,-100,-11,7,2,1,0.00132450331126,0.00133067198935
Netflix,rsrp=-100|rsrq=-12|snr=0,-100,-12,0,2,1,0.00132450331126,0.00133067198935
Netflix,rsrp=-100|rsrq=-13|snr=-1,-100,-13,-1,2,1,0.00132450331126,0.00133067198935
Netflix,rsrp=-100|rsrq=-13|snr=-2,-100,-13,-2,2,1,0.00132450331126,0.00133067198935
Netflix,rsrp=-100|rsrq=-13|snr=-4,-100,-13,-4,2,1,0.00132450331126,0.00133067198935
Netflix,rsrp=-100|rsrq=-13|snr=10,-100,-13,10,2,1,0.00132450331126,0.00133067198935
Netflix,rsrp=-100|rsrq=-13|snr=3,-100,-13,3,2,1,0.00132450331126,0.00133067198935
Netflix,rsrp=-100|rsrq=-13|snr=6,-100,-13,6,2,1,0.00132450331126,0.00133067198935
Netflix,rsrp=-100|rsrq=-14|snr=-2,-100,-14,-2,2,1,0.00132450331126,0.00133067198935
Netflix,rsrp=-100|rsrq=-14|snr=-3,-100,-14,-3,2,1,0.00132450331126,0.00133067198935
Netflix,rsrp=-100|rsrq=-14|snr=8,-100,-14,8,2,1,0.00132450331126,0.00133067198935
Netflix,rsrp=-100|rsrq=-16|snr=0,-100,-16,0,2,1,0.00132450331126,0.00133067198935
Netflix,rsrp=-100|rsrq=-16|snr=3,-100,-16,3,2,1,0.00132450331126,0.00133067198935
Netflix,rsrp=-100|rsrq=-17|snr=7,-100,-17,7,2,1,0.00132450331126,0.00133067198935
Netflix,rsrp=-100|rsrq=-19|snr=-1,-100,-19,-1,2,1,0.00132450331126,0.00133067198935
Netflix,rsrp=-100|rsrq=-19|snr=-3,-100,-19,-3,2,1,0.00132450331126,0.00133067198935
Netflix,rsrp=-101|rsrq=-10|snr=2,-101,-10,2,2,1,0.00132450331126,0.00133067198935
Netflix,rsrp=-101|rsrq=-11|snr=1,-101,-11,1,2,1,0.00132450331126,0.00133067198935
Netflix,rsrp=-101|rsrq=-11|snr=4,-101,-11,4,2,1,0.00132450331126,0.00133067198935
Netflix,rsrp=-101|rsrq=-11|snr=6,-101,-11,6,2,1,0.00132450331126,0.00133067198935
Netflix,rsrp=-101|rsrq=-12|snr=0,-101,-12,0,2,1,0.00132450331126,0.00133067198935
Netflix,rsrp=-101|rsrq=-12|snr=6,-101,-12,6,2,1,0.00132450331126,0.00133067198935
Netflix,rsrp=-101|rsrq=-12|snr=7,-101,-12,7,2,1,0.00132450331126,0.00133067198935
Netflix,rsrp=-101|rsrq=-13|snr=0,-101,-13,0,2,1,0.00132450331126,0.00133067198935
Netflix,rsrp=-101|rsrq=-13|snr=2,-101,-13,2,2,1,0.00132450331126,0.00133067198935
Netflix,rsrp=-101|rsrq=-13|snr=3,-101,-13,3,2,1,0.00132450331126,0.00133067198935
Netflix,rsrp=-101|rsrq=-13|snr=7,-101,-13,7,2,1,0.00132450331126,0.00133067198935
Netflix,rsrp=-101|rsrq=-14|snr=-1,-101,-14,-1,2,1,0.00132450331126,0.00133067198935
Netflix,rsrp=-101|rsrq=-14|snr=-4,-101,-14,-4,2,1,0.00132450331126,0.00133067198935
Netflix,rsrp=-101|rsrq=-14|snr=0,-101,-14,0,2,1,0.00132450331126,0.00133067198935
Netflix,rsrp=-101|rsrq=-14|snr=3,-101,-14,3,2,1,0.00132450331126,0.00133067198935
Netflix,rsrp=-101|rsrq=-14|snr=5,-101,-14,5,2,1,0.00132450331126,0.00133067198935
Netflix,rsrp=-101|rsrq=-15|snr=-1,-101,-15,-1,2,1,0.00132450331126,0.00133067198935
Netflix,rsrp=-101|rsrq=-15|snr=0,-101,-15,0,2,1,0.00132450331126,0.00133067198935
Netflix,rsrp=-101|rsrq=-15|snr=1,-101,-15,1,2,1,0.00132450331126,0.00133067198935
Netflix,rsrp=-101|rsrq=-15|snr=2,-101,-15,2,2,1,0.00132450331126,0.00133067198935
Netflix,rsrp=-101|rsrq=-15|snr=4,-101,-15,4,2,1,0.00132450331126,0.00133067198935
Netflix,rsrp=-101|rsrq=-15|snr=5,-101,-15,5,2,1,0.00132450331126,0.00133067198935
Netflix,rsrp=-101|rsrq=-15|snr=9,-101,-15,9,2,1,0.00132450331126,0.00133067198935
Netflix,rsrp=-101|rsrq=-16|snr=2,-101,-16,2,2,1,0.00132450331126,0.00133067198935
Netflix,rsrp=-101|rsrq=-17|snr=5,-101,-17,5,2,1,0.00132450331126,0.00133067198935
Netflix,rsrp=-101|rsrq=-18|snr=0,-101,-18,0,2,1,0.00132450331126,0.00133067198935
Netflix,rsrp=-102|rsrq=-12|snr=-1,-102,-12,-1,2,1,0.00132450331126,0.00133067198935
Netflix,rsrp=-102|rsrq=-12|snr=2,-102,-12,2,2,1,0.00132450331126,0.00133067198935
Netflix,rsrp=-102|rsrq=-12|snr=5,-102,-12,5,2,1,0.00132450331126,0.00133067198935
Netflix,rsrp=-102|rsrq=-13|snr=6,-102,-13,6,2,1,0.00132450331126,0.00133067198935
Netflix,rsrp=-102|rsrq=-15|snr=-2,-102,-15,-2,2,1,0.00132450331126,0.00133067198935
Netflix,rsrp=-102|rsrq=-15|snr=-3,-102,-15,-3,2,1,0.00132450331126,0.00133067198935
Netflix,rsrp=-102|rsrq=-16|snr=1,-102,-16,1,2,1,0.00132450331126,0.00133067198935
Netflix,rsrp=-102|rsrq=-16|snr=7,-102,-16,7,2,1,0.00132450331126,0.00133067198935
Netflix,rsrp=-102|rsrq=-17|snr=-1,-102,-17,-1,2,1,0.00132450331126,0.00133067198935
Netflix,rsrp=-102|rsrq=-17|snr=-2,-102,-17,-2,2,1,0.00132450331126,0.00133067198935
Netflix,rsrp=-102|rsrq=-17|snr=6,-102,-17,6,2,1,0.00132450331126,0.00133067198935
Netflix,rsrp=-102|rsrq=-18|snr=-3,-102,-18,-3,2,1,0.00132450331126,0.00133067198935
Netflix,rsrp=-103|rsrq=-11|snr=11,-103,-11,11,2,1,0.00132450331126,0.00133067198935
Netflix,rsrp=-103|rsrq=-12|snr=-2,-103,-12,-2,2,1,0.00132450331126,0.00133067198935
Netflix,rsrp=-103|rsrq=-12|snr=-3,-103,-12,-3,2,1,0.00132450331126,0.00133067198935
Netflix,rsrp=-103|rsrq=-12|snr=2,-103,-12,2,2,1,0.00132450331126,0.00133067198935
Netflix,rsrp=-103|rsrq=-12|snr=8,-103,-12,8,2,1,0.00132450331126,0.00133067198935
Netflix,rsrp=-103|rsrq=-13|snr=-2,-103,-13,-2,2,1,0.00132450331126,0.00133067198935
Netflix,rsrp=-103|rsrq=-13|snr=10,-103,-13,10,2,1,0.00132450331126,0.00133067198935
Netflix,rsrp=-103|rsrq=-14|snr=4,-103,-14,4,2,1,0.00132450331126,0.00133067198935
Netflix,rsrp=-103|rsrq=-15|snr=2,-103,-15,2,2,1,0.00132450331126,0.00133067198935
Netflix,rsrp=-103|rsrq=-17|snr=2,-103,-17,2,2,1,0.00132450331126,0.00133067198935
Netflix,rsrp=-103|rsrq=-9|snr=-2,-103,-9,-2,2,1,0.00132450331126,0.00133067198935
Netflix,rsrp=-104|rsrq=-11|snr=1,-104,-11,1,2,1,0.00132450331126,0.00133067198935
Netflix,rsrp=-104|rsrq=-11|snr=4,-104,-11,4,2,1,0.00132450331126,0.00133067198935
Netflix,rsrp=-104|rsrq=-12|snr=1,-104,-12,1,2,1,0.00132450331126,0.00133067198935
Netflix,rsrp=-104|rsrq=-12|snr=3,-104,-12,3,2,1,0.00132450331126,0.00133067198935
Netflix,rsrp=-104|rsrq=-12|snr=5,-104,-12,5,2,1,0.00132450331126,0.00133067198935
Netflix,rsrp=-104|rsrq=-13|snr=2,-104,-13,2,2,1,0.00132450331126,0.00133067198935
Netflix,rsrp=-104|rsrq=-14|snr=-2,-104,-14,-2,2,1,0.00132450331126,0.00133067198935
Netflix,rsrp=-104|rsrq=-14|snr=2,-104,-14,2,2,1,0.00132450331126,0.00133067198935
Netflix,rsrp=-104|rsrq=-14|snr=6,-104,-14,6,2,1,0.00132450331126,0.00133067198935
Netflix,rsrp=-104|rsrq=-15|snr=11,-104,-15,11,2,1,0.00132450331126,0.00133067198935
Netflix,rsrp=-105|rsrq=-11|snr=10,-105,-11,10,2,1,0.00132450331126,0.00133067198935
Netflix,rsrp=-105|rsrq=-12|snr=-4,-105,-12,-4,2,1,0.00132450331126,0.00133067198935
Netflix,rsrp=-105|rsrq=-12|snr=-5,-105,-12,-5,2,1,0.00132450331126,0.00133067198935
Netflix,rsrp=-105|rsrq=-14|snr=-4,-105,-14,-4,2,1,0.00132450331126,0.00133067198935
Netflix,rsrp=-105|rsrq=-16|snr=-2,-105,-16,-2,2,1,0.00132450331126,0.00133067198935
Netflix,rsrp=-105|rsrq=-18|snr=1,-105,-18,1,2,1,0.00132450331126,0.00133067198935
Netflix,rsrp=-106|rsrq=-13|snr=1,-106,-13,1,2,1,0.00132450331126,0.00133067198935
Netflix,rsrp=-107|rsrq=-14|snr=4,-107,-14,4,2,1,0.00132450331126,0.00133067198935
Netflix,rsrp=-97|rsrq=-10|snr=13,-97,-10,13,2,1,0.00132450331126,0.00133067198935
Netflix,rsrp=-97|rsrq=-14|snr=6,-97,-14,6,2,1,0.00132450331126,0.00133067198935
Netflix,rsrp=-97|rsrq=-17|snr=3,-97,-17,3,2,1,0.00132450331126,0.00133067198935
Netflix,rsrp=-97|rsrq=-9|snr=8,-97,-9,8,2,1,0.00132450331126,0.00133067198935
Netflix,rsrp=-98|rsrq=-10|snr=9,-98,-10,9,2,1,0.00132450331126,0.00133067198935
Netflix,rsrp=-98|rsrq=-12|snr=13,-98,-12,13,2,1,0.00132450331126,0.00133067198935
Netflix,rsrp=-98|rsrq=-13|snr=1,-98,-13,1,2,1,0.00132450331126,0.00133067198935
Netflix,rsrp=-98|rsrq=-14|snr=3,-98,-14,3,2,1,0.00132450331126,0.00133067198935
Netflix,rsrp=-98|rsrq=-14|snr=7,-98,-14,7,2,1,0.00132450331126,0.00133067198935
Netflix,rsrp=-98|rsrq=-15|snr=9,-98,-15,9,2,1,0.00132450331126,0.00133067198935
Netflix,rsrp=-98|rsrq=-16|snr=8,-98,-16,8,2,1,0.00132450331126,0.00133067198935
Netflix,rsrp=-98|rsrq=-16|snr=9,-98,-16,9,2,1,0.00132450331126,0.00133067198935
Netflix,rsrp=-98|rsrq=-17|snr=-1,-98,-17,-1,2,1,0.00132450331126,0.00133067198935
Netflix,rsrp=-99|rsrq=-10|snr=13,-99,-10,13,2,1,0.00132450331126,0.00133067198935
Netflix,rsrp=-99|rsrq=-11|snr=1,-99,-11,1,2,1,0.00132450331126,0.00133067198935
Netflix,rsrp=-99|rsrq=-11|snr=2,-99,-11,2,2,1,0.00132450331126,0.00133067198935
Netflix,rsrp=-99|rsrq=-13|snr=2,-99,-13,2,2,1,0.00132450331126,0.00133067198935
Netflix,rsrp=-99|rsrq=-13|snr=3,-99,-13,3,2,1,0.00132450331126,0.00133067198935
Netflix,rsrp=-99|rsrq=-14|snr=8,-99,-14,8,2,1,0.00132450331126,0.00133067198935
Netflix,rsrp=-99|rsrq=-15|snr=-1,-99,-15,-1,2,1,0.00132450331126,0.00133067198935
Netflix,rsrp=-99|rsrq=-15|snr=2,-99,-15,2,2,1,0.00132450331126,0.00133067198935
Netflix,rsrp=-99|rsrq=-15|snr=3,-99,-15,3,2,1,0.00132450331126,0.00133067198935
Netflix,rsrp=-99|rsrq=-16|snr=-1,-99,-16,-1,2,1,0.00132450331126,0.00133067198935
Netflix,rsrp=-99|rsrq=-16|snr=-3,-99,-16,-3,2,1,0.00132450331126,0.00133067198935
Netflix,rsrp=-99|rsrq=-16|snr=7,-99,-16,7,2,1,0.00132450331126,0.00133067198935
Netflix,rsrp=-99|rsrq=-17|snr=2,-99,-17,2,2,1,0.00132450331126,0.00133067198935
Netflix,rsrp=-99|rsrq=-17|snr=4,-99,-17,4,2,1,0.00132450331126,0.00133067198935
Netflix,rsrp=-99|rsrq=-18|snr=-3,-99,-18,-3,2,1,0.00132450331126,0.00133067198935
Netflix,rsrp=-100|rsrq=-10|snr=10,-100,-10,10,2,1,0.00132450331126,0.00132275132275
Netflix,rsrp=-100|rsrq=-10|snr=11,-100,-10,11,2,1,0.00132450331126,0.00132275132275
Netflix,rsrp=-100|rsrq=-10|snr=2,-100,-10,2,2,1,0.00132450331126,0.00132275132275
Netflix,rsrp=-100|rsrq=-11|snr=-2,-100,-11,-2,2,1,0.00132450331126,0.00132275132275
Netflix,rsrp=-100|rsrq=-12|snr=-2,-100,-12,-2,2,1,0.00132450331126,0.00132275132275
Netflix,rsrp=-100|rsrq=-12|snr=-4,-100,-12,-4,2,1,0.00132450331126,0.00132275132275
Netflix,rsrp=-100|rsrq=-12|snr=-5,-100,-12,-5,2,1,0.00132450331126,0.00132275132275
Netflix,rsrp=-100|rsrq=-12|snr=5,-100,-12,5,2,1,0.00132450331126,0.00132275132275
Netflix,rsrp=-100|rsrq=-13|snr=4,-100,-13,4,2,1,0.00132450331126,0.00132275132275
Netflix,rsrp=-100|rsrq=-14|snr=-1,-100,-14,-1,2,1,0.00132450331126,0.00132275132275
Netflix,rsrp=-100|rsrq=-14|snr=11,-100,-14,11,2,1,0.00132450331126,0.00132275132275
Netflix,rsrp=-100|rsrq=-14|snr=4,-100,-14,4,2,1,0.00132450331126,0.00132275132275
Netflix,rsrp=-100|rsrq=-15|snr=-2,-100,-15,-2,2,1,0.00132450331126,0.00132275132275
Netflix,rsrp=-100|rsrq=-15|snr=0,-100,-15,0,2,1,0.00132450331126,0.00132275132275
Netflix,rsrp=-100|rsrq=-15|snr=12,-100,-15,12,2,1,0.00132450331126,0.00132275132275
Netflix,rsrp=-100|rsrq=-17|snr=10,-100,-17,10,2,1,0.00132450331126,0.00132275132275
Netflix,rsrp=-100|rsrq=-18|snr=9,-100,-18,9,2,1,0.00132450331126,0.00132275132275
Netflix,rsrp=-100|rsrq=-9|snr=12,-100,-9,12,2,1,0.00132450331126,0.00132275132275
Netflix,rsrp=-101|rsrq=-10|snr=-1,-101,-10,-1,2,1,0.00132450331126,0.00132275132275
Netflix,rsrp=-101|rsrq=-10|snr=5,-101,-10,5,2,1,0.00132450331126,0.00132275132275
Netflix,rsrp=-101|rsrq=-11|snr=-3,-101,-11,-3,2,1,0.00132450331126,0.00132275132275
Netflix,rsrp=-101|rsrq=-11|snr=11,-101,-11,11,2,1,0.00132450331126,0.00132275132275
Netflix,rsrp=-101|rsrq=-11|snr=7,-101,-11,7,2,1,0.00132450331126,0.00132275132275
Netflix,rsrp=-101|rsrq=-12|snr=-2,-101,-12,-2,2,1,0.00132450331126,0.00132275132275
Netflix,rsrp=-101|rsrq=-12|snr=-3,-101,-12,-3,2,1,0.00132450331126,0.00132275132275
Netflix,rsrp=-101|rsrq=-12|snr=1,-101,-12,1,2,1,0.00132450331126,0.00132275132275
Netflix,rsrp=-101|rsrq=-12|snr=8,-101,-12,8,2,1,0.00132450331126,0.00132275132275
Netflix,rsrp=-101|rsrq=-13|snr=6,-101,-13,6,2,1,0.00132450331126,0.00132275132275
Netflix,rsrp=-101|rsrq=-14|snr=-2,-101,-14,-2,2,1,0.00132450331126,0.00132275132275
Netflix,rsrp=-101|rsrq=-15|snr=-2,-101,-15,-2,2,1,0.00132450331126,0.00132275132275
Netflix,rsrp=-101|rsrq=-15|snr=-3,-101,-15,-3,2,1,0.00132450331126,0.00132275132275
Netflix,rsrp=-101|rsrq=-16|snr=-1,-101,-16,-1,2,1,0.00132450331126,0.00132275132275
Netflix,rsrp=-101|rsrq=-16|snr=6,-101,-16,6,2,1,0.00132450331126,0.00132275132275
Netflix,rsrp=-101|rsrq=-17|snr=10,-101,-17,10,2,1,0.00132450331126,0.00132275132275
Netflix,rsrp=-101|rsrq=-9|snr=-5,-101,-9,-5,2,1,0.00132450331126,0.00132275132275
Netflix,rsrp=-102|rsrq=-10|snr=-3,-102,-10,-3,2,1,0.00132450331126,0.00132275132275
Netflix,rsrp=-102|rsrq=-10|snr=11,-102,-10,11,2,1,0.00132450331126,0.00132275132275
Netflix,rsrp=-102|rsrq=-10|snr=12,-102,-10,12,2,1,0.00132450331126,0.00132275132275
Netflix,rsrp=-102|rsrq=-10|snr=4,-102,-10,4,2,1,0.00132450331126,0.00132275132275
Netflix,rsrp=-102|rsrq=-10|snr=6,-102,-10,6,2,1,0.00132450331126,0.00132275132275
Netflix,rsrp=-102|rsrq=-10|snr=7,-102,-10,7,2,1,0.00132450331126,0.00132275132275
Netflix,rsrp=-102|rsrq=-10|snr=8,-102,-10,8,2,1,0.00132450331126,0.00132275132275
Netflix,rsrp=-102|rsrq=-11|snr=-2,-102,-11,-2,2,1,0.00132450331126,0.00132275132275
Netflix,rsrp=-102|rsrq=-11|snr=-4,-102,-11,-4,2,1,0.00132450331126,0.00132275132275
Netflix,rsrp=-102|rsrq=-11|snr=0,-102,-11,0,2,1,0.00132450331126,0.00132275132275
Netflix,rsrp=-102|rsrq=-11|snr=4,-102,-11,4,2,1,0.00132450331126,0.00132275132275
Netflix,rsrp=-102|rsrq=-11|snr=8,-102,-11,8,2,1,0.00132450331126,0.00132275132275
Netflix,rsrp=-102|rsrq=-12|snr=6,-102,-12,6,2,1,0.00132450331126,0.00132275132275
Netflix,rsrp=-102|rsrq=-13|snr=8,-102,-13,8,2,1,0.00132450331126,0.00132275132275
Netflix,rsrp=-102|rsrq=-14|snr=8,-102,-14,8,2,1,0.00132450331126,0.00132275132275
Netflix,rsrp=-102|rsrq=-15|snr=4,-102,-15,4,2,1,0.00132450331126,0.00132275132275
Netflix,rsrp=-102|rsrq=-18|snr=-4,-102,-18,-4,2,1,0.00132450331126,0.00132275132275
Netflix,rsrp=-103|rsrq=-10|snr=5,-103,-10,5,2,1,0.00132450331126,0.00132275132275
Netflix,rsrp=-103|rsrq=-10|snr=6,-103,-10,6,2,1,0.00132450331126,0.00132275132275
Netflix,rsrp=-103|rsrq=-11|snr=-4,-103,-11,-4,2,1,0.00132450331126,0.00132275132275
Netflix,rsrp=-103|rsrq=-11|snr=2,-103,-11,2,2,1,0.00132450331126,0.00132275132275
Netflix,rsrp=-103|rsrq=-11|snr=6,-103,-11,6,2,1,0.00132450331126,0.00132275132275
Netflix,rsrp=-103|rsrq=-11|snr=9,-103,-11,9,2,1,0.00132450331126,0.00132275132275
Netflix,rsrp=-103|rsrq=-13|snr=-1,-103,-13,-1,2,1,0.00132450331126,0.00132275132275
Netflix,rsrp=-103|rsrq=-13|snr=-4,-103,-13,-4,2,1,0.00132450331126,0.00132275132275
Netflix,rsrp=-103|rsrq=-16|snr=-1,-103,-16,-1,2,1,0.00132450331126,0.00132275132275
Netflix,rsrp=-103|rsrq=-9|snr=6,-103,-9,6,2,1,0.00132450331126,0.00132275132275
Netflix,rsrp=-79|rsrq=-10|snr=2,-79,-10,2,2,1,0.00132450331126,0.00132275132275
Netflix,rsrp=-79|rsrq=-11|snr=-5,-79,-11,-5,2,1,0.00132450331126,0.00132275132275
Netflix,rsrp=-79|rsrq=-11|snr=-6,-79,-11,-6,2,1,0.00132450331126,0.00132275132275
Netflix,rsrp=-80|rsrq=-10|snr=-4,-80,-10,-4,2,1,0.00132450331126,0.00132275132275
Netflix,rsrp=-80|rsrq=-10|snr=4,-80,-10,4,2,1,0.00132450331126,0.00132275132275
Netflix,rsrp=-80|rsrq=-10|snr=5,-80,-10,5,2,1,0.00132450331126,0.00132275132275
Netflix,rsrp=-80|rsrq=-11|snr=-3,-80,-11,-3,2,1,0.00132450331126,0.00132275132275
Netflix,rsrp=-80|rsrq=-11|snr=-4,-80,-11,-4,2,1,0.00132450331126,0.00132275132275
Netflix,rsrp=-80|rsrq=-13|snr=-1,-80,-13,-1,2,1,0.00132450331126,0.00132275132275
Netflix,rsrp=-80|rsrq=-13|snr=2,-80,-13,2,2,1,0.00132450331126,0.00132275132275
Netflix,rsrp=-80|rsrq=-14|snr=-1,-80,-14,-1,2,1,0.00132450331126,0.00132275132275
Netflix,rsrp=-80|rsrq=-16|snr=1,-80,-16,1,2,1,0.00132450331126,0.00132275132275
Netflix,rsrp=-80|rsrq=-16|snr=3,-80,-16,3,2,1,0.00132450331126,0.00132275132275
Netflix,rsrp=-80|rsrq=-9|snr=1,-80,-9,1,2,1,0.00132450331126,0.00132275132275
Netflix,rsrp=-80|rsrq=-9|snr=5,-80,-9,5,2,1,0.00132450331126,0.00132275132275
Netflix,rsrp=-81|rsrq=-10|snr=-1,-81,-10,-1,2,1,0.00132450331126,0.00132275132275
Netflix,rsrp=-81|rsrq=-10|snr=-2,-81,-10,-2,2,1,0.00132450331126,0.00132275132275
Netflix,rsrp=-81|rsrq=-10|snr=-3,-81,-10,-3,2,1,0.00132450331126,0.00132275132275
Netflix,rsrp=-81|rsrq=-10|snr=0,-81,-10,0,2,1,0.00132450331126,0.00132275132275
Netflix,rsrp=-81|rsrq=-10|snr=6,-81,-10,6,2,1,0.00132450331126,0.00132275132275
Netflix,rsrp=-81|rsrq=-11|snr=-1,-81,-11,-1,2,1,0.00132450331126,0.00132275132275
Netflix,rsrp=-81|rsrq=-11|snr=0,-81,-11,0,2,1,0.00132450331126,0.00132275132275
Netflix,rsrp=-81|rsrq=-12|snr=1,-81,-12,1,2,1,0.00132450331126,0.00132275132275
Netflix,rsrp=-81|rsrq=-12|snr=6,-81,-12,6,2,1,0.00132450331126,0.00132275132275
Netflix,rsrp=-81|rsrq=-13|snr=-1,-81,-13,-1,2,1,0.00132450331126,0.00132275132275
Netflix,rsrp=-81|rsrq=-13|snr=2,-81,-13,2,2,1,0.00132450331126,0.00132275132275
Netflix,rsrp=-81|rsrq=-14|snr=1,-81,-14,1,2,1,0.00132450331126,0.00132275132275
Netflix,rsrp=-81|rsrq=-15|snr=0,-81,-15,0,2,1,0.00132450331126,0.00132275132275
Netflix,rsrp=-81|rsrq=-9|snr=1,-81,-9,1,2,1,0.00132450331126,0.00132275132275
Netflix,rsrp=-81|rsrq=-9|snr=2,-81,-9,2,2,1,0.00132450331126,0.00132275132275
Netflix,rsrp=-82|rsrq=-10|snr=2,-82,-10,2,2,1,0.00132450331126,0.00132275132275
Netflix,rsrp=-83|rsrq=-11|snr=3,-83,-11,3,2,1,0.00132450331126,0.00132275132275
Netflix,rsrp=-84|rsrq=-11|snr=2,-84,-11,2,2,1,0.00132450331126,0.00132275132275
Netflix,rsrp=-87|rsrq=-11|snr=2,-87,-11,2,2,1,0.00132450331126,0.00132275132275
Netflix,rsrp=-87|rsrq=-11|snr=4,-87,-11,4,2,1,0.00132450331126,0.00132275132275
Netflix,rsrp=-87|rsrq=-13|snr=-4,-87,-13,-4,2,1,0.00132450331126,0.00132275132275
Netflix,rsrp=-87|rsrq=-14|snr=5,-87,-14,5,2,1,0.00132450331126,0.00132275132275
Netflix,rsrp=-87|rsrq=-16|snr=-8,-87,-16,-8,2,1,0.00132450331126,0.00132275132275
Netflix,rsrp=-87|rsrq=-17|snr=-6,-87,-17,-6,2,1,0.00132450331126,0.00132275132275
Netflix,rsrp=-88|rsrq=-11|snr=-5,-88,-11,-5,2,1,0.00132450331126,0.00132275132275
Netflix,rsrp=-88|rsrq=-12|snr=1,-88,-12,1,2,1,0.00132450331126,0.00132275132275
Netflix,rsrp=-88|rsrq=-12|snr=4,-88,-12,4,2,1,0.00132450331126,0.00132275132275
Netflix,rsrp=-88|rsrq=-12|snr=7,-88,-12,7,2,1,0.00132450331126,0.00132275132275
Netflix,rsrp=-88|rsrq=-14|snr=2,-88,-14,2,2,1,0.00132450331126,0.00132275132275
Netflix,rsrp=-88|rsrq=-15|snr=-1,-88,-15,-1,2,1,0.00132450331126,0.00132275132275
Netflix,rsrp=-88|rsrq=-15|snr=-3,-88,-15,-3,2,1,0.00132450331126,0.00132275132275
Netflix,rsrp=-88|rsrq=-15|snr=0,-88,-15,0,2,1,0.00132450331126,0.00132275132275
Netflix,rsrp=-88|rsrq=-15|snr=4,-88,-15,4,2,1,0.00132450331126,0.00132275132275
Netflix,rsrp=-88|rsrq=-15|snr=8,-88,-15,8,2,1,0.00132450331126,0.00132275132275
Netflix,rsrp=-88|rsrq=-16|snr=-4,-88,-16,-4,2,1,0.00132450331126,0.00132275132275
Netflix,rsrp=-88|rsrq=-16|snr=-5,-88,-16,-5,2,1,0.00132450331126,0.00132275132275
Netflix,rsrp=-88|rsrq=-17|snr=-7,-88,-17,-7,2,1,0.00132450331126,0.00132275132275
Netflix,rsrp=-88|rsrq=-18|snr=-8,-88,-18,-8,2,1,0.00132450331126,0.00132275132275
Netflix,rsrp=-89|rsrq=-10|snr=6,-89,-10,6,2,1,0.00132450331126,0.00132275132275
Netflix,rsrp=-89|rsrq=-10|snr=7,-89,-10,7,2,1,0.00132450331126,0.00132275132275
Netflix,rsrp=-89|rsrq=-11|snr=-7,-89,-11,-7,2,1,0.00132450331126,0.00132275132275
Netflix,rsrp=-89|rsrq=-11|snr=0,-89,-11,0,2,1,0.00132450331126,0.00132275132275
Netflix,rsrp=-89|rsrq=-11|snr=3,-89,-11,3,2,1,0.00132450331126,0.00132275132275
Netflix,rsrp=-89|rsrq=-11|snr=4,-89,-11,4,2,1,0.00132450331126,0.00132275132275
Netflix,rsrp=-89|rsrq=-11|snr=6,-89,-11,6,2,1,0.00132450331126,0.00132275132275
Netflix,rsrp=-89|rsrq=-12|snr=-1,-89,-12,-1,2,1,0.00132450331126,0.00132275132275
Netflix,rsrp=-89|rsrq=-12|snr=2,-89,-12,2,2,1,0.00132450331126,0.00132275132275
Netflix,rsrp=-89|rsrq=-12|snr=5,-89,-12,5,2,1,0.00132450331126,0.00132275132275
Netflix,rsrp=-89|rsrq=-13|snr=0,-89,-13,0,2,1,0.00132450331126,0.00132275132275
Netflix,rsrp=-89|rsrq=-13|snr=2,-89,-13,2,2,1,0.00132450331126,0.00132275132275
Netflix,rsrp=-89|rsrq=-13|snr=3,-89,-13,3,2,1,0.00132450331126,0.00132275132275
Netflix,rsrp=-89|rsrq=-13|snr=8,-89,-13,8,2,1,0.00132450331126,0.00132275132275
Netflix,rsrp=-89|rsrq=-14|snr=-2,-89,-14,-2,2,1,0.00132450331126,0.00132275132275
Netflix,rsrp=-89|rsrq=-14|snr=-3,-89,-14,-3,2,1,0.00132450331126,0.00132275132275
Netflix,rsrp=-89|rsrq=-14|snr=-6,-89,-14,-6,2,1,0.00132450331126,0.00132275132275
Netflix,rsrp=-89|rsrq=-14|snr=-7,-89,-14,-7,2,1,0.00132450331126,0.00132275132275
Netflix,rsrp=-89|rsrq=-15|snr=-4,-89,-15,-4,2,1,0.00132450331126,0.00132275132275
Netflix,rsrp=-89|rsrq=-15|snr=-6,-89,-15,-6,2,1,0.00132450331126,0.00132275132275
Netflix,rsrp=-89|rsrq=-15|snr=-7,-89,-15,-7,2,1,0.00132450331126,0.00132275132275
Netflix,rsrp=-89|rsrq=-15|snr=-8,-89,-15,-8,2,1,0.00132450331126,0.00132275132275
Netflix,rsrp=-89|rsrq=-15|snr=0,-89,-15,0,2,1,0.00132450331126,0.00132275132275
Netflix,rsrp=-89|rsrq=-15|snr=1,-89,-15,1,2,1,0.00132450331126,0.00132275132275
Netflix,rsrp=-89|rsrq=-15|snr=2,-89,-15,2,2,1,0.00132450331126,0.00132275132275
Netflix,rsrp=-89|rsrq=-15|snr=7,-89,-15,7,2,1,0.00132450331126,0.00132275132275
Netflix,rsrp=-89|rsrq=-16|snr=-5,-89,-16,-5,2,1,0.00132450331126,0.00132275132275
Netflix,rsrp=-89|rsrq=-16|snr=-8,-89,-16,-8,2,1,0.00132450331126,0.00132275132275
Netflix,rsrp=-89|rsrq=-16|snr=5,-89,-16,5,2,1,0.00132450331126,0.00132275132275
Netflix,rsrp=-89|rsrq=-16|snr=6,-89,-16,6,2,1,0.00132450331126,0.00132275132275
Netflix,rsrp=-89|rsrq=-16|snr=7,-89,-16,7,2,1,0.00132450331126,0.00132275132275
Netflix,rsrp=-89|rsrq=-17|snr=-4,-89,-17,-4,2,1,0.00132450331126,0.00132275132275
Netflix,rsrp=-89|rsrq=-17|snr=-5,-89,-17,-5,2,1,0.00132450331126,0.00132275132275
Netflix,rsrp=-90|rsrq=-10|snr=-1,-90,-10,-1,2,1,0.00132450331126,0.00132275132275
Netflix,rsrp=-90|rsrq=-10|snr=2,-90,-10,2,2,1,0.00132450331126,0.00132275132275
Netflix,rsrp=-90|rsrq=-11|snr=-7,-90,-11,-7,2,1,0.00132450331126,0.00132275132275
Netflix,rsrp=-90|rsrq=-11|snr=4,-90,-11,4,2,1,0.00132450331126,0.00132275132275
Netflix,rsrp=-90|rsrq=-11|snr=6,-90,-11,6,2,1,0.00132450331126,0.00132275132275
Netflix,rsrp=-90|rsrq=-12|snr=1,-90,-12,1,2,1,0.00132450331126,0.00132275132275
Netflix,rsrp=-90|rsrq=-12|snr=3,-90,-12,3,2,1,0.00132450331126,0.00132275132275
Netflix,rsrp=-90|rsrq=-13|snr=-3,-90,-13,-3,2,1,0.00132450331126,0.00132275132275
Netflix,rsrp=-90|rsrq=-13|snr=2,-90,-13,2,2,1,0.00132450331126,0.00132275132275
Netflix,rsrp=-90|rsrq=-13|snr=4,-90,-13,4,2,1,0.00132450331126,0.00132275132275
Netflix,rsrp=-90|rsrq=-13|snr=5,-90,-13,5,2,1,0.00132450331126,0.00132275132275
Netflix,rsrp=-90|rsrq=-14|snr=3,-90,-14,3,2,1,0.00132450331126,0.00132275132275
Netflix,rsrp=-90|rsrq=-15|snr=-2,-90,-15,-2,2,1,0.00132450331126,0.00132275132275
Netflix,rsrp=-90|rsrq=-15|snr=-3,-90,-15,-3,2,1,0.00132450331126,0.00132275132275
Netflix,rsrp=-90|rsrq=-15|snr=0,-90,-15,0,2,1,0.00132450331126,0.00132275132275
Netflix,rsrp=-90|rsrq=-15|snr=2,-90,-15,2,2,1,0.00132450331126,0.00132275132275
Netflix,rsrp=-90|rsrq=-15|snr=4,-90,-15,4,2,1,0.00132450331126,0.00132275132275
Netflix,rsrp=-90|rsrq=-16|snr=-4,-90,-16,-4,2,1,0.00132450331126,0.00132275132275
Netflix,rsrp=-90|rsrq=-16|snr=-5,-90,-16,-5,2,1,0.00132450331126,0.00132275132275
Netflix,rsrp=-90|rsrq=-16|snr=-6,-90,-16,-6,2,1,0.00132450331126,0.00132275132275
Netflix,rsrp=-90|rsrq=-16|snr=0,-90,-16,0,2,1,0.00132450331126,0.00132275132275
Netflix,rsrp=-90|rsrq=-16|snr=6,-90,-16,6,2,1,0.00132450331126,0.00132275132275
Netflix,rsrp=-90|rsrq=-17|snr=-1,-90,-17,-1,2,1,0.00132450331126,0.00132275132275
Netflix,rsrp=-90|rsrq=-19|snr=-7,-90,-19,-7,2,1,0.00132450331126,0.00132275132275
Netflix,rsrp=-91|rsrq=-10|snr=-1,-91,-10,-1,2,1,0.00132450331126,0.00132275132275
Netflix,rsrp=-91|rsrq=-10|snr=0,-91,-10,0,2,1,0.00132450331126,0.00132275132275
Netflix,rsrp=-91|rsrq=-10|snr=2,-91,-10,2,2,1,0.00132450331126,0.00132275132275
Netflix,rsrp=-91|rsrq=-11|snr=-1,-91,-11,-1,2,1,0.00132450331126,0.00132275132275
Netflix,rsrp=-91|rsrq=-11|snr=0,-91,-11,0,2,1,0.00132450331126,0.00132275132275
Netflix,rsrp=-91|rsrq=-11|snr=4,-91,-11,4,2,1,0.00132450331126,0.00132275132275
Netflix,rsrp=-91|rsrq=-11|snr=5,-91,-11,5,2,1,0.00132450331126,0.00132275132275
Netflix,rsrp=-91|rsrq=-12|snr=-2,-91,-12,-2,2,1,0.00132450331126,0.00132275132275
Netflix,rsrp=-91|rsrq=-12|snr=0,-91,-12,0,2,1,0.00132450331126,0.00132275132275
Netflix,rsrp=-91|rsrq=-12|snr=2,-91,-12,2,2,1,0.00132450331126,0.00132275132275
Netflix,rsrp=-91|rsrq=-12|snr=4,-91,-12,4,2,1,0.00132450331126,0.00132275132275
Netflix,rsrp=-91|rsrq=-12|snr=6,-91,-12,6,2,1,0.00132450331126,0.00132275132275
Netflix,rsrp=-91|rsrq=-13|snr=-10,-91,-13,-10,2,1,0.00132450331126,0.00132275132275
Netflix,rsrp=-91|rsrq=-13|snr=-4,-91,-13,-4,2,1,0.00132450331126,0.00132275132275
Netflix,rsrp=-91|rsrq=-13|snr=-5,-91,-13,-5,2,1,0.00132450331126,0.00132275132275
Netflix,rsrp=-91|rsrq=-13|snr=3,-91,-13,3,2,1,0.00132450331126,0.00132275132275
Netflix,rsrp=-91|rsrq=-13|snr=6,-91,-13,6,2,1,0.00132450331126,0.00132275132275
Netflix,rsrp=-91|rsrq=-14|snr=-3,-91,-14,-3,2,1,0.00132450331126,0.00132275132275
Netflix,rsrp=-91|rsrq=-14|snr=-6,-91,-14,-6,2,1,0.00132450331126,0.00132275132275
Netflix,rsrp=-91|rsrq=-14|snr=-9,-91,-14,-9,2,1,0.00132450331126,0.00132275132275
Netflix,rsrp=-91|rsrq=-14|snr=0,-91,-14,0,2,1,0.00132450331126,0.00132275132275
Netflix,rsrp=-91|rsrq=-14|snr=1,-91,-14,1,2,1,0.00132450331126,0.00132275132275
Netflix,rsrp=-91|rsrq=-14|snr=5,-91,-14,5,2,1,0.00132450331126,0.00132275132275
Netflix,rsrp=-91|rsrq=-15|snr=-9,-91,-15,-9,2,1,0.00132450331126,0.00132275132275
Netflix,rsrp=-91|rsrq=-15|snr=0,-91,-15,0,2,1,0.00132450331126,0.00132275132275
Netflix,rsrp=-91|rsrq=-15|snr=3,-91,-15,3,2,1,0.00132450331126,0.00132275132275
Netflix,rsrp=-91|rsrq=-15|snr=5,-91,-15,5,2,1,0.00132450331126,0.00132275132275
Netflix,rsrp=-91|rsrq=-15|snr=6,-91,-15,6,2,1,0.00132450331126,0.00132275132275
Netflix,rsrp=-91|rsrq=-16|snr=-10,-91,-16,-10,2,1,0.00132450331126,0.00132275132275
Netflix,rsrp=-91|rsrq=-16|snr=-7,-91,-16,-7,2,1,0.00132450331126,0.00132275132275
Netflix,rsrp=-91|rsrq=-16|snr=0,-91,-16,0,2,1,0.00132450331126,0.00132275132275
Netflix,rsrp=-91|rsrq=-16|snr=1,-91,-16,1,2,1,0.00132450331126,0.00132275132275
Netflix,rsrp=-91|rsrq=-17|snr=-13,-91,-17,-13,2,1,0.00132450331126,0.00132275132275
Netflix,rsrp=-91|rsrq=-18|snr=-12,-91,-18,-12,2,1,0.00132450331126,0.00132275132275
Netflix,rsrp=-92|rsrq=-11|snr=0,-92,-11,0,2,1,0.00132450331126,0.00132275132275
Netflix,rsrp=-92|rsrq=-11|snr=2,-92,-11,2,2,1,0.00132450331126,0.00132275132275
Netflix,rsrp=-92|rsrq=-11|snr=4,-92,-11,4,2,1,0.00132450331126,0.00132275132275
Netflix,rsrp=-92|rsrq=-12|snr=-1,-92,-12,-1,2,1,0.00132450331126,0.00132275132275
Netflix,rsrp=-92|rsrq=-12|snr=-11,-92,-12,-11,2,1,0.00132450331126,0.00132275132275
Netflix,rsrp=-92|rsrq=-12|snr=-2,-92,-12,-2,2,1,0.00132450331126,0.00132275132275
Netflix,rsrp=-92|rsrq=-12|snr=-4,-92,-12,-4,2,1,0.00132450331126,0.00132275132275
Netflix,rsrp=-92|rsrq=-12|snr=-9,-92,-12,-9,2,1,0.00132450331126,0.00132275132275
Netflix,rsrp=-92|rsrq=-12|snr=0,-92,-12,0,2,1,0.00132450331126,0.00132275132275
Netflix,rsrp=-92|rsrq=-12|snr=2,-92,-12,2,2,1,0.00132450331126,0.00132275132275
Netflix,rsrp=-92|rsrq=-13|snr=-1,-92,-13,-1,2,1,0.00132450331126,0.00132275132275
Netflix,rsrp=-92|rsrq=-13|snr=-2,-92,-13,-2,2,1,0.00132450331126,0.00132275132275
Netflix,rsrp=-92|rsrq=-13|snr=-5,-92,-13,-5,2,1,0.00132450331126,0.00132275132275
Netflix,rsrp=-92|rsrq=-13|snr=3,-92,-13,3,2,1,0.00132450331126,0.00132275132275
Netflix,rsrp=-92|rsrq=-13|snr=4,-92,-13,4,2,1,0.00132450331126,0.00132275132275
Netflix,rsrp=-92|rsrq=-14|snr=-2,-92,-14,-2,2,1,0.00132450331126,0.00132275132275
Netflix,rsrp=-92|rsrq=-14|snr=-3,-92,-14,-3,2,1,0.00132450331126,0.00132275132275
Netflix,rsrp=-92|rsrq=-14|snr=-5,-92,-14,-5,2,1,0.00132450331126,0.00132275132275
Netflix,rsrp=-92|rsrq=-14|snr=0,-92,-14,0,2,1,0.00132450331126,0.00132275132275
Netflix,rsrp=-92|rsrq=-14|snr=1,-92,-14,1,2,1,0.00132450331126,0.00132275132275
Netflix,rsrp=-92|rsrq=-14|snr=3,-92,-14,3,2,1,0.00132450331126,0.00132275132275
Netflix,rsrp=-92|rsrq=-15|snr=-1,-92,-15,-1,2,1,0.00132450331126,0.00132275132275
Netflix,rsrp=-92|rsrq=-15|snr=-11,-92,-15,-11,2,1,0.00132450331126,0.00132275132275
Netflix,rsrp=-92|rsrq=-15|snr=-2,-92,-15,-2,2,1,0.00132450331126,0.00132275132275
Netflix,rsrp=-92|rsrq=-15|snr=1,-92,-15,1,2,1,0.00132450331126,0.00132275132275
Netflix,rsrp=-92|rsrq=-15|snr=2,-92,-15,2,2,1,0.00132450331126,0.00132275132275
Netflix,rsrp=-92|rsrq=-16|snr=-1,-92,-16,-1,2,1,0.00132450331126,0.00132275132275
Netflix,rsrp=-92|rsrq=-16|snr=-11,-92,-16,-11,2,1,0.00132450331126,0.00132275132275
Netflix,rsrp=-92|rsrq=-16|snr=-3,-92,-16,-3,2,1,0.00132450331126,0.00132275132275
Netflix,rsrp=-92|rsrq=-16|snr=-4,-92,-16,-4,2,1,0.00132450331126,0.00132275132275
Netflix,rsrp=-92|rsrq=-16|snr=-5,-92,-16,-5,2,1,0.00132450331126,0.00132275132275
Netflix,rsrp=-92|rsrq=-16|snr=-7,-92,-16,-7,2,1,0.00132450331126,0.00132275132275
Netflix,rsrp=-92|rsrq=-16|snr=1,-92,-16,1,2,1,0.00132450331126,0.00132275132275
Netflix,rsrp=-92|rsrq=-17|snr=-10,-92,-17,-10,2,1,0.00132450331126,0.00132275132275
Netflix,rsrp=-92|rsrq=-18|snr=-1,-92,-18,-1,2,1,0.00132450331126,0.00132275132275
Netflix,rsrp=-92|rsrq=-18|snr=4,-92,-18,4,2,1,0.00132450331126,0.00132275132275
Netflix,rsrp=-93|rsrq=-11|snr=2,-93,-11,2,2,1,0.00132450331126,0.00132275132275
Netflix,rsrp=-93|rsrq=-12|snr=-1,-93,-12,-1,2,1,0.00132450331126,0.00132275132275
Netflix,rsrp=-93|rsrq=-12|snr=-10,-93,-12,-10,2,1,0.00132450331126,0.00132275132275
Netflix,rsrp=-93|rsrq=-12|snr=-2,-93,-12,-2,2,1,0.00132450331126,0.00132275132275
Netflix,rsrp=-93|rsrq=-12|snr=-4,-93,-12,-4,2,1,0.00132450331126,0.00132275132275
Netflix,rsrp=-93|rsrq=-12|snr=0,-93,-12,0,2,1,0.00132450331126,0.00132275132275
Netflix,rsrp=-93|rsrq=-12|snr=2,-93,-12,2,2,1,0.00132450331126,0.00132275132275
Netflix,rsrp=-93|rsrq=-12|snr=5,-93,-12,5,2,1,0.00132450331126,0.00132275132275
Netflix,rsrp=-93|rsrq=-13|snr=-1,-93,-13,-1,2,1,0.00132450331126,0.00132275132275
Netflix,rsrp=-93|rsrq=-13|snr=-2,-93,-13,-2,2,1,0.00132450331126,0.00132275132275
Netflix,rsrp=-93|rsrq=-13|snr=0,-93,-13,0,2,1,0.00132450331126,0.00132275132275
Netflix,rsrp=-93|rsrq=-13|snr=1,-93,-13,1,2,1,0.00132450331126,0.00132275132275
Netflix,rsrp=-93|rsrq=-14|snr=-3,-93,-14,-3,2,1,0.00132450331126,0.00132275132275
Netflix,rsrp=-93|rsrq=-14|snr=-4,-93,-14,-4,2,1,0.00132450331126,0.00132275132275
Netflix,rsrp=-93|rsrq=-14|snr=1,-93,-14,1,2,1,0.00132450331126,0.00132275132275
Netflix,rsrp=-93|rsrq=-15|snr=-1,-93,-15,-1,2,1,0.00132450331126,0.00132275132275
Netflix,rsrp=-93|rsrq=-15|snr=-10,-93,-15,-10,2,1,0.00132450331126,0.00132275132275
Netflix,rsrp=-93|rsrq=-15|snr=-8,-93,-15,-8,2,1,0.00132450331126,0.00132275132275
Netflix,rsrp=-93|rsrq=-15|snr=-9,-93,-15,-9,2,1,0.00132450331126,0.00132275132275
Netflix,rsrp=-93|rsrq=-15|snr=0,-93,-15,0,2,1,0.00132450331126,0.00132275132275
Netflix,rsrp=-93|rsrq=-15|snr=1,-93,-15,1,2,1,0.00132450331126,0.00132275132275
Netflix,rsrp=-93|rsrq=-15|snr=3,-93,-15,3,2,1,0.00132450331126,0.00132275132275
Netflix,rsrp=-93|rsrq=-16|snr=-1,-93,-16,-1,2,1,0.00132450331126,0.00132275132275
Netflix,rsrp=-93|rsrq=-16|snr=-2,-93,-16,-2,2,1,0.00132450331126,0.00132275132275
Netflix,rsrp=-93|rsrq=-16|snr=-4,-93,-16,-4,2,1,0.00132450331126,0.00132275132275
Netflix,rsrp=-93|rsrq=-16|snr=-5,-93,-16,-5,2,1,0.00132450331126,0.00132275132275
Netflix,rsrp=-93|rsrq=-16|snr=0,-93,-16,0,2,1,0.00132450331126,0.00132275132275
Netflix,rsrp=-93|rsrq=-16|snr=1,-93,-16,1,2,1,0.00132450331126,0.00132275132275
Netflix,rsrp=-93|rsrq=-17|snr=-1,-93,-17,-1,2,1,0.00132450331126,0.00132275132275
Netflix,rsrp=-93|rsrq=-17|snr=-10,-93,-17,-10,2,1,0.00132450331126,0.00132275132275
Netflix,rsrp=-93|rsrq=-17|snr=3,-93,-17,3,2,1,0.00132450331126,0.00132275132275
Netflix,rsrp=-94|rsrq=-11|snr=-1,-94,-11,-1,2,1,0.00132450331126,0.00132275132275
Netflix,rsrp=-94|rsrq=-12|snr=-2,-94,-12,-2,2,1,0.00132450331126,0.00132275132275
Netflix,rsrp=-94|rsrq=-12|snr=1,-94,-12,1,2,1,0.00132450331126,0.00132275132275
Netflix,rsrp=-94|rsrq=-13|snr=-2,-94,-13,-2,2,1,0.00132450331126,0.00132275132275
Netflix,rsrp=-94|rsrq=-13|snr=-7,-94,-13,-7,2,1,0.00132450331126,0.00132275132275
Netflix,rsrp=-94|rsrq=-13|snr=1,-94,-13,1,2,1,0.00132450331126,0.00132275132275
Netflix,rsrp=-94|rsrq=-13|snr=2,-94,-13,2,2,1,0.00132450331126,0.00132275132275
Netflix,rsrp=-94|rsrq=-14|snr=-1,-94,-14,-1,2,1,0.00132450331126,0.00132275132275
Netflix,rsrp=-94|rsrq=-14|snr=-3,-94,-14,-3,2,1,0.00132450331126,0.00132275132275
Netflix,rsrp=-94|rsrq=-14|snr=1,-94,-14,1,2,1,0.00132450331126,0.00132275132275
Netflix,rsrp=-94|rsrq=-15|snr=-2,-94,-15,-2,2,1,0.00132450331126,0.00132275132275
Netflix,rsrp=-94|rsrq=-15|snr=1,-94,-15,1,2,1,0.00132450331126,0.00132275132275
Netflix,rsrp=-94|rsrq=-16|snr=-2,-94,-16,-2,2,1,0.00132450331126,0.00132275132275
Netflix,rsrp=-94|rsrq=-16|snr=-8,-94,-16,-8,2,1,0.00132450331126,0.00132275132275
Netflix,rsrp=-94|rsrq=-17|snr=0,-94,-17,0,2,1,0.00132450331126,0.00132275132275
Netflix,rsrp=-94|rsrq=-19|snr=-10,-94,-19,-10,2,1,0.00132450331126,0.00132275132275
Netflix,rsrp=-95|rsrq=-12|snr=-12,-95,-12,-12,2,1,0.00132450331126,0.00132275132275
Netflix,rsrp=-95|rsrq=-13|snr=1,-95,-13,1,2,1,0.00132450331126,0.00132275132275
Netflix,rsrp=-95|rsrq=-14|snr=-3,-95,-14,-3,2,1,0.00132450331126,0.00132275132275
Netflix,rsrp=-95|rsrq=-15|snr=-2,-95,-15,-2,2,1,0.00132450331126,0.00132275132275
Netflix,rsrp=-95|rsrq=-15|snr=-5,-95,-15,-5,2,1,0.00132450331126,0.00132275132275
Netflix,rsrp=-95|rsrq=-15|snr=-6,-95,-15,-6,2,1,0.00132450331126,0.00132275132275
Netflix,rsrp=-96|rsrq=-10|snr=6,-96,-10,6,2,1,0.00132450331126,0.00132275132275
Netflix,rsrp=-96|rsrq=-12|snr=2,-96,-12,2,2,1,0.00132450331126,0.00132275132275
Netflix,rsrp=-96|rsrq=-13|snr=-3,-96,-13,-3,2,1,0.00132450331126,0.00132275132275
Netflix,rsrp=-96|rsrq=-14|snr=0,-96,-14,0,2,1,0.00132450331126,0.00132275132275
Netflix,rsrp=-96|rsrq=-14|snr=5,-96,-14,5,2,1,0.00132450331126,0.00132275132275
Netflix,rsrp=-96|rsrq=-15|snr=-3,-96,-15,-3,2,1,0.00132450331126,0.00132275132275
Netflix,rsrp=-97|rsrq=-11|snr=7,-97,-11,7,2,1,0.00132450331126,0.00132275132275
Netflix,rsrp=-97|rsrq=-12|snr=0,-97,-12,0,2,1,0.00132450331126,0.00132275132275
Netflix,rsrp=-97|rsrq=-12|snr=1,-97,-12,1,2,1,0.00132450331126,0.00132275132275
Netflix,rsrp=-97|rsrq=-12|snr=6,-97,-12,6,2,1,0.00132450331126,0.00132275132275
Netflix,rsrp=-97|rsrq=-13|snr=-1,-97,-13,-1,2,1,0.00132450331126,0.00132275132275
Netflix,rsrp=-97|rsrq=-13|snr=-4,-97,-13,-4,2,1,0.00132450331126,0.00132275132275
Netflix,rsrp=-97|rsrq=-13|snr=0,-97,-13,0,2,1,0.00132450331126,0.00132275132275
Netflix,rsrp=-97|rsrq=-13|snr=3,-97,-13,3,2,1,0.00132450331126,0.00132275132275
Netflix,rsrp=-97|rsrq=-13|snr=5,-97,-13,5,2,1,0.00132450331126,0.00132275132275
Netflix,rsrp=-97|rsrq=-15|snr=-5,-97,-15,-5,2,1,0.00132450331126,0.00132275132275
Netflix,rsrp=-97|rsrq=-15|snr=3,-97,-15,3,2,1,0.00132450331126,0.00132275132275
Netflix,rsrp=-97|rsrq=-15|snr=4,-97,-15,4,2,1,0.00132450331126,0.00132275132275
Netflix,rsrp=-97|rsrq=-15|snr=6,-97,-15,6,2,1,0.00132450331126,0.00132275132275
Netflix,rsrp=-97|rsrq=-16|snr=-3,-97,-16,-3,2,1,0.00132450331126,0.00132275132275
Netflix,rsrp=-97|rsrq=-16|snr=0,-97,-16,0,2,1,0.00132450331126,0.00132275132275
Netflix,rsrp=-97|rsrq=-16|snr=1,-97,-16,1,2,1,0.00132450331126,0.00132275132275
Netflix,rsrp=-98|rsrq=-10|snr=2,-98,-10,2,2,1,0.00132450331126,0.00132275132275
Netflix,rsrp=-98|rsrq=-11|snr=-1,-98,-11,-1,2,1,0.00132450331126,0.00132275132275
Netflix,rsrp=-98|rsrq=-11|snr=0,-98,-11,0,2,1,0.00132450331126,0.00132275132275
Netflix,rsrp=-98|rsrq=-12|snr=-1,-98,-12,-1,2,1,0.00132450331126,0.00132275132275
Netflix,rsrp=-98|rsrq=-13|snr=-3,-98,-13,-3,2,1,0.00132450331126,0.00132275132275
Netflix,rsrp=-98|rsrq=-13|snr=0,-98,-13,0,2,1,0.00132450331126,0.00132275132275
Netflix,rsrp=-98|rsrq=-13|snr=9,-98,-13,9,2,1,0.00132450331126,0.00132275132275
Netflix,rsrp=-98|rsrq=-14|snr=0,-98,-14,0,2,1,0.00132450331126,0.00132275132275
Netflix,rsrp=-98|rsrq=-14|snr=4,-98,-14,4,2,1,0.00132450331126,0.00132275132275
Netflix,rsrp=-98|rsrq=-15|snr=-2,-98,-15,-2,2,1,0.00132450331126,0.00132275132275
Netflix,rsrp=-98|rsrq=-15|snr=11,-98,-15,11,2,1,0.00132450331126,0.00132275132275
Netflix,rsrp=-98|rsrq=-16|snr=-1,-98,-16,-1,2,1,0.00132450331126,0.00132275132275
Netflix,rsrp=-98|rsrq=-16|snr=1,-98,-16,1,2,1,0.00132450331126,0.00132275132275
Netflix,rsrp=-98|rsrq=-16|snr=2,-98,-16,2,2,1,0.00132450331126,0.00132275132275
Netflix,rsrp=-98|rsrq=-17|snr=4,-98,-17,4,2,1,0.00132450331126,0.00132275132275
Netflix,rsrp=-99|rsrq=-10|snr=1,-99,-10,1,2,1,0.00132450331126,0.00132275132275
Netflix,rsrp=-99|rsrq=-10|snr=8,-99,-10,8,2,1,0.00132450331126,0.00132275132275
Netflix,rsrp=-99|rsrq=-11|snr=-3,-99,-11,-3,2,1,0.00132450331126,0.00132275132275
Netflix,rsrp=-99|rsrq=-11|snr=-5,-99,-11,-5,2,1,0.00132450331126,0.00132275132275
Netflix,rsrp=-99|rsrq=-11|snr=0,-99,-11,0,2,1,0.00132450331126,0.00132275132275
Netflix,rsrp=-99|rsrq=-11|snr=5,-99,-11,5,2,1,0.00132450331126,0.00132275132275
Netflix,rsrp=-99|rsrq=-12|snr=-1,-99,-12,-1,2,1,0.00132450331126,0.00132275132275
Netflix,rsrp=-99|rsrq=-12|snr=-2,-99,-12,-2,2,1,0.00132450331126,0.00132275132275
Netflix,rsrp=-99|rsrq=-12|snr=-4,-99,-12,-4,2,1,0.00132450331126,0.00132275132275
Netflix,rsrp=-99|rsrq=-12|snr=0,-99,-12,0,2,1,0.00132450331126,0.00132275132275
Netflix,rsrp=-99|rsrq=-12|snr=2,-99,-12,2,2,1,0.00132450331126,0.00132275132275
Netflix,rsrp=-99|rsrq=-12|snr=3,-99,-12,3,2,1,0.00132450331126,0.00132275132275
Netflix,rsrp=-99|rsrq=-12|snr=5,-99,-12,5,2,1,0.00132450331126,0.00132275132275
Netflix,rsrp=-99|rsrq=-14|snr=-2,-99,-14,-2,2,1,0.00132450331126,0.00132275132275
Netflix,rsrp=-99|rsrq=-14|snr=0,-99,-14,0,2,1,0.00132450331126,0.00132275132275
Netflix,rsrp=-99|rsrq=-14|snr=11,-99,-14,11,2,1,0.00132450331126,0.00132275132275
Netflix,rsrp=-99|rsrq=-9|snr=-5,-99,-9,-5,2,1,0.00132450331126,0.00132275132275
Netflix,rsrp=-99|rsrq=-9|snr=11,-99,-9,11,2,1,0.00132450331126,0.00132275132275
Netflix,rsrp=-99|rsrq=-9|snr=4,-99,-9,4,2,1,0.00132450331126,0.00132275132275
Netflix,rsrp=-100|rsrq=-13|snr=1,-100,-13,1,1,1,0.000662251655629,0.000665335994677
Netflix,rsrp=-106|rsrq=-13|snr=6,-106,-13,6,1,1,0.000662251655629,0.000665335994677
Netflix,rsrp=-86|rsrq=-16|snr=2,-86,-16,2,1,1,0.000662251655629,0.000661375661376
Netflix,rsrp=-89|rsrq=-16|snr=1,-89,-16,1,1,1,0.000662251655629,0.000661375661376
Netflix,rsrp=-90|rsrq=-14|snr=-1,-90,-14,-1,1,1,0.000662251655629,0.000661375661376
Netflix,rsrp=-96|rsrq=-13|snr=-4,-96,-13,-4,1,1,0.000662251655629,0.000661375661376
Netflix,rsrp=-98|rsrq=-12|snr=7,-98,-12,7,1,1,0.000662251655629,0.000661375661376
