fold_id,holdout_session_id,candidate_id,states,emission,model_eligible,predictive_log_score_per_row,supported_position_fraction,joint_reference_p90,temporal_reference_p90,joint_mmd_squared_mean,joint_mmd_squared_median,joint_mmd_squared_p10,joint_mmd_squared_p90,temporal_error_mean,temporal_error_median,temporal_error_p10,temporal_error_p90
fold_1_corrected_test_1_ASUS,corrected_test_1_ASUS,paired_moving_block_bootstrap,0,empirical_paired_blocks,True,,1,0.0127442038363,0.0714299746831,0.0136218183577,0.0128558440633,0.00500266529986,0.0224101632856,0.111326519681,0.110301244545,0.0845305878059,0.14154916884
fold_1_corrected_test_1_ASUS,corrected_test_1_ASUS,gaussian_1state,1,multivariate_gaussian_db,True,-4.4299482413,1,0.0127442038363,0.0714299746831,0.0112253133268,0.0109331373916,0.00664871294288,0.0165738762213,0.298994581183,0.298140643548,0.269923536344,0.330744618718
fold_1_corrected_test_1_ASUS,corrected_test_1_ASUS,gaussian_2state,2,multivariate_gaussian_db,True,-4.39891808863,1,0.0127442038363,0.0714299746831,0.0114717040631,0.0106966775568,0.00673265017314,0.0188112610217,0.270107392915,0.268980526646,0.238599450667,0.30252839875
fold_1_corrected_test_1_ASUS,corrected_test_1_ASUS,student_t_1state,1,multivariate_student_t_db,True,-4.48416248187,1,0.0127442038363,0.0714299746831,0.010799730319,0.01106018938,0.00670331275729,0.0150157892432,0.324155188732,0.321200570107,0.285134559783,0.363721109985
fold_1_corrected_test_1_ASUS,corrected_test_1_ASUS,student_t_2state,2,multivariate_student_t_db,True,-4.2822080433,1,0.0127442038363,0.0714299746831,0.0120094179414,0.0105288005206,0.005617397659,0.0200847026372,0.211389491049,0.207265499613,0.18280696251,0.251327165041
fold_1_corrected_test_1_ASUS,corrected_test_1_ASUS,gamma_gaussian_1state,1,gamma_relative_power_gaussian_sinr,True,-4.72805162488,1,0.0127442038363,0.0714299746831,0.0181797394099,0.0179996399314,0.0125927804859,0.0233610272773,0.305827024975,0.306521432719,0.276046306899,0.334051811429
fold_1_corrected_test_1_ASUS,corrected_test_1_ASUS,gamma_gaussian_2state,2,gamma_relative_power_gaussian_sinr,True,-4.3115315588,1,0.0127442038363,0.0714299746831,0.0142693788629,0.0128911186085,0.00774253065941,0.0220038430998,0.198328860249,0.19485706298,0.175925424423,0.223493483412
fold_2_corrected_test_2_ASUS,corrected_test_2_ASUS,paired_moving_block_bootstrap,0,empirical_paired_blocks,True,,1,0.00763886026834,0.0660629879133,0.0129290915727,0.0122102032191,0.00773454682596,0.0196697358959,0.0749247698702,0.0749426863149,0.0531890065889,0.0943967905657
fold_2_corrected_test_2_ASUS,corrected_test_2_ASUS,gaussian_1state,1,multivariate_gaussian_db,True,-5.87561438272,1,0.00763886026834,0.0660629879133,0.0109163266549,0.0106672679302,0.00757837104598,0.0143843170659,0.214813053984,0.213308062153,0.181822747077,0.251203103208
fold_2_corrected_test_2_ASUS,corrected_test_2_ASUS,gaussian_2state,2,multivariate_gaussian_db,True,-5.76118686978,1,0.00763886026834,0.0660629879133,0.0126542921481,0.0124174597427,0.00749274585867,0.0178427383278,0.155767646503,0.15633729469,0.127474747555,0.185008613478
fold_2_corrected_test_2_ASUS,corrected_test_2_ASUS,student_t_1state,1,multivariate_student_t_db,True,-5.61206471332,1,0.00763886026834,0.0660629879133,0.0125468035314,0.0121672741521,0.00894514573424,0.0165010202632,0.24919381635,0.251328610356,0.214744304684,0.284841799237
fold_2_corrected_test_2_ASUS,corrected_test_2_ASUS,student_t_2state,2,multivariate_student_t_db,True,-5.42018302089,1,0.00763886026834,0.0660629879133,0.0129957786239,0.0125480427252,0.00790557804514,0.0185780551167,0.155787382574,0.154652689609,0.126755509976,0.185170429739
fold_2_corrected_test_2_ASUS,corrected_test_2_ASUS,gamma_gaussian_1state,1,gamma_relative_power_gaussian_sinr,True,-6.2208003801,1,0.00763886026834,0.0660629879133,0.0199712325917,0.0195587602386,0.015520279397,0.0256524300399,0.224952490131,0.225033770152,0.197022502861,0.255149586961
fold_2_corrected_test_2_ASUS,corrected_test_2_ASUS,gamma_gaussian_2state,2,gamma_relative_power_gaussian_sinr,True,-5.92834807494,1,0.00763886026834,0.0660629879133,0.015071121905,0.0143168834165,0.0102228372251,0.0213918267742,0.138781019806,0.137214464067,0.115233028471,0.162368917369
fold_3_corrected_test_3_ASUS,corrected_test_3_ASUS,paired_moving_block_bootstrap,0,empirical_paired_blocks,True,,1,0.0171550033149,0.0601614236483,0.00563457246692,0.00512902802843,0.00288877239898,0.00901139591086,0.0920700097272,0.0924147158028,0.0707871643776,0.111472541204
fold_3_corrected_test_3_ASUS,corrected_test_3_ASUS,gaussian_1state,1,multivariate_gaussian_db,True,-4.39559838823,1,0.0171550033149,0.0601614236483,0.00401048805744,0.00366974254969,0.00243164777716,0.00579721067692,0.282124774252,0.281922953301,0.249932978799,0.314398718552
fold_3_corrected_test_3_ASUS,corrected_test_3_ASUS,gaussian_2state,2,multivariate_gaussian_db,True,-4.23678004764,1,0.0171550033149,0.0601614236483,0.00613704873558,0.00564396745281,0.00295551450804,0.00973494208336,0.23427162601,0.231709387134,0.204343119582,0.265532410562
fold_3_corrected_test_3_ASUS,corrected_test_3_ASUS,student_t_1state,1,multivariate_student_t_db,True,-4.38956149848,1,0.0171550033149,0.0601614236483,0.00498647468791,0.00470609968414,0.00322319139842,0.00738344220503,0.308724968414,0.305805108642,0.267032162805,0.355204609367
fold_3_corrected_test_3_ASUS,corrected_test_3_ASUS,student_t_2state,2,multivariate_student_t_db,True,-4.28059187596,1,0.0171550033149,0.0601614236483,0.00666953631236,0.00635643322082,0.00322308822115,0.0112116695235,0.196690297175,0.19433924803,0.165008728322,0.229491101711
fold_3_corrected_test_3_ASUS,corrected_test_3_ASUS,gamma_gaussian_1state,1,gamma_relative_power_gaussian_sinr,True,-4.77461545473,1,0.0171550033149,0.0601614236483,0.0130943819374,0.0128318612305,0.00980215588639,0.0168874696776,0.289889333232,0.288901575995,0.26078311791,0.32091431319
fold_3_corrected_test_3_ASUS,corrected_test_3_ASUS,gamma_gaussian_2state,2,gamma_relative_power_gaussian_sinr,True,-4.47431977826,1,0.0171550033149,0.0601614236483,0.00771635114647,0.00756237361445,0.00490654312716,0.0111497068434,0.177079798415,0.178266794758,0.158054856189,0.198115932344
fold_4_corrected_test_4_ASUS,corrected_test_4_ASUS,paired_moving_block_bootstrap,0,empirical_paired_blocks,True,,1,0.0121429755566,0.0725421745506,0.0117351394301,0.0109707208226,0.00619550995236,0.018226763147,0.11176832418,0.106533168562,0.0834464660725,0.149872885268
fold_4_corrected_test_4_ASUS,corrected_test_4_ASUS,gaussian_1state,1,multivariate_gaussian_db,True,-4.404888542,1,0.0121429755566,0.0725421745506,0.0106064504581,0.00954261210008,0.00619525647795,0.0155112273699,0.308860845627,0.307278890333,0.27325506954,0.348221066009
fold_4_corrected_test_4_ASUS,corrected_test_4_ASUS,gaussian_2state,2,multivariate_gaussian_db,True,-4.27357358171,1,0.0121429755566,0.0725421745506,0.0129547804408,0.0128845245759,0.0073569750162,0.0178278378899,0.226075038466,0.224700456261,0.200485084577,0.252475609242
fold_4_corrected_test_4_ASUS,corrected_test_4_ASUS,student_t_1state,1,multivariate_student_t_db,True,-4.43482861154,1,0.0121429755566,0.0725421745506,0.00979334556907,0.00946696093948,0.00576277243647,0.0142520140585,0.331925977622,0.331307316308,0.289723222292,0.37190747084
fold_4_corrected_test_4_ASUS,corrected_test_4_ASUS,student_t_2state,2,multivariate_student_t_db,True,-4.30477873563,1,0.0121429755566,0.0725421745506,0.0117322804091,0.0107350236789,0.00532006451513,0.0190161103417,0.209242775654,0.205266459069,0.17440244281,0.250368437269
fold_4_corrected_test_4_ASUS,corrected_test_4_ASUS,gamma_gaussian_1state,1,gamma_relative_power_gaussian_sinr,True,-4.6658700313,1,0.0121429755566,0.0725421745506,0.0178751167056,0.0174930420329,0.0128822528448,0.0241997278704,0.319818535317,0.321355309023,0.290682744199,0.34555536441
fold_4_corrected_test_4_ASUS,corrected_test_4_ASUS,gamma_gaussian_2state,2,gamma_relative_power_gaussian_sinr,True,-4.36276404721,1,0.0121429755566,0.0725421745506,0.0126696139501,0.011379414623,0.00651551707993,0.0223507409273,0.194841645722,0.19204437261,0.170949760772,0.220866872413
fold_5_corrected_test_5_ASUS,corrected_test_5_ASUS,paired_moving_block_bootstrap,0,empirical_paired_blocks,True,,1,0.0172776168671,0.0497179441115,0.00823661036174,0.00796236436897,0.00472772061337,0.0121609005277,0.154653417912,0.153145888448,0.126746461527,0.185978964431
fold_5_corrected_test_5_ASUS,corrected_test_5_ASUS,gaussian_1state,1,multivariate_gaussian_db,True,-4.39533484633,1,0.0172776168671,0.0497179441115,0.00634397983209,0.00549882336383,0.00407604271244,0.00912297447078,0.337944661564,0.336852963823,0.305775161691,0.372072774311
fold_5_corrected_test_5_ASUS,corrected_test_5_ASUS,gaussian_2state,2,multivariate_gaussian_db,True,-4.22755462771,1,0.0172776168671,0.0497179441115,0.00820773030957,0.00735645813053,0.00389973291448,0.014076711858,0.254319740663,0.253336833452,0.218474039828,0.291487593827
fold_5_corrected_test_5_ASUS,corrected_test_5_ASUS,student_t_1state,1,multivariate_student_t_db,True,-4.41520547647,1,0.0172776168671,0.0497179441115,0.00660199266826,0.00634027828513,0.00445822622019,0.00943951908161,0.359773544778,0.360391974871,0.319166703846,0.399377704741
fold_5_corrected_test_5_ASUS,corrected_test_5_ASUS,student_t_2state,2,multivariate_student_t_db,True,-4.22801083675,1,0.0172776168671,0.0497179441115,0.0080933737667,0.00726330548775,0.00457406209585,0.0123413908877,0.247421600663,0.248036605604,0.207111991483,0.287533492836
fold_5_corrected_test_5_ASUS,corrected_test_5_ASUS,gamma_gaussian_1state,1,gamma_relative_power_gaussian_sinr,True,-4.65111231271,1,0.0172776168671,0.0497179441115,0.0143593815768,0.0139951663069,0.0103349792472,0.0201287213257,0.346554450251,0.346862184206,0.31578204952,0.377116895218
fold_5_corrected_test_5_ASUS,corrected_test_5_ASUS,gamma_gaussian_2state,2,gamma_relative_power_gaussian_sinr,True,-4.26008380255,1,0.0172776168671,0.0497179441115,0.00952397733976,0.00921327705846,0.00515437007199,0.0142505851907,0.227540598794,0.227163609148,0.19939129048,0.255943663677
