role,path,sha256
phase3k_config,configs/upv_phase3k_test6_validation_v1.yaml,146641ec9259e2017e0b8701be21845891b73b7870dacf113d82320051e1d674
frozen_input_01,configs/upv_phase3d_radio_process_v1.yaml,d96f97425d47fe0e4b1238780c8d2a082d26adc28864105fbd73fafd6e8b26a7
frozen_input_02,configs/upv_phase3j_full_trace_v1.yaml,47fd0b90363a254a456ade605a022b4240dc914f22f2d5eb2f56905ff396d45b
frozen_input_03,pyproject.toml,620973b2932dc18945ee55a6e6d07913c4020a304c426a38d7d61ec3975e3eb0
frozen_input_04,uv.lock,9b51eeac1a9b0e791421723ef962fd2420ff9d6606d338515d4c0609271470f5
frozen_input_05,/Users/ghinwaismail/Projects/oai-5g-ric-phase3c/bin/run-phase3j-full-trace.py,1b9b71c41d04948e577ed50bdce73b04b8cfd9b296837d124a172753f77b4630
frozen_input_06,/Users/ghinwaismail/Projects/oai-5g-ric-phase3c/bin/run-phase3i-short-trace.py,c549243e1eb0aa849e9e61830c501b005d02caac95bd5787745d4e8d374c5620
phase3j_protocol_checksums,manifests/upv_phase3j_full_trace_v1/SHA256SUMS.json,f44eeb7816fd48aa80949be79b277dd599befb11eb7ed13dd273a01c127ad65d
phase3j_result_checksums,manifests/upv_phase3j_full_trace_result_v1/SHA256SUMS.json,5015e6fd726f2d4997efe0c5cfae581e19628d0e4622628f9b2ff4a5992945b0
