command_index,trace_row_index,trace_time_bin,trace_t_s,target_relative_rsrp_db,target_sinr_db,projected_relative_rsrp_db,projected_sinr_db,commanded_gain_db,commanded_noise_power_db,clipped,clipping_distance_scaled,triangle_index,vertex_0,vertex_1,vertex_2,barycentric_0,barycentric_1,barycentric_2
0,0,0,0,2.8,18.3,2.8,18.3,-7.133590637,-25.191376351,False,0,11,11,8,9,0.216602340654,0.208193677554,0.575203981792
1,1,1,1,3.05,17.2,3.05,17.2,-6.911845894,-23.815166716,False,0,12,9,17,11,0.674565120965,0.106792705141,0.218642173894
2,2,2,2,1.8,14.05,1.8,14.05,-8.254703293,-21.839262061,False,0,26,10,7,16,0.872648353707,0.0469826769253,0.0803689693682
3,3,3,3,1.2,13.6,1.2,13.6,-8.86689199,-22.169997625,False,0,27,6,7,10,0.0566658750635,0.376780119769,0.566554005168
4,4,4,4,2.55,16.4,2.55,16.4,-7.435098361,-23.445059902,False,0,12,9,17,11,0.75273381713,0.212081546456,0.0351846364133
5,5,5,5,2.65,15.6,2.65,15.6,-7.363962186,-22.494581017,False,0,24,17,9,10,0.3180189069,0.588885548185,0.093095544915
6,6,6,6,3.3,14.75,3.3,14.75,-6.754575743,-20.93758908,False,0,12,9,17,11,0.402002369775,0.573283131919,0.0247144983054
7,7,7,7,2.55,14.75,2.55,14.75,-7.486759374,-21.710050227,False,0,24,17,9,10,0.256620313054,0.245510493172,0.497869193775
8,8,8,8,2.9,15.3,2.9,15.3,-7.129417692,-21.921099036,False,0,24,17,9,10,0.435291153938,0.554087884032,0.0106209620303
9,9,9,9,3,14.1,3,14.1,-7.067865607,-20.562801637,False,0,24,17,9,10,0.466067196429,0.142356807723,0.391575995848
10,10,10,10,2.75,15.4,2.75,15.4,-7.272534441,-22.181565661,False,0,24,17,9,10,0.363732779321,0.545498926179,0.0907682944997
11,11,11,11,2.6,14.75,2.6,14.75,-7.438057935,-21.658070754,False,0,24,17,9,10,0.280971032257,0.260651627599,0.458377340144
12,12,12,12,2.35,12.45,2.35,12.45,-7.8015685,-19.703867484,False,0,25,16,17,10,0.316544919398,0.415760669228,0.267694411375
13,13,13,13,2.55,13.8,2.55,13.8,-7.523228072,-20.746997269,False,0,25,16,17,10,0.0499098123659,0.288295776502,0.661794411132
14,14,14,14,2.25,12.95,2.25,12.95,-7.872115146,-20.286304898,False,0,25,16,17,10,0.242987565854,0.306929992656,0.45008244149
15,15,15,15,2.5,13.15,2.5,13.15,-7.611064128,-20.192597188,False,0,25,16,17,10,0.171588511214,0.366056447273,0.462355041513
16,16,16,16,2.7,14.45,2.7,14.45,-7.349617757,-21.240527194,False,0,24,17,9,10,0.325191121685,0.180430560164,0.494378318152
17,17,17,17,2.2,12.95,2.2,12.95,-7.921989229,-20.342629497,False,0,25,16,17,10,0.250224826754,0.289230212441,0.460544960804
18,18,18,18,2.6,13.7,2.6,13.7,-7.479194293,-20.596715027,False,0,25,16,17,10,0.0602789265344,0.320681779946,0.61903929352
19,19,19,19,2.9,15.1,2.9,15.1,-7.135392824,-21.712042628,False,0,24,17,9,10,0.432303587952,0.480418993171,0.0872774188768
20,20,20,20,2.65,16.9,2.65,16.9,-7.31799837,-23.884447775,False,0,12,9,17,11,0.764953641776,0.129091901657,0.105954456566
21,21,21,21,2.15,15.55,2.15,15.55,-7.852470353,-22.96211165,False,0,24,17,9,10,0.0737648233705,0.419056981194,0.507178195436
22,22,22,22,1.4,16.35,1.4,16.35,-8.573618442,-24.548729482,False,0,28,10,9,6,0.150423505948,0.562767273179,0.286809220873
23,23,23,23,1.3,15.95,1.3,15.95,-8.685812938,-24.22884482,False,0,28,10,9,6,0.257051726779,0.400041804174,0.342906469047
24,24,24,24,3,17.35,3,17.35,-6.955749422,-24.025315733,False,0,12,9,17,11,0.701224107323,0.0754264963217,0.223349396355
25,25,25,25,1.75,17.85,1.75,17.85,-8.187802225,-25.756744261,False,0,14,8,5,9,0.158346974584,0.0939011123587,0.747751913057
26,26,26,26,2.25,15.7,2.25,15.7,-7.750586127,-23.01494501,False,0,24,17,9,10,0.124706936266,0.504590918195,0.370702145539
27,27,27,27,-2.8,14.3,-2.8,14.3,-12.824128913,-26.833653528,False,0,23,1,3,2,0.206032228374,0.526136976182,0.267830795444
28,28,28,28,-2.05,18.95,-2.05,18.95,-11.969130307,-30.751752278,False,0,21,2,5,14,0.0673143942246,0.474060226056,0.458625379719
29,29,29,29,-1,16.6,-1,16.6,-10.956866341,-27.344544982,False,0,19,6,5,2,0.218485005912,0.303081823436,0.478433170652
30,30,30,30,0.15,16.3,0.15,16.3,-9.828014803,-25.75676749,False,0,13,9,5,6,0.0859925984455,0.252255830039,0.661751571516
31,31,31,31,-4.05,13.7,-4.05,13.7,-14.098184717,-27.450920268,False,0,9,3,1,15,0.456363750965,0.505456109447,0.0381801395878
32,32,32,32,-3,14.95,-3,14.95,-12.996919328,-27.698702112,False,0,23,1,3,2,0.24922983211,0.266585850851,0.48418431704
33,33,33,33,-3.05,16.7,-3.05,16.7,-13.000487837,-29.524291703,False,0,22,14,1,2,0.204809556974,0.147717180757,0.64747326227
34,34,34,34,-3.6,18.55,-3.6,18.55,-13.524208438,-31.899775869,False,0,22,14,1,2,0.627534329885,0.0672849446689,0.305180725446
35,35,35,35,-2.2,14.4,-2.2,14.4,-12.222623843,-26.359274353,False,0,23,1,3,2,0.055655960705,0.584012522769,0.360331516526
36,36,36,36,-0.65,14.9,-0.65,14.9,-10.666252975,-25.15962353,False,0,20,2,3,6,0.0532078433546,0.279918644002,0.666873512643
37,37,37,37,0.95,20.05,0.95,20.05,-8.959205457,-28.754407714,False,0,5,5,8,14,0.102398871075,0.771866509847,0.125734619078
38,38,38,38,-1.3,18.95,-1.3,18.95,-11.220185205,-29.99494066,False,0,5,5,8,14,0.612622272301,0.0548876176653,0.332490110033
39,39,39,39,1.2,16.85,1.2,16.85,-8.759520985,-25.27896739,False,0,13,9,5,6,0.620239507526,0.0929891301204,0.286771362354
40,40,40,40,1.05,17.1,1.05,17.1,-8.903826404,-25.702794218,False,0,13,9,5,6,0.548086798032,0.234264739255,0.217648462713
41,41,41,41,-0.25,16.05,-0.25,16.05,-10.231607152,-25.916271223,False,0,19,6,5,2,0.694576259072,0.189620165115,0.115803575813
42,42,42,42,0.45,17.6,0.45,17.6,-9.493734142,-26.857017246,False,0,13,9,5,6,0.253132929053,0.61900574883,0.127861322117
43,43,43,43,2.6,19.1,2.6,19.1,-7.323283362,-26.174835229,False,0,11,11,8,9,0.169179159483,0.504397849343,0.326422991174
44,44,44,44,1.6,17.95,1.6,17.95,-8.336364093,-26.015081618,False,0,14,8,5,9,0.170178492794,0.168182046634,0.661639460572
45,45,45,45,-3.25,10.1,-3.25,10.1,-13.540441949,-23.586082813,False,0,9,3,1,15,0.243837332351,0.014058306871,0.742104360778
46,46,46,46,-4.9,11.3,-4.9,11.3,-15.114761934,-26.24838094,False,0,7,13,15,1,0.0653285828809,0.507947615957,0.426723801162
47,47,47,47,-5.1,10.55,-5.1,10.55,-15.368645871,-25.761656478,False,0,7,13,15,1,0.202860407086,0.518537471481,0.278602121433
48,48,48,48,-2.45,13.4,-2.45,13.4,-12.513996789,-25.578285157,False,0,9,3,1,15,0.864366266135,0.121364660722,0.0142690731439
49,49,49,49,-3,13.5,-3,13.5,-13.058773664,-26.219350832,False,0,9,3,1,15,0.723738111983,0.253124943976,0.0231369440405
50,50,50,50,0.35,14.35,0.35,14.35,-9.690862546,-23.713200721,False,0,27,6,7,10,0.571066906954,0.274364366001,0.154568727046
51,51,51,51,-3.1,11.5,-3.1,11.5,-13.294914823,-24.622781962,False,0,9,3,1,15,0.454508897879,0.101966309408,0.443524792713
52,52,52,52,-4.5,10.75,-4.5,10.75,-14.750257083,-25.393018525,False,0,7,13,15,1,0.0232881267247,0.648159584998,0.328552288278
53,53,53,53,-3.25,13.95,-3.25,13.95,-13.286409815,-26.904944832,False,0,23,1,3,2,0.321602453773,0.579420025065,0.0989775211625
54,54,54,54,-3.45,14.3,-3.45,14.3,-13.471366156,-27.459637332,False,0,23,1,3,2,0.367841538942,0.425348582086,0.206809878972
55,55,55,55,-5.1,12.35,-5.1,12.35,-15.242883988,-27.366777865,False,0,9,3,1,15,0.00185376730705,0.623295761518,0.374850471175
56,56,56,56,-4.8,12.85,-4.8,12.85,-14.908063867,-27.487829563,False,0,9,3,1,15,0.145511780897,0.599543714449,0.254944504654
57,57,57,57,-3.8,13.7,-3.8,13.7,-13.847471234,-27.198110705,False,0,9,3,1,15,0.525773487387,0.449509104255,0.0247174083579
58,58,58,58,-4.5,12.5,-4.5,12.5,-14.630982446,-26.887361865,False,0,9,3,1,15,0.186547033685,0.502038256805,0.31141470951
59,59,59,59,-2.2,16.05,-2.2,16.05,-12.155711251,-28.066232816,False,0,23,1,3,2,0.0389278128214,0.00387426983113,0.957197917347
60,60,60,60,-2.95,14.35,-2.95,14.35,-12.9714637,-27.029837343,False,0,23,1,3,2,0.242865924933,0.485298168947,0.27183590612
61,61,61,61,-4,12.15,-4,12.15,-14.153330239,-26.084646516,False,0,9,3,1,15,0.28311007561,0.359775195008,0.357114729382
62,62,62,62,-2,12.5,-2,12.5,-12.119125955,-24.343445086,False,0,16,4,3,15,0.179142986427,0.761294035969,0.0595629776036
63,63,63,63,-0.25,15.25,-0.25,15.25,-10.256010336,-25.067529965,False,0,20,2,3,6,0.0225099884813,0.105495179692,0.871994831826
64,64,64,64,-0.15,15.25,-0.15,15.25,-10.156846129,-24.963703248,False,0,10,6,3,7,0.909478018129,0.0784230646098,0.012098917261
65,65,65,65,-1.75,13.9,-1.75,13.9,-11.795932673,-25.374340538,False,0,20,2,3,6,0.124780179444,0.77318615704,0.102033663515
66,66,66,66,-2.8,13.25,-2.8,13.25,-12.875184848,-25.804891594,False,0,9,3,1,15,0.749082736179,0.186675160242,0.0642421035792
67,67,67,67,-3.1,14.8,-3.1,14.8,-13.102577252,-27.63982927,False,0,23,1,3,2,0.275644312914,0.303819785243,0.420535901844
68,68,68,68,-3.85,14.25,-3.85,14.25,-13.871693651,-27.79313212,False,0,23,1,3,2,0.467923412864,0.380904902008,0.151171685128
69,69,69,69,-3.3,14,-3.3,14,-13.334169641,-27.004823447,False,0,23,1,3,2,0.333542410244,0.554087124614,0.112370465142
70,70,70,70,1.05,18.95,1.05,18.95,-8.873149931,-27.590619827,False,0,14,8,5,9,0.426964976572,0.436574965617,0.136460057811
71,71,71,71,0.55,16.6,0.55,16.6,-9.418673966,-25.672658893,False,0,13,9,5,6,0.290663017039,0.224219631139,0.485117351822
72,72,72,72,-4.3,20.4,-4.24235708939,20.0726586004,-14.145118288,-34.036279572,True,0.173524646992,-1,0,14,-1,0.0362795720857,0.963720427914,0
73,73,73,73,-3.8,17.95,-3.8,17.95,-13.735196681,-31.488319484,False,0,22,14,1,2,0.524144228695,0.171727055959,0.304128715347
74,74,74,74,-3.15,15.95,-3.15,15.95,-13.113245867,-28.867664897,False,0,22,14,1,2,0.0622083926544,0.24720727039,0.690584336955
75,75,75,75,-0.35,16.7,-0.35,16.7,-10.313954755,-26.729439039,False,0,19,6,5,2,0.423520320377,0.419502302137,0.156977377486
76,76,76,76,-1.95,17.2,-1.95,17.2,-11.890396475,-28.946590406,False,0,21,2,5,14,0.629668102169,0.212566830238,0.157765067593
77,77,77,77,0.1,17.9,0.1,17.9,-9.837635555,-27.539332085,False,0,13,9,5,6,0.081182222665,0.846444028198,0.0723737491366
78,78,78,78,-1.45,16.05,-1.45,16.05,-11.413925648,-27.251214052,False,0,19,6,5,2,0.24959531589,0.0434418600429,0.706962824067
79,79,79,79,0.15,14.05,0.15,14.05,-9.902686675,-23.688472025,False,0,27,6,7,10,0.562824008283,0.388519329401,0.0486566623157
80,80,80,80,0.85,17.5,0.85,17.5,-9.094542154,-26.340041225,False,0,13,9,5,6,0.452728922842,0.446680408362,0.100590668797
81,81,81,81,0.3,14.7,0.3,14.7,-9.727808777,-24.052958064,False,0,27,6,7,10,0.684319354768,0.179585033768,0.136095611464
82,82,82,82,-2.45,11.6,-2.45,11.6,-12.63340439,-24.040769885,False,0,16,4,3,15,0.108608574937,0.574689230059,0.316702195004
83,83,83,83,-3.65,10.75,-3.65,10.75,-13.897430398,-24.54232824,False,0,9,3,1,15,0.211257982925,0.159973182088,0.628768834987
84,84,84,84,-5.9,11.1,-5.9,11.1,-16.136091993,-26.981724608,False,0,7,13,15,1,0.349459736832,0.281413740252,0.369126522915
85,85,85,85,-5.9,9.4,-5.9,9.4,-16.254895477,-25.465149352,False,0,7,13,15,1,0.542698481629,0.415250743253,0.042050775118
86,86,86,86,-3.35,12.2,-3.35,12.2,-13.498078788,-25.469783969,False,0,9,3,1,15,0.469612023295,0.218651417425,0.31173655928
87,87,87,87,-3.55,11.2,-3.55,11.2,-13.766577458,-24.823185272,False,0,9,3,1,15,0.29335157439,0.176640303256,0.530008122354
88,88,88,88,-2.65,10.85,-2.65,10.85,-12.883250602,-23.600785374,False,0,16,4,3,15,0.171988008157,0.386386691036,0.441625300807
89,89,89,89,-2.95,11.8,-2.95,11.8,-13.124108368,-24.725750128,False,0,9,3,1,15,0.532374537663,0.0944287217892,0.373196740548
90,90,90,90,-0.4,14.45,-0.4,14.45,-10.435114949,-24.532324246,False,0,10,6,3,7,0.626550607621,0.217557474508,0.155891917872
91,91,91,91,0.85,18.15,0.85,18.15,-9.082934969,-27.009152033,False,0,14,8,5,9,0.128249860001,0.541467484338,0.330282655661
92,92,92,92,-0.25,16.2,-0.25,16.2,-10.227873551,-26.078253357,False,0,19,6,5,2,0.640582214435,0.245481010295,0.113936775271
93,93,93,93,0.2,17.3,0.2,17.3,-9.752426529,-26.787841156,False,0,13,9,5,6,0.123786735456,0.595947052076,0.280266212468
94,94,94,94,-1.05,16.75,-1.05,16.75,-11.002396011,-27.562149734,False,0,19,6,5,2,0.145950088642,0.352851905904,0.501198005454
95,95,95,95,-2.8,12.55,-2.8,12.55,-12.922734366,-25.210699151,False,0,9,3,1,15,0.664569874341,0.125937057416,0.209493068243
96,96,96,96,-3.05,13.85,-3.05,13.85,-13.091315203,-26.608882403,False,0,23,1,3,2,0.272828800742,0.64559173275,0.0815794665074
97,97,97,97,-3.85,17.6,-3.85,17.6,-13.791172146,-31.185056004,False,0,22,14,1,2,0.457893986186,0.218846043332,0.323259970482
98,98,98,98,-2.6,16.8,-2.6,16.8,-12.545941814,-29.197572418,False,0,22,14,1,2,0.184920302086,0.0440253025455,0.771054395368
99,99,99,99,-5.5,12.7,-5.5,12.7,-15.621335678,-28.044383839,False,0,7,13,15,1,0.063029103434,0.252361264321,0.684609632245
100,100,100,100,-3.1,14.95,-3.1,14.95,-13.096494289,-27.795007312,False,0,23,1,3,2,0.274123572197,0.251079944067,0.474796483736
101,101,101,101,-7.7,10.6,-7.69558525383,10.6009406634,-18,-28.242644441,True,0.0044397292288,-1,0,13,-1,0.155330555123,0.844669444877,0
102,102,102,102,-7.55,9.15,-7.54515811889,9.34491089196,-17.916000607,-26.916000607,True,0.0975756514894,-1,13,15,-1,0.979000151741,0.0209998482588,0
103,103,103,103,-3.55,15,-3.55,15,-13.542553956,-28.280106729,False,0,23,1,3,2,0.385638489018,0.16372341648,0.450638094502
104,104,104,104,1.5,22.9,1.5,22.9,-8.400771832,-31.069928719,False,0,2,18,14,8,0.444859481118,0.511654786513,0.0434857323682
105,105,105,105,1.05,21.65,1.05,21.65,-8.853294703,-30.260692351,False,0,2,18,14,8,0.234566274599,0.376782058458,0.388651666943
106,106,106,106,2.15,18.6,2.15,18.6,-7.778925727,-26.10249331,False,0,11,11,8,9,0.0552685682069,0.404343482289,0.540387949504
107,107,107,107,6.25,25.8,6.29182510864,25.4718909755,-3.607965474,-28.803982737,True,0.169302163889,-1,14,18,-1,0.133997122821,0.866002877179,0
108,108,108,108,3.2,19.4,3.2,19.4,-6.720356891,-25.906995927,False,0,11,11,8,9,0.31991077727,0.515605827308,0.164483395421
109,109,109,109,3.6,19.5,3.6,19.5,-6.319659551,-25.629083158,False,0,11,11,8,9,0.420085112304,0.48975112768,0.0901637600158
110,110,110,110,7.5,25.6,7.5,25.6,-2.40154635,-27.723063696,False,0,3,8,11,18,0.048461971385,0.0553872607854,0.89615076783
111,111,111,111,7.35,24.35,7.35,24.35,-2.557228025,-26.675874916,False,0,3,8,11,18,0.00459633196108,0.26482501684,0.730578651199
112,112,112,112,2.8,17.85,2.8,17.85,-7.13923202,-24.744286796,False,0,11,11,8,9,0.215191994942,0.058223595332,0.726584409726
113,113,113,113,1.2,13.45,1.2,13.45,-8.872542508,-22.047901325,False,0,27,6,7,10,0.0159671083049,0.420304145563,0.563728746132
114,114,114,114,4.05,16.8,4.05,16.8,-5.938573298,-22.406165577,False,0,12,9,17,11,0.354383235225,0.260520178606,0.385096586169
115,115,115,115,6,19.8,6,19.8,-3.924955986,-23.632404684,False,0,3,8,11,18,0.0296529766661,0.873519063118,0.0968279602158
116,116,116,116,7.25,20.3,7.25,20.3,-2.67548866,-22.70926237,False,0,1,18,11,19,0.0619196734419,0.63791232818,0.300167998378
117,117,117,117,8.15,19.75,8.15,19.75,-1.783134418,-21.209800627,False,0,0,19,11,12,0.383774750104,0.445783604406,0.170441645491
118,118,118,118,7.7,22.1,7.7,22.1,-2.218231686,-24.002120365,False,0,1,18,11,19,0.315500753724,0.396807544576,0.2876917017
119,119,119,119,8.95,22.75,8.95,22.75,-0.967876242,-23.203499829,False,0,1,18,11,19,0.286593617895,0.0986722516266,0.614734130479
120,120,120,120,8.15,22.4,8.15,22.4,-1.76780327,-23.781222241,False,0,1,18,11,19,0.316220101074,0.283840766855,0.39993913207
121,121,121,121,8,20.6,8,20.6,-1.925685107,-22.139264681,False,0,1,18,11,19,0.0294036879687,0.466719432764,0.503876879268
122,122,122,122,8.9,22.2,8.9,22.2,-1.020275903,-22.706639179,False,0,1,18,11,19,0.199416871291,0.155360540067,0.645222588643
123,123,123,123,9.25,21.95,9.25,21.95,-0.672143003,-22.047063667,False,0,1,18,11,19,0.118498694174,0.108786403735,0.77271490209
124,124,124,124,9.65,24.35,9.14527521888,23.4614032049,-0.769769186,-23.694192151,True,0.672419638881,-1,18,19,-1,0.384884593052,0.615115406948,0
125,125,125,125,10,21.9,9.90563365757,21.7338626662,-0.018858889,-21.06600611,True,0.125719568904,-1,18,19,-1,0.00942944425346,0.990570555747,0
126,126,126,126,9.6,19.85,9.6,19.85,-0.339299149,-19.73675141,False,0,0,19,11,12,0.556950671689,0.08482478715,0.358224541161
127,127,127,127,9.55,21,9.55,21,-0.378967438,-20.798285079,False,0,0,19,11,12,0.807458480634,0.0947418593795,0.0977996599863
128,128,128,128,9.15,22.2,9.15,22.2,-0.770796622,-22.415722875,False,0,1,18,11,19,0.171720760604,0.10683877532,0.721440464076
129,129,129,129,9.1,20.7,9.1,20.7,-0.829413864,-21.019750297,False,0,0,19,11,12,0.693907375263,0.207353465968,0.0987391587688
130,130,130,130,8.95,22.15,8.95,22.15,-0.970607665,-22.597997381,False,0,1,18,11,19,0.185448924722,0.14992745398,0.664623621298
131,131,131,131,8.6,20.65,8.6,20.65,-1.327424226,-21.514100919,False,0,0,19,11,12,0.63074114482,0.331856056605,0.0374027985754
132,132,132,132,8.55,20.95,8.55,20.95,-1.37523736,-21.852458573,False,0,1,18,11,19,0.0274733154757,0.330072682282,0.642454002243
133,133,133,133,8,19.25,8,19.25,-1.936792403,-20.933112026,False,0,0,19,11,12,0.256980855416,0.484198100743,0.25882104384
134,134,134,134,8.05,18.3,8.05,18.3,-1.895369526,-20.046833527,False,0,0,19,11,12,0.0509448095858,0.473842381443,0.475212808971
135,135,135,135,7,19.15,7,19.15,-2.932813128,-21.92181327,False,0,0,19,11,12,0.13064839453,0.733203282017,0.136148323454
136,136,136,136,6,19,6,19,-3.929968383,-22.860600464,False,0,4,12,11,17,0.0196549111255,0.976051075018,0.0042940138561
137,137,137,137,5.05,17.85,5.05,17.85,-4.912207257,-22.555345145,False,0,12,9,17,11,0.152988607207,0.150126413901,0.696884978892
138,138,138,138,5.4,15,5.4,15,-4.659530151,-19.147606045,False,0,4,12,11,17,0.137723036012,0.257065816249,0.605211147739
139,139,139,139,4.6,12.2,4.4467599529,13.0126406848,-5.680936906,-17.946822818,True,0.434256528655,-1,12,17,-1,0.0531771823165,0.946822817683,0
140,140,140,140,4,12.8,4,12.8,-6.135282724,-18.174007466,False,0,25,16,17,10,0.0160929969437,0.948451635013,0.0354553680431
141,141,141,141,4.7,12.7,4.61685208742,13.1409381092,-5.505815288,-17.917635881,True,0.235627204288,-1,12,17,-1,0.0823641185911,0.917635881409,0
142,142,142,142,4,13.85,4,13.85,-6.095986951,-19.285031705,False,0,12,9,17,11,0.127083256801,0.793826961734,0.0790897814647
143,143,143,143,3.55,16.3,3.55,16.3,-6.450840915,-22.358440978,False,0,12,9,17,11,0.457128605402,0.311163246507,0.231708148091
144,144,144,144,3.6,17.9,3.6,17.9,-6.342859091,-24.028854883,False,0,12,9,17,11,0.573833550776,0.0237624437428,0.402404005482
145,145,145,145,3.85,18.75,3.85,18.75,-6.079409543,-24.648142648,False,0,11,11,8,9,0.480147614164,0.20281262529,0.317039760547
146,146,146,146,2.8,19.05,2.8,19.05,-7.124188333,-25.93652561,False,0,11,11,8,9,0.218952916841,0.458143814591,0.322903268568
147,147,147,147,2.8,18.35,2.8,18.35,-7.132963817,-25.241052969,False,0,11,11,8,9,0.216759045733,0.224857020023,0.558383934244
148,148,148,148,1.65,16.15,1.65,16.15,-8.329914515,-24.09222388,False,0,28,10,9,6,0.302592040131,0.532450702555,0.164957257313
149,149,149,149,1.15,13.85,1.15,13.85,-8.907605233,-22.428357435,False,0,27,6,7,10,0.142785811706,0.311016804732,0.546197383562
150,150,150,150,2.2,15.25,2.2,15.25,-7.812731613,-22.596547564,False,0,24,17,9,10,0.093634193595,0.323694779331,0.582671027074
151,151,151,151,1.7,13.95,1.7,13.95,-8.357262484,-21.876561181,False,0,26,10,7,16,0.821368758225,0.116911832492,0.0617194092837
152,152,152,152,1.65,14.3,1.65,14.3,-8.389345945,-22.245986575,False,0,27,6,7,10,0.0819955248653,0.112677447819,0.805327027316
153,153,153,153,2.25,15.5,2.25,15.5,-7.756561259,-22.805888601,False,0,24,17,9,10,0.121719370281,0.430922027334,0.447358602385
154,154,154,154,1.4,12.05,1.4,12.05,-8.772537277,-20.398204294,False,0,25,16,17,10,0.52447837678,0.138209738062,0.337311885157
155,155,155,155,0.05,10.55,0.05,10.55,-10.197398241,-20.542083494,False,0,17,16,7,4,0.72895825296,0.17234262632,0.0986991207203
156,156,156,156,1,11.5,1,11.5,-9.203651606,-20.33203405,False,0,25,16,17,10,0.679211526862,0.0773857241013,0.243402749036
157,157,157,157,1.95,18.45,1.95,18.45,-7.980528038,-26.14209646,False,0,11,11,8,9,0.00486799053185,0.383944147165,0.611187862304
158,158,158,158,3.35,18.05,3.35,18.05,-6.587489652,-24.42425251,False,0,11,11,8,9,0.353127586962,0.0435025614299,0.603369851608
159,159,159,159,2.8,18.35,2.8,18.35,-7.132963817,-25.241052969,False,0,11,11,8,9,0.216759045733,0.224857020023,0.558383934244
160,160,160,160,3.15,21.3,3.15,21.3,-6.757007857,-27.784478602,False,0,3,8,11,18,0.778466549684,0.0431042796675,0.178429170648
161,161,161,161,5.35,20.7,5.35,20.7,-4.568080814,-25.110720248,False,0,3,8,11,18,0.23539481881,0.577855950393,0.186749230797
162,162,162,162,4.7,20.85,4.7,20.85,-5.214945244,-25.874719156,False,0,3,8,11,18,0.394138817723,0.425056168811,0.180805013465
163,163,163,163,3.45,19.25,3.45,19.25,-6.47258504,-25.522174823,False,0,11,11,8,9,0.38185374008,0.428627434547,0.189518825373
164,164,164,164,-1.4,17.15,-1.4,17.15,-11.34183693,-28.345924735,False,0,21,2,5,14,0.555610219955,0.386735657596,0.0576541224496
165,165,165,165,-1.6,15.95,-1.6,15.95,-11.56470503,-27.31178385,False,0,20,2,3,6,0.770594616727,0.0117578980909,0.217647485183
166,166,166,166,-0.7,14.8,-0.7,14.8,-10.719801969,-25.113324784,False,0,20,2,3,6,0.0377749279963,0.322126056319,0.640099015684
167,167,167,167,-1.5,12,-1.5,12,-11.643286343,-23.446032243,False,0,18,4,7,3,0.339632423964,0.178356828416,0.48201074762
168,168,168,168,-3.2,14.5,-3.2,14.5,-13.214318138,-27.425778386,False,0,23,1,3,2,0.303579534434,0.393793560811,0.302626904755
169,169,169,169,-1.85,13.6,-1.85,13.6,-11.907063841,-25.178968928,False,0,20,2,3,6,0.0596563092304,0.893875611503,0.0464680792666
170,170,170,170,-0.1,15.7,-0.1,15.7,-10.092529075,-25.371445057,False,0,19,6,5,2,0.876184981125,0.0775504811637,0.0462645377117
171,171,171,171,0,17.4,0,17.4,-9.950753917,-27.100437595,False,0,13,9,5,6,0.0246230416618,0.700145865007,0.275231093332
172,172,172,172,2.9,16.85,2.9,16.85,-7.072849413,-23.58592786,False,0,12,9,17,11,0.689004282677,0.158416141121,0.152579576202
173,173,173,173,4.1,15.9,4.1,15.9,-5.922131897,-21.390061023,False,0,12,9,17,11,0.266282563839,0.428500820961,0.3052166152
174,174,174,174,4.95,17.6,4.95,17.6,-5.020153205,-22.384609118,False,0,12,9,17,11,0.161249344236,0.187577914188,0.651172741575
175,175,175,175,5.1,18.9,5.1,18.9,-4.829267521,-23.618216239,False,0,11,11,8,9,0.792683119636,0.0678608259276,0.139456054436
176,176,176,176,5.55,19.6,5.55,19.6,-4.374300226,-23.871937181,False,0,3,8,11,18,0.120512516349,0.825612563871,0.0538749197802
177,177,177,177,3.85,19.4,3.85,19.4,-6.071260879,-25.293938672,False,0,11,11,8,9,0.482184780193,0.419436077388,0.0983791424192
178,178,178,178,3.8,20.9,3.8,20.9,-6.111389961,-26.782374142,False,0,3,8,11,18,0.604056603027,0.24352517163,0.152418225342
179,179,179,179,5.3,22.2,5.3,22.2,-4.610417943,-26.587133219,False,0,3,8,11,18,0.340878538367,0.282573356157,0.376548105476
180,180,180,180,3.65,19.05,3.65,19.05,-6.275370471,-25.134835353,False,0,11,11,8,9,0.431157382201,0.332383372387,0.236459245411
181,181,181,181,1.5,13.1,1.5,13.1,-8.611465924,-21.272110348,False,0,25,16,17,10,0.325136916756,0.019403954593,0.655459128651
182,182,182,182,-1.2,16.35,-1.2,16.35,-11.160142093,-27.297065231,False,0,19,6,5,2,0.234311589778,0.185617363959,0.580071046264
183,183,183,183,-2.9,13.75,-2.9,13.75,-12.946008071,-26.360972574,False,0,23,1,3,2,0.236502017756,0.704010487044,0.0594874952005
184,184,184,184,-3.1,12.4,-3.1,12.4,-13.233779728,-25.386743675,False,0,9,3,1,15,0.56316829167,0.180058155898,0.256773552432
185,185,185,185,0.7,17.35,0.7,17.35,-9.248996423,-26.331000628,False,0,13,9,5,6,0.375501788544,0.443666875927,0.180831335529
186,186,186,186,2.55,17.45,2.55,17.45,-7.396651384,-24.573397655,False,0,12,9,17,11,0.838752176169,0.0208213395064,0.140426484324
187,187,187,187,-2.55,11.75,-2.55,11.75,-12.726363189,-24.278812509,False,0,9,3,1,15,0.637393482949,0.000575077565857,0.362031439485
188,188,188,188,-2.1,15.65,-2.1,15.65,-12.072357525,-27.556119503,False,0,23,1,3,2,0.0180893813118,0.160019753085,0.821890865603
189,189,189,189,-1.6,16.8,-1.6,16.8,-11.545755283,-28.205675131,False,0,21,2,5,14,0.704319264875,0.261401546697,0.0342791884281
190,190,190,190,-2.25,15,-2.25,15,-12.248079472,-27.028139122,False,0,23,1,3,2,0.0620198678819,0.365300204672,0.572679927446
191,191,191,191,-0.55,17.8,-0.55,17.8,-10.485288459,-28.126114077,False,0,21,2,5,14,0.200606203958,0.778374783236,0.0210190128059
192,192,192,192,-0.75,16.4,-0.75,16.4,-10.715528123,-26.850455714,False,0,19,6,5,2,0.383181428592,0.259054510087,0.357764061321
193,193,193,193,0.95,19.75,0.95,19.75,-8.962978067,-28.469467023,False,0,5,5,8,14,0.246755521971,0.674999974141,0.0782445038878
194,194,194,194,0.95,19.45,0.95,19.45,-8.966750678,-28.184526332,False,0,5,5,8,14,0.391112172868,0.578133438434,0.0307543886979
195,195,195,195,2.4,19.6,2.4,19.6,-7.516737009,-26.860234403,False,0,11,11,8,9,0.120815747837,0.700621966317,0.178562285846
196,196,196,196,1.2,18.5,1.2,18.5,-8.728976517,-26.985063368,False,0,14,8,5,9,0.297199530543,0.364488258724,0.338312210733
197,197,197,197,1.35,22.25,1.35,22.25,-8.552175192,-30.563713132,False,0,2,18,14,8,0.335256323267,0.427285521926,0.237458154807
198,198,198,198,1.85,20.35,1.85,20.35,-8.057299202,-28.129761847,False,0,2,18,14,8,0.0120771076154,0.0216269745419,0.966295917843
199,199,199,199,1.35,21.8,1.35,21.8,-8.553259826,-30.107663592,False,0,2,18,14,8,0.259067294459,0.351277265401,0.389655440141
200,200,200,200,0.45,20.3,0.45,20.3,-9.45589527,-29.502634276,False,0,2,18,14,8,0.00778983432813,0.250439046013,0.741771119659
201,201,201,201,0.75,20.95,0.75,20.95,-9.154655244,-29.856327228,False,0,2,18,14,8,0.116945330641,0.309387871317,0.573666798042
202,202,202,202,0.95,20.9,0.95,20.9,-8.954993537,-29.602291543,False,0,2,18,14,8,0.107883000945,0.267048590437,0.625068408618
203,203,203,203,1.35,19.8,1.35,19.8,-8.562856527,-28.110678831,False,0,5,5,8,14,0.226088847929,0.755464680241,0.0184464718295
204,204,204,204,-0.25,21.05,-0.25,21.05,-10.153325324,-30.974489141,False,0,2,18,14,8,0.136860636188,0.495748190209,0.367391173604
205,205,205,205,-1.1,17.7,-1.1,17.7,-11.035657771,-28.580653513,False,0,21,2,5,14,0.324277714516,0.578946699935,0.0967755855486
206,206,206,206,-3.4,16.45,-3.4,16.45,-13.356803647,-29.605840567,False,0,22,14,1,2,0.185487748732,0.246457037311,0.568055213956
207,207,207,207,-3,14.9,-3,14.9,-12.998946983,-27.646976098,False,0,23,1,3,2,0.249736745682,0.284165797909,0.466097456409
208,208,208,208,-3.75,12.9,-3.75,12.9,-13.851670843,-26.468471714,False,0,9,3,1,15,0.443069306857,0.368904728558,0.188025964584
209,209,209,209,-4.35,12.9,-4.35,12.9,-14.453383203,-27.075214666,False,0,9,3,1,15,0.276485939445,0.503177541019,0.220336519536
210,210,210,210,-4.55,10.6,-4.55,10.6,-14.811107403,-25.304791275,False,0,7,13,15,1,0.0534084634055,0.647854762048,0.298736774547
211,211,211,211,-5.75,10.85,-5.75,10.85,-16.002460117,-26.621934192,False,0,7,13,15,1,0.338667621706,0.337437563279,0.323894815015
212,212,212,212,-6.3,13.05,-6.3,13.05,-16.402758681,-29.086031351,False,0,7,13,15,1,0.232362403156,0.0309830628576,0.736654533986
213,213,213,213,-4.35,13.9,-4.35,13.9,-14.38545532,-27.924061014,False,0,9,3,1,15,0.397218599213,0.589946259342,0.0128351414455
214,214,214,214,-5.8,9.9,-5.8,9.9,-16.119217958,-25.820024469,False,0,7,13,15,1,0.459723838291,0.400114859388,0.140161302321
215,215,215,215,-3.95,14,-3.95,14,-13.981406883,-27.63080725,False,0,23,1,3,2,0.495351720812,0.453298730518,0.05134954867
216,216,216,216,-3.4,12.8,-3.4,12.8,-13.507464755,-26.02965369,False,0,9,3,1,15,0.528169671871,0.281902049457,0.189928278672
217,217,217,217,-4,12.05,-4,12.05,-14.160123027,-25.999761881,False,0,9,3,1,15,0.271036809633,0.351098323176,0.377864867191
218,218,218,218,-2.1,17.7,-2.1,17.7,-12.034135591,-29.584211561,False,0,21,2,5,14,0.488997275115,0.246967464774,0.264035260112
219,219,219,219,-1.2,15.3,-1.2,15.3,-11.194794198,-26.191949101,False,0,20,2,3,6,0.397316366878,0.200080732065,0.402602901057
220,220,220,220,-4.45,13.45,-4.45,13.45,-14.516308261,-27.643203983,False,0,9,3,1,15,0.315125007748,0.573279138173,0.111595854078
221,221,221,221,-3.8,15.6,-3.8,15.6,-13.773130426,-29.13362672,False,0,22,14,1,2,0.0494123014696,0.418576455678,0.532011242853
222,222,222,222,-1.8,18.65,-1.8,18.65,-11.723130387,-30.208610298,False,0,21,2,5,14,0.125361760761,0.506536522961,0.368101716278
223,223,223,223,-4,16.75,-4,16.75,-13.955870135,-30.475664947,False,0,22,14,1,2,0.299545975872,0.3391945459,0.361259478228
224,224,224,224,-2.8,16.6,-2.8,16.6,-12.75047325,-29.186914801,False,0,22,14,1,2,0.162335635317,0.106450494734,0.731213869949
225,225,225,225,-4.15,16.15,-4.15,16.15,-14.11653262,-30.01677312,False,0,22,14,1,2,0.191701362071,0.43328247403,0.375016163899
226,226,226,226,-3.5,14.1,-3.5,14.1,-13.529264253,-27.300885876,False,0,23,1,3,2,0.382316063274,0.487915416929,0.129768519797
227,227,227,227,-2.1,18.15,-2.1,18.15,-12.028706289,-30.022590264,False,0,21,2,5,14,0.340156390085,0.322745232602,0.337098377313
228,228,228,228,-3.35,15.95,-3.35,15.95,-13.314548898,-29.057406665,False,0,22,14,1,2,0.0800264430956,0.288624003028,0.631349553876
229,229,229,229,-4.05,11.4,-4.05,11.4,-14.254418848,-25.498573668,False,0,9,3,1,15,0.178678633499,0.305888057305,0.515433309196
230,230,230,230,-4.55,13.8,-4.55,13.8,-14.592818895,-28.04142403,False,0,9,3,1,15,0.329617544098,0.626026991663,0.0443554642385
231,231,231,231,-3.6,11.55,-3.6,11.55,-13.792945395,-25.170843406,False,0,9,3,1,15,0.321726058024,0.218198755708,0.460075186268
232,232,232,232,-4.4,12.1,-4.4,12.1,-14.557868206,-26.4466995,False,0,9,3,1,15,0.166017864346,0.444951967399,0.389030168254
233,233,233,233,-1.45,14.65,-1.45,14.65,-11.468588938,-25.806294193,False,0,20,2,3,6,0.26876473084,0.465529738394,0.265705530766
234,234,234,234,-1.45,15,-1.45,15,-11.454472806,-26.166003607,False,0,20,2,3,6,0.388667869082,0.338568533995,0.272763596924
235,235,235,235,-0.85,14.7,-0.85,14.7,-10.872382589,-25.179976783,False,0,20,2,3,6,0.0599922609168,0.376199033614,0.563808705469
236,236,236,236,-2.3,14,-2.3,14,-12.338420037,-26.041771441,False,0,23,1,3,2,0.0846050093702,0.709146192454,0.206248798175
237,237,237,237,-1.2,16.35,-1.2,16.35,-11.160142093,-27.297065231,False,0,19,6,5,2,0.234311589778,0.185617363959,0.580071046264
238,238,238,238,-1.25,18.35,-1.25,18.35,-11.17758712,-29.364400903,False,0,21,2,5,14,0.133993259119,0.638606590413,0.227400150468
239,239,239,239,0.25,20.55,0.25,20.55,-9.655074918,-29.959358645,False,0,2,18,14,8,0.0507139546061,0.326559774238,0.622726271156
240,240,240,240,2.3,21.3,2.3,21.3,-7.60549942,-28.634965189,False,0,2,18,14,8,0.171577628262,0.10582753158,0.722594840157
241,241,241,241,2.2,18.75,2.2,18.75,-7.727114804,-26.204364912,False,0,11,11,8,9,0.0682212990537,0.446935836625,0.484842864321
242,242,242,242,1.95,18.45,1.95,18.45,-7.980528038,-26.14209646,False,0,11,11,8,9,0.00486799053185,0.383944147165,0.611187862304
243,243,243,243,0.9,15.45,0.9,15.45,-9.100873803,-24.100838657,False,0,28,10,9,6,0.299720447697,0.149842651028,0.550436901274
244,244,244,244,2.85,12.95,2.85,12.95,-7.27362616,-19.610409709,False,0,25,16,17,10,0.156140435049,0.519327355233,0.324532209718
245,245,245,245,0.15,12,0.15,12,-9.979910422,-22.019822588,False,0,27,6,7,10,0.00660752924992,0.98334768192,0.0100447888301
246,246,246,246,-2.95,12.15,-2.95,12.15,-13.100333609,-25.02284635,False,0,9,3,1,15,0.574630968581,0.124797773202,0.300571258217
247,247,247,247,-1.8,13.6,-1.8,13.6,-11.857548028,-25.122493555,False,0,20,2,3,6,0.040831185091,0.887942829014,0.0712259858948
248,248,248,248,-0.6,12.2,-0.6,12.2,-10.723320599,-22.84945401,False,0,18,4,7,3,0.0785089629253,0.638339700512,0.283151336563
249,249,249,249,0.3,13.6,0.3,13.6,-9.76924591,-23.157585196,False,0,27,6,7,10,0.385861731873,0.498761222924,0.115377045203
250,250,250,250,1.35,13.75,1.35,13.75,-8.710849152,-22.127495997,False,0,27,6,7,10,0.0424986656871,0.312925910116,0.644575424197
251,251,251,251,0.8,16.85,0.8,16.85,-9.161250185,-25.687726556,False,0,13,9,5,6,0.419374907536,0.229242185197,0.351382907268
252,252,252,252,-0.55,13,-0.55,13,-10.638288174,-23.476844803,False,0,10,6,3,7,0.173137513832,0.319144087015,0.507718399153
253,253,253,253,-1,13,-1,13,-11.085414128,-23.883021302,False,0,10,6,3,7,0.0849667031402,0.542707064152,0.372326232708
254,254,254,254,-0.05,14.25,-0.05,14.25,-10.094816696,-24.052151038,False,0,10,6,3,7,0.636641998128,0.0474083479402,0.315949653932
255,255,255,255,2.15,14.2,2.15,14.2,-7.898859515,-21.573424634,False,0,25,16,17,10,0.0373823992934,0.0879526418711,0.874664958836
256,256,256,256,-0.7,16.15,-0.7,16.15,-10.67248752,-26.524862873,False,0,19,6,5,2,0.49171237562,0.172043864166,0.336243760214
257,257,257,257,-1.4,13.1,-1.4,13.1,-11.479126232,-24.326196156,False,0,10,6,3,7,0.0358356025409,0.739563116004,0.224601281455
258,258,258,258,-0.6,11.95,-0.6,11.95,-10.738334438,-22.628092974,False,0,18,4,7,3,0.159802894389,0.630832780933,0.209364324678
259,259,259,259,-2.35,10.6,-2.35,10.6,-12.592073499,-23.060732069,False,0,16,4,3,15,0.449064810485,0.25489843992,0.296036749595
260,260,260,260,-2.65,11.55,-2.65,11.55,-12.840234159,-24.210167065,False,0,9,3,1,15,0.585483056427,0.00560013597811,0.408916807595
261,261,261,261,-3.7,11.2,-3.7,11.2,-13.917005548,-24.97487101,False,0,9,3,1,15,0.251705732536,0.210208506371,0.538085761092
262,262,262,262,-2.65,10.7,-2.65,10.7,-12.892369752,-23.469873002,False,0,16,4,3,15,0.212585748393,0.341229375438,0.446184876169
263,263,263,263,-4.05,9.35,-4.05,9.35,-14.394786316,-23.733780268,False,0,7,13,15,1,0.0647971837679,0.867404025813,0.0677987904194
264,264,264,264,-3.85,9.6,-3.85,9.6,-14.17611825,-23.768402591,False,0,9,3,1,15,0.0168876350549,0.10494676017,0.878165604775
265,265,265,265,-3.25,9.15,-3.25,9.15,-13.601956209,-22.762280109,False,0,15,4,15,16,0.121625903116,0.839676100786,0.0386979960973
266,266,266,266,-4.1,10,-4.1,10,-14.399729113,-24.359235492,False,0,7,13,15,1,0.00398164054464,0.804117083803,0.191901275652
267,267,267,267,-3.3,10.2,-3.3,10.2,-13.583791857,-23.72152936,False,0,9,3,1,15,0.242028651044,0.0339245797416,0.724046769215
268,268,268,268,-2.75,12.5,-2.75,12.5,-12.875988064,-25.117694921,False,0,9,3,1,15,0.672415188637,0.110409220461,0.217175590901
269,269,269,269,-1.6,13.05,-1.6,13.05,-11.681112071,-24.461711599,False,0,18,4,7,3,0.0199855024684,0.159443964374,0.820570533158
270,270,270,270,-3,11.45,-3,11.45,-13.198025824,-24.479215819,False,0,9,3,1,15,0.476236159459,0.0752490714146,0.448514769126
271,271,271,271,-2.55,9.7,-2.55,9.7,-12.851038862,-22.489835187,False,0,16,4,3,15,0.553041983941,0.0214385852986,0.42551943076
272,272,272,272,-1.2,12.4,-1.2,12.4,-11.316612643,-23.542320879,False,0,18,4,7,3,0.144199361666,0.341693678552,0.514106959782
273,273,273,273,-1.95,11.2,-1.95,11.2,-12.14709598,-23.155226863,False,0,16,4,3,15,0.565892385457,0.360559624376,0.0735479901672
274,274,274,274,-1.4,11.5,-1.4,11.5,-11.572430169,-22.917347165,False,0,18,4,7,3,0.480432696239,0.21378491553,0.305782388231
275,275,275,275,-0.85,12.7,-0.85,12.7,-10.94757171,-23.501241906,False,0,10,6,3,7,0.0266281133242,0.473785855248,0.499586031428
276,276,276,276,-1.3,14.05,-1.3,14.05,-11.344240583,-25.020223364,False,0,20,2,3,6,0.00674112143667,0.665379169898,0.327879708665
277,277,277,277,-2.2,12.3,-2.2,12.3,-12.335535281,-24.383472603,False,0,16,4,3,15,0.093664038784,0.738568320807,0.167767640409
278,278,278,278,-3.6,9.8,-3.6,9.8,-13.91181919,-23.685362297,False,0,9,3,1,15,0.11044390343,0.0663534986429,0.823202597927
279,279,279,279,-1.65,12.65,-1.65,12.65,-11.75557614,-24.150515446,False,0,18,4,7,3,0.160949588136,0.122211929913,0.71683848195
280,280,280,280,-2.1,12.4,-2.1,12.4,-12.227330618,-24.363458844,False,0,16,4,3,15,0.136403512605,0.749931178388,0.113665309006
281,281,281,281,-1.55,15.95,-1.55,15.95,-11.515189216,-27.255308478,False,0,20,2,3,6,0.751769492587,0.00582511560206,0.242405391811
282,282,282,282,-1.75,12.7,-1.75,12.7,-11.853457225,-24.28075066,False,0,18,4,7,3,0.166478392495,0.0732713875587,0.760250219946
283,283,283,283,-1.4,14.55,-1.4,14.55,-11.423106306,-25.647044702,False,0,20,2,3,6,0.215681567203,0.495871585734,0.288446847063
284,284,284,284,-0.6,13,-0.6,13,-10.687968836,-23.521975525,False,0,10,6,3,7,0.163340757088,0.343984417808,0.492674825103
285,285,285,285,1.2,15.2,1.2,15.2,-8.808735609,-23.542563457,False,0,28,10,9,6,0.485812181103,0.109820014254,0.404367804644
286,286,286,286,0.15,14.15,0.15,14.15,-9.898919663,-23.769869558,False,0,27,6,7,10,0.589956519455,0.359503312205,0.0505401683394
287,287,287,287,-0.7,13.35,-0.7,13.35,-10.774263997,-23.899688737,False,0,10,6,3,7,0.246097580322,0.387131998673,0.366770421004
288,288,288,288,-0.4,13.05,-0.4,13.05,-10.487379595,-23.382517174,False,0,10,6,3,7,0.217149260737,0.243689797391,0.539160941873
289,289,289,289,0.2,13.4,0.2,13.4,-9.87704148,-23.104522081,False,0,27,6,7,10,0.368174026951,0.570346713222,0.0614792598264
290,290,290,290,0.65,16.2,0.65,16.2,-9.328390516,-25.137601677,False,0,13,9,5,6,0.335804742232,0.0458672258011,0.618328031967
291,291,291,291,0.2,15.35,0.2,15.35,-9.803584745,-24.691773984,False,0,27,6,7,10,0.897257994812,0.0045343778996,0.0982076272884
292,292,292,292,1.95,13.25,1.95,13.25,-8.153838729,-20.906125421,False,0,25,16,17,10,0.233592006049,0.156672641683,0.609735352268
293,293,293,293,1.9,15.1,1.9,15.1,-8.112264726,-22.745897719,False,0,28,10,9,6,0.751367427083,0.192500209709,0.0561323632078
294,294,294,294,1.2,15.65,1.2,15.65,-8.794942242,-24.013644929,False,0,28,10,9,6,0.328785023755,0.27374385543,0.397471120815
295,295,295,295,2.4,17.55,2.4,17.55,-7.542436642,-24.823493096,False,0,11,11,8,9,0.114390839592,0.0174249250835,0.868184235325
296,296,296,296,1.05,16.15,1.05,16.15,-8.929516865,-24.685350422,False,0,28,10,9,6,0.104883192596,0.430358374798,0.464758432607
297,297,297,297,1.1,13.95,1.1,13.95,-8.953968994,-22.564620945,False,0,27,6,7,10,0.18820698159,0.288777515489,0.523015502921
298,298,298,298,-1.55,17.35,-1.55,17.35,-11.48919558,-28.691293421,False,0,21,2,5,14,0.514166649587,0.370617780246,0.115215570168
299,299,299,299,0.9,15.8,0.9,15.8,-9.090145628,-24.467235357,False,0,28,10,9,6,0.177588214205,0.277338971943,0.545072813852
300,300,300,300,-0.85,15.75,-0.85,15.75,-10.830233602,-26.25977837,False,0,19,6,5,2,0.580073876756,0.00480932222006,0.415116801024
301,301,301,301,-1.35,18.65,-1.35,18.65,-11.273815368,-29.757009176,False,0,21,2,5,14,0.0512379584921,0.655927178783,0.292834862725
302,302,302,302,1.35,18.85,1.35,18.85,-8.57477235,-27.173150569,False,0,14,8,5,9,0.4369973481,0.287386174957,0.275616476943
303,303,303,303,2.3,19.25,2.3,19.25,-7.620985676,-26.606814583,False,0,11,11,8,9,0.0947535810639,0.598773915175,0.306472503761
304,304,304,304,0.5,16.6,0.5,16.6,-9.468890116,-25.723753789,False,0,13,9,5,6,0.26555494204,0.241251263024,0.493193794936
