file_name,sha256,bytes,rows,execution_id,stage
e01-gain_safety-r1-p1-gm8-nm60-telemetry.csv,10ae12c9f505a3e57020903f817fa5647b1a839fb6eb25bec2b176124ce6f704,3902,15,e01-gain_safety-r1-p1-gm8-nm60,gain_safety
e02-gain_safety-r1-p2-gm12-nm60-telemetry.csv,44b93162ebe96230164ec7969550d227fa355b2679372ea416c5ad6ff038241e,3932,15,e02-gain_safety-r1-p2-gm12-nm60,gain_safety
e03-gain_safety-r1-p3-gm16-nm60-telemetry.csv,73dc2f5d7972b494760dd6a6a4e8cdd0a496cfb5c1352012b9b606a4bb728e4c,3932,15,e03-gain_safety-r1-p3-gm16-nm60,gain_safety
e04-gain_safety-r1-p4-gm18-nm60-telemetry.csv,28299675890f93d3a33ceaf219382b932f37cf8d659690a349307031fb75e9ba,3932,15,e04-gain_safety-r1-p4-gm18-nm60,gain_safety
e05-noise_safety-r1-p1-gp0-nm18-telemetry.csv,4836a3319f004f4fa986fe00e3bbfafb144da1996966b54dcf0474802e2db644,3902,15,e05-noise_safety-r1-p1-gp0-nm18,noise_safety
e06-noise_safety-r1-p2-gp0-nm17-telemetry.csv,8136cf9615c9ec94b1d1cdc407b72d74cd0a078fdce3cb79093442a2c1124e2f,3902,15,e06-noise_safety-r1-p2-gp0-nm17,noise_safety
e07-factorial-r1-p1-gm8-nm25-telemetry.csv,a8276b8730bb271f89c21a60260a5196f3e74285db975b9d65152dad46c9d88e,3842,15,e07-factorial-r1-p1-gm8-nm25,factorial
e08-factorial-r1-p2-gm12-nm22-telemetry.csv,0d18bb010760fb78e081686f8979af1d8fcdee702d4cea66f3ec4fefa30d202b,3868,15,e08-factorial-r1-p2-gm12-nm22,factorial
e09-factorial-r1-p3-gm10-nm22-telemetry.csv,520b949a847db1fd2da9328ca0a94bc80fa4ab53191148f03953811e61b02ece,3887,15,e09-factorial-r1-p3-gm10-nm22,factorial
e10-factorial-r1-p4-gm12-nm25-telemetry.csv,4399460e6dbf00b9656d4f3a8efee5f35412014867297f577fe77c010ad684f4,3887,15,e10-factorial-r1-p4-gm12-nm25,factorial
e11-factorial-r1-p5-gm8-nm22-telemetry.csv,ce2ae4fdaffadd1c1748333f44723ef964ad04cb1a25f8e54f9ba2765635a359,3857,15,e11-factorial-r1-p5-gm8-nm22,factorial
e12-factorial-r1-p6-gm12-nm28-telemetry.csv,589e5ab556a9701c2127615defdf5ed5ca359f364daf8990f01d268fcf1ec656,3887,15,e12-factorial-r1-p6-gm12-nm28,factorial
e13-factorial-r1-p7-gm10-nm25-telemetry.csv,e1df85cff879afeafcbf137ae8456cf66560b585b0e9c5fcc636758e45d5205c,3902,15,e13-factorial-r1-p7-gm10-nm25,factorial
e14-factorial-r1-p8-gm10-nm28-telemetry.csv,aac057872d503d36eb83f7b8d2577d78a72c8e575027755950d7a2d75aba3802,3902,15,e14-factorial-r1-p8-gm10-nm28,factorial
e15-factorial-r1-p9-gm8-nm28-telemetry.csv,e70bf548fb3c567f07997cd416e9ea6af97a281bb94adc53f208b68e44bbb994,3857,15,e15-factorial-r1-p9-gm8-nm28,factorial
e16-factorial-r2-p1-gm10-nm25-telemetry.csv,2c801418e24c317c15c6935f485916706764474326f9496af3e4d8c19f90ec50,3902,15,e16-factorial-r2-p1-gm10-nm25,factorial
e17-factorial-r2-p2-gm10-nm22-telemetry.csv,eff608f607d8f0d74091dbcd06986fc9a3f144d7581688a9d7f43d6261d35321,3902,15,e17-factorial-r2-p2-gm10-nm22,factorial
e18-factorial-r2-p3-gm8-nm25-telemetry.csv,353f3b9d014e925dada71bb87177339a30557438087282da0c90fd6b1b678749,3857,15,e18-factorial-r2-p3-gm8-nm25,factorial
e19-factorial-r2-p4-gm8-nm28-telemetry.csv,9f7aecbb34dd867f6be15ef0c18e955f79315b854970efb64084ae44b16d6337,3857,15,e19-factorial-r2-p4-gm8-nm28,factorial
e20-factorial-r2-p5-gm12-nm25-telemetry.csv,d379446c5eec6021455b1754fb6648a234b9bae5d72f7a24ee79497370a97a5c,3887,15,e20-factorial-r2-p5-gm12-nm25,factorial
e21-factorial-r2-p6-gm12-nm28-telemetry.csv,4a1bf24995e9d444803999e608ca46b20c78a8e0413fb362f2da6c06320210a7,3887,15,e21-factorial-r2-p6-gm12-nm28,factorial
e22-factorial-r2-p7-gm12-nm22-telemetry.csv,cd993b7d2c5f36075a680f09c059ba95f0a09c649a0aacf109144fe8b4d93207,3877,15,e22-factorial-r2-p7-gm12-nm22,factorial
e23-factorial-r2-p8-gm10-nm28-telemetry.csv,3ffc169d16d5f01980e68311ee12372f51bc70098bbf647bec75368d7b8013bd,3902,15,e23-factorial-r2-p8-gm10-nm28,factorial
e24-factorial-r2-p9-gm8-nm22-telemetry.csv,cc7709f2bb21eaa14754fe610765c18e2da8053e39fcf677c78000ef921db3a2,3857,15,e24-factorial-r2-p9-gm8-nm22,factorial
e25-factorial-r3-p1-gm12-nm28-telemetry.csv,13a36c615db4abbe956c80e26de3205f4742383a015f23134692612f33f56c7d,3887,15,e25-factorial-r3-p1-gm12-nm28,factorial
e26-factorial-r3-p2-gm10-nm28-telemetry.csv,1ad01a24b42fa9e3a3d16fb9b73f80e370d530bca31a5f72fb9632618d26d174,3902,15,e26-factorial-r3-p2-gm10-nm28,factorial
e27-factorial-r3-p3-gm10-nm22-telemetry.csv,07e466fdacd86f586df69eafb34b37262a20509d9e10cc1833ed2f1bd335535f,3902,15,e27-factorial-r3-p3-gm10-nm22,factorial
e28-factorial-r3-p4-gm8-nm25-telemetry.csv,b155e29a139dc78e06175878d2aef79877b9c218d43579127e415ff91eabb30e,3857,15,e28-factorial-r3-p4-gm8-nm25,factorial
e29-factorial-r3-p5-gm10-nm25-telemetry.csv,6988bf229e078a1cbc777baa020bca8fb049cd3c8ff97ce89fc07c664a651d75,3902,15,e29-factorial-r3-p5-gm10-nm25,factorial
e30-factorial-r3-p6-gm12-nm22-telemetry.csv,aef708d18acc6206329f9b36a97f2c77e306c1bb07c09873ea858507745519d4,3884,15,e30-factorial-r3-p6-gm12-nm22,factorial
e31-factorial-r3-p7-gm8-nm22-telemetry.csv,b18db8c5ab316984bd73f5aa84ac443911db1c9d2bf75406f51d009be8015eff,3857,15,e31-factorial-r3-p7-gm8-nm22,factorial
e32-factorial-r3-p8-gm8-nm28-telemetry.csv,024e077139e7b4f5b1d0e730168cd961d14d34f7590ea2ad0a74a1bc4da5f8e8,3857,15,e32-factorial-r3-p8-gm8-nm28,factorial
e33-factorial-r3-p9-gm12-nm25-telemetry.csv,300a27e355d0428d496a2250f7ca128a759e05881138c92c00e8b69e9458c6d8,3887,15,e33-factorial-r3-p9-gm12-nm25,factorial
e34-boundary-r1-p1-gm16-nm30-telemetry.csv,544686e5afb503570ae5aaf4ce2cd67b25c7725c1395baab24016c3340798826,3857,15,e34-boundary-r1-p1-gm16-nm30,boundary
e35-boundary-r1-p2-gp0-nm17-telemetry.csv,44cecdefef5645512b17674f4ca688671a6994d27e0c33b9954d4e986971b40b,3797,15,e35-boundary-r1-p2-gp0-nm17,boundary
e36-boundary-r1-p3-gm18-nm35-telemetry.csv,b1b5837fd6d7e68bc988c01af95778dd39003befbeed1d460a242bcc89b4796f,3857,15,e36-boundary-r1-p3-gm18-nm35,boundary
e37-boundary-r1-p4-gm4-nm23-telemetry.csv,a72cf687835f9bca14bc3f682643d4c84d3e96dbfa8ea36f083e9f3c57d8f459,3827,15,e37-boundary-r1-p4-gm4-nm23,boundary
e38-boundary-r2-p1-gm18-nm35-telemetry.csv,87afe01fd23b5b486a1c21110f3f764aeccf397cdf0832cd78d7bf496b8f9e43,3857,15,e38-boundary-r2-p1-gm18-nm35,boundary
e39-boundary-r2-p2-gm4-nm23-telemetry.csv,066d034b94a5be7fa5f9f47b0eef451e2d69ed2be858b0bbebd410128b5f0f93,3827,15,e39-boundary-r2-p2-gm4-nm23,boundary
e40-boundary-r2-p3-gm16-nm30-telemetry.csv,0f87a19f2d0f457753733e346f0d10888b9e8172a0ccfc02556fe29a8a1fc059,3857,15,e40-boundary-r2-p3-gm16-nm30,boundary
e41-boundary-r2-p4-gp0-nm17-telemetry.csv,21d8802ca65252d62520ca2a3e23a0780259d11a6fc2a1adaa1c5410f8f0cb15,3797,15,e41-boundary-r2-p4-gp0-nm17,boundary
e42-boundary-r3-p1-gm16-nm30-telemetry.csv,356bab3607f2b1d6c526e996e431685897b67d0bc8912c73d95d82df723da233,3857,15,e42-boundary-r3-p1-gm16-nm30,boundary
e43-boundary-r3-p2-gm4-nm23-telemetry.csv,918d3813c828ac500ee9c26ce7a7803a87d3d9ae58474b23922f2eae93e5cd5e,3827,15,e43-boundary-r3-p2-gm4-nm23,boundary
e44-boundary-r3-p3-gm18-nm35-telemetry.csv,2656ec8404d518bd184b88581d79cae678d6efcc46c9b4d38c9feb465eb76d23,3857,15,e44-boundary-r3-p3-gm18-nm35,boundary
e45-boundary-r3-p4-gp0-nm17-telemetry.csv,c6bdafa898b8a70c2afffe2102344c0de71ff1e67a910f7726c2e90c671aaeb1,3797,15,e45-boundary-r3-p4-gp0-nm17,boundary
